domain,scheme,x,rep,gen,best_fitness,mean_fitness,best_distance,mean_distance,mean_novelty
evogym,darwinian,0.0,1,0,0.21887687092159477,0.15691588856530375,4.377777005276337,1.8056129247105699,0.2080032204075569
evogym,darwinian,0.0,1,1,0.21887687092159477,0.15691588856530375,4.377777005276337,1.8056129247105699,0.2080032204075569
evogym,darwinian,0.0,1,2,0.21887687092159477,0.15749415870118672,4.646353329839907,1.838020687073896,0.19964248691837053
evogym,darwinian,0.0,1,3,0.21887687092159477,0.1645883947857863,4.410803728707573,1.8420006905151751,0.20704336492379666
evogym,darwinian,0.0,1,4,0.22675476340935508,0.16950510283127332,4.410803728707573,1.755969264486152,0.2049691840450294
evogym,darwinian,0.0,1,5,0.22675476340935508,0.18008875374905414,4.108718321465981,1.5466462928726767,0.2135637161645128
evogym,darwinian,0.0,1,6,0.22715738112447353,0.18700521176514534,4.245304348363384,1.6026064974355798,0.22381021346903535
evogym,darwinian,0.0,1,7,0.22000916936071002,0.18627128134527193,4.054505977666491,1.4235229000890846,0.23098020097875566
evogym,darwinian,0.0,1,8,0.22066675699065544,0.18830797829964735,4.447422384975565,1.6354020807856968,0.2369873036793248
evogym,darwinian,0.0,1,9,0.22861531329079157,0.1883447026516309,4.078491048494674,1.575522875368675,0.23338418956346324
evogym,darwinian,0.0,1,10,0.22861531329079157,0.17617940750655908,3.4036536510967563,1.5706245335318738,0.22956922966905177
evogym,darwinian,0.0,1,11,0.21658048176653244,0.18198706707961873,3.7553780034821127,1.5129237469307357,0.2390897048702581
evogym,darwinian,0.0,1,12,0.20483216272192636,0.1732749890912328,3.7553780034821127,1.8108043335977686,0.22452918842417904
evogym,darwinian,0.0,1,13,0.20483216272192636,0.17935872991713356,3.3071052351463224,1.7075545698893762,0.22657766283900474
evogym,darwinian,0.0,1,14,0.223225698683356,0.1786351448120422,3.77843449704909,1.6877873824567238,0.2132278484975907
evogym,darwinian,0.0,1,15,0.223225698683356,0.18938085774627286,4.773611365420844,1.718132989940965,0.2229417076330605
evogym,darwinian,0.0,1,16,0.223225698683356,0.18793101175986182,2.894462672776928,1.5252031739312968,0.22666433865722552
evogym,darwinian,0.0,1,17,0.223225698683356,0.19105196194060217,3.9940060192401647,1.454303545285428,0.23169880291335976
evogym,darwinian,0.0,1,18,0.223225698683356,0.18262563724629402,3.1969784611059673,1.4724184683848,0.23616158392846667
evogym,darwinian,0.0,1,19,0.21225871719346828,0.18326245496890492,3.2744614509631385,1.4087804949634548,0.2392466087609635
evogym,darwinian,0.0,1,20,0.20523398950524474,0.16773985119348175,3.7724164265437956,1.6272767577462024,0.23353078812338204
evogym,darwinian,0.0,1,21,0.2032613302010901,0.15466700466270233,5.253923124138055,1.5254246707643786,0.22692416647488223
evogym,darwinian,0.0,1,22,0.2059847448866219,0.15221863353876747,5.253923124138055,1.6726444851621802,0.2139140140732912
evogym,darwinian,0.0,1,23,0.20969310638883273,0.17080214278996006,3.7338177948634366,1.6119692262247312,0.21538292157448882
evogym,darwinian,0.0,1,24,0.22607205016723209,0.17921873542934702,3.7338177948634366,1.3515423199139542,0.21653553753736327
evogym,darwinian,0.0,1,25,0.2786203463423069,0.18933332446174964,3.7338177948634366,1.3880783398968706,0.2248718004647105
evogym,darwinian,0.0,1,26,0.2786203463423069,0.18362173479443686,3.7338177948634366,1.2756792554357044,0.2168834561547679
evogym,darwinian,0.0,1,27,0.4187115288730972,0.1950760176727009,3.323570121161545,1.2139489224598323,0.2314881723651911
evogym,darwinian,0.0,1,28,0.4187115288730972,0.1957440065775745,4.144716612841466,1.1126082793557077,0.23869602759261865
evogym,darwinian,0.0,1,29,0.4187115288730972,0.19309818677050825,5.4581766941282615,1.7601655677730537,0.2264735785907047
evogym,darwinian,0.0,1,30,0.4187115288730972,0.2254334626608146,4.144716612841466,1.052182087726004,0.2369768552053491
evogym,darwinian,0.0,2,0,0.2039529754492951,0.16794694272263821,2.991712572509197,1.3836945378630123,0.21853656436546257
evogym,darwinian,0.0,2,1,0.2039529754492951,0.16794694272263821,2.991712572509197,1.3836945378630123,0.21853656436546257
evogym,darwinian,0.0,2,2,0.21537964802196605,0.16856663383542336,3.967926912638038,1.5032560236549175,0.20581365556431147
evogym,darwinian,0.0,2,3,0.21537964802196605,0.17463564421386282,3.4292942669535122,1.434996243250926,0.21315596070781262
evogym,darwinian,0.0,2,4,0.2186287806180206,0.1743474608046262,4.088584027654977,1.438161987092166,0.2179900453216974
evogym,darwinian,0.0,2,5,0.2186287806180206,0.16313277709812388,3.2283480885127114,1.4131653285116803,0.2143310687052809
evogym,darwinian,0.0,2,6,0.21025652034964784,0.16795223348631674,2.957897374352102,1.1435251272881746,0.21966504124214858
evogym,darwinian,0.0,2,7,0.21025652034964784,0.17668330378123503,3.2889715725986295,1.202629419856995,0.22410130961575986
evogym,darwinian,0.0,2,8,0.20492817717350828,0.174089864092718,3.2889715725986295,0.996471363242353,0.22455471379017636
evogym,darwinian,0.0,2,9,0.209519243806253,0.17077418911453227,4.672835072983431,1.1679728165425975,0.2300973021526806
evogym,darwinian,0.0,2,10,0.22780859514786858,0.16473942558721008,3.079504837360519,1.3577996503707062,0.22383439768968932
evogym,darwinian,0.0,2,11,0.22886986092619238,0.18108622609769282,3.079504837360519,1.030444032880189,0.2348115140887279
evogym,darwinian,0.0,2,12,0.21231938039487505,0.17341097624158197,3.079504837360519,1.2114568212750045,0.23973137567209096
evogym,darwinian,0.0,2,13,0.21231938039487505,0.16372387020452417,3.551181623351809,1.2279216126378538,0.23335012751317002
evogym,darwinian,0.0,2,14,0.21453132162629304,0.16824632225084862,3.77277991253228,1.4219143435615795,0.23504795633729536
evogym,darwinian,0.0,2,15,0.21630838195324573,0.1708297975432808,3.855914927242318,1.3358760659049067,0.23245236691959592
evogym,darwinian,0.0,2,16,0.21630838195324573,0.16413888000414784,3.5371055873600756,1.2590193759109276,0.21202092538110312
evogym,darwinian,0.0,2,17,0.22464340710876704,0.1833528384067865,3.5371055873600756,1.3037142727566784,0.21450271027560136
evogym,darwinian,0.0,2,18,0.22464340710876704,0.18597967096306206,4.196489233498046,1.587275300787872,0.21437144130837785
evogym,darwinian,0.0,2,19,0.2513535182154162,0.19375313842557598,3.5371055873600756,1.4274167145118482,0.23140448388729143
evogym,darwinian,0.0,2,20,0.2513535182154162,0.17585699810663555,4.6064192304485125,1.7859883956443927,0.22283466429664428
evogym,darwinian,0.0,2,21,0.2513535182154162,0.18996801475009617,3.9486930983147808,1.5710071379199044,0.2374398458529118
evogym,darwinian,0.0,2,22,0.2513535182154162,0.1869840117288494,3.6638900177801785,1.6183220396106506,0.242744203646264
evogym,darwinian,0.0,2,23,0.23852994656827947,0.18446415450344505,4.247559525464776,1.3337297600907538,0.24760393278144704
evogym,darwinian,0.0,2,24,0.24146658706959484,0.17964422511273243,5.076525506630629,1.6349939304470387,0.23709737009530948
evogym,darwinian,0.0,2,25,0.27736675014447004,0.20036347041525518,5.076525506630629,1.5399819919771525,0.2359764653079029
evogym,darwinian,0.0,2,26,0.3172449100541885,0.20197745800588232,4.181295292728883,1.4995027562688419,0.2508465626474696
evogym,darwinian,0.0,2,27,0.32520357846109704,0.19533274299770179,3.427347465685814,1.1235283303916357,0.24754391605567877
evogym,darwinian,0.0,2,28,0.32520357846109704,0.2129723946089072,2.8756763979624727,1.0725106241080655,0.24628890999777048
evogym,darwinian,0.0,2,29,0.32941362769789434,0.22398169867485648,3.076926277757044,1.025938526557614,0.24781290343661877
evogym,darwinian,0.0,2,30,0.3296485858208339,0.23302082549571593,5.925581834924123,1.1895842204857692,0.2423022826585972
evogym,darwinian,0.0,3,0,0.21604715043421066,0.18935894549421314,3.7414503152805842,1.4227937608530374,0.2683356947009382
evogym,darwinian,0.0,3,1,0.21604715043421066,0.18935894549421314,3.7414503152805842,1.4227937608530374,0.2683356947009382
evogym,darwinian,0.0,3,2,0.21604715043421066,0.18717565989965887,3.7414503152805842,1.3501670969298512,0.241793454863601
evogym,darwinian,0.0,3,3,0.21607968823530138,0.1860650174056778,3.5171187213706863,1.3728373092003243,0.24598432077832344
evogym,darwinian,0.0,3,4,0.21276838759061728,0.175493335568366,3.824989931757495,1.4234323225538046,0.22998586638406718
evogym,darwinian,0.0,3,5,0.21552326684249132,0.17466833431834472,3.824989931757495,1.559385645348042,0.22530633980704368
evogym,darwinian,0.0,3,6,0.21552326684249132,0.17709672527156436,5.340830408336725,1.280654178098442,0.22937253334683452
evogym,darwinian,0.0,3,7,0.22067160273607553,0.17176535737448256,5.340830408336725,1.2135254135780102,0.22836760618463967
evogym,darwinian,0.0,3,8,0.22906245322467989,0.1832385594293106,3.6218106316892666,1.5220745072175197,0.23376807911026357
evogym,darwinian,0.0,3,9,0.2356048159553987,0.1852243979276113,2.9091615006961193,1.1751632602617286,0.22545139706155984
evogym,darwinian,0.0,3,10,0.2356048159553987,0.198625927396977,2.9091615006961193,1.35672617185766,0.23579630549166222
evogym,darwinian,0.0,3,11,0.2356048159553987,0.19530660849162726,3.8446316364049107,1.4303120591557354,0.24414886636130867
evogym,darwinian,0.0,3,12,0.2356048159553987,0.1868992839213458,3.8446316364049107,1.722586755157155,0.23635761984204873
evogym,darwinian,0.0,3,13,0.23673099793554708,0.1826006791753267,3.8446316364049107,1.535749778009715,0.22692350834589425
evogym,darwinian,0.0,3,14,0.24071990661777837,0.2037411370711839,3.8446316364049107,1.410951720784276,0.25079722053602593
evogym,darwinian,0.0,3,15,0.2450763779507817,0.20138630294626853,3.234973478376661,1.4966495014297987,0.2526355033056007
evogym,darwinian,0.0,3,16,0.2450763779507817,0.19602380039068149,3.388166195284449,1.5317341339089947,0.2570081923394981
evogym,darwinian,0.0,3,17,0.2450763779507817,0.1981315068413756,3.388166195284449,1.4618515939006254,0.2668810679678697
evogym,darwinian,0.0,3,18,0.21390736255932816,0.17963263086856984,4.035510406419984,1.2755766095084469,0.24999729740547427
evogym,darwinian,0.0,3,19,0.21390736255932816,0.17805986255478498,4.035510406419984,1.755780672822635,0.2337845599224356
evogym,darwinian,0.0,3,20,0.21692114288442993,0.18938103510125998,3.5903056297921783,1.5408136691378713,0.23641630885576626
evogym,darwinian,0.0,3,21,0.21788579306387248,0.18329748977252627,3.388166195284449,1.2405442169273466,0.22618419527112002
evogym,darwinian,0.0,3,22,0.21788579306387248,0.18519200874615888,3.388166195284449,1.5671774304400239,0.22494408651838413
evogym,darwinian,0.0,3,23,0.21857104433489477,0.18577894582333876,3.388166195284449,1.4185681454922476,0.22949685586952437
evogym,darwinian,0.0,3,24,0.220538047112854,0.18385108193785935,4.1355344668177585,1.410423589283088,0.22862656082031263
evogym,darwinian,0.0,3,25,0.2981251735437623,0.19281608341365614,3.6595894316174133,1.5325608804079383,0.22990767854271804
evogym,darwinian,0.0,3,26,0.2981251735437623,0.19316202650136188,3.752058618619715,1.2857953492127074,0.2354242031311881
evogym,darwinian,0.0,3,27,0.2981251735437623,0.18790278413013797,3.752058618619715,1.3125483821437223,0.23176926268094547
evogym,darwinian,0.0,3,28,0.2981251735437623,0.1888084829621648,3.6595894316174133,1.1385057084838124,0.22580772217493023
evogym,darwinian,0.0,3,29,0.34120731001808113,0.20527577297294625,3.6595894316174133,1.2684046530010702,0.2364263897380834
evogym,darwinian,0.0,3,30,0.34120731001808113,0.2135123019658193,3.6595894316174133,1.125971285042863,0.22986762962301183
evogym,darwinian,0.5,1,0,0.38834104991662843,0.27530209744723705,2.9313077252263393,1.4630647641973893,0.25915121406474817
evogym,darwinian,0.5,1,1,0.38834104991662843,0.27530209744723705,2.9313077252263393,1.4630647641973893,0.25915121406474817
evogym,darwinian,0.5,1,2,0.42436070112744756,0.2791829500874074,3.9980202969835883,1.5578478170442644,0.22879619920397215
evogym,darwinian,0.5,1,3,0.42436070112744756,0.32730681946450113,4.113828077079094,2.0966536243543974,0.20585870513666152
evogym,darwinian,0.5,1,4,0.42835684002105534,0.34227382341163104,4.113828077079094,2.377029158025637,0.17855022146192973
evogym,darwinian,0.5,1,5,0.44856414893814084,0.3563330682689456,4.672812854104304,2.6706340302667897,0.17589272978714685
evogym,darwinian,0.5,1,6,0.44856414893814084,0.3735031569796895,4.719524946749968,3.083891958520536,0.14936719947774363
evogym,darwinian,0.5,1,7,0.45830393983199424,0.3725342662920191,4.777590830886281,3.1517331052817883,0.14921305395039064
evogym,darwinian,0.5,1,8,0.45830393983199424,0.383207015046628,4.871507242823237,3.4776249801140926,0.13751431204240602
evogym,darwinian,0.5,1,9,0.47414229506774586,0.37169087959342206,5.9119387928628,3.5872881199157107,0.15069375520456665
evogym,darwinian,0.5,1,10,0.47414229506774586,0.37856156665220375,5.9119387928628,3.658439090968879,0.15067240306114002
evogym,darwinian,0.5,1,11,0.47414229506774586,0.38706228770659606,5.9119387928628,3.808307087152822,0.14303858504787406
evogym,darwinian,0.5,1,12,0.47414229506774586,0.37645423190524974,5.9119387928628,3.7435375567377513,0.13365909082209135
evogym,darwinian,0.5,1,13,0.47414229506774586,0.3931713234742082,5.9119387928628,3.9199013518368835,0.14057514399342233
evogym,darwinian,0.5,1,14,0.47414229506774586,0.3848682715226689,5.9119387928628,3.8619131993240225,0.13605590087482347
evogym,darwinian,0.5,1,15,0.47414229506774586,0.40292044777369573,5.9119387928628,4.177754085569528,0.1252931608458239
evogym,darwinian,0.5,1,16,0.47414229506774586,0.3880817017907056,5.9119387928628,3.9492289611646307,0.13933215043644315
evogym,darwinian,0.5,1,17,0.47414229506774586,0.3973574617869349,5.9119387928628,4.122929923456788,0.1343251323357318
evogym,darwinian,0.5,1,18,0.47414229506774586,0.40516638725298487,5.9119387928628,4.234464863027084,0.14252952698327673
evogym,darwinian,0.5,1,19,0.47679617746292124,0.3963058784505516,6.166117911524103,4.296963598014147,0.13876546559897576
evogym,darwinian,0.5,1,20,0.5026977965576234,0.3983724140037777,6.204171411141929,4.3857890140933025,0.1345029376710269
evogym,darwinian,0.5,1,21,0.5026977965576234,0.3952350648616961,6.204171411141929,4.324879917738476,0.1423494305146438
evogym,darwinian,0.5,1,22,0.5154282052403053,0.394069857737358,6.831422365557931,4.532102228254044,0.13898746630722525
evogym,darwinian,0.5,1,23,0.5154282052403053,0.407170143456169,6.831422365557931,4.752402187762848,0.13778004348954592
evogym,darwinian,0.5,1,24,0.5154282052403053,0.3927894949567462,6.831422365557931,4.596269160307644,0.13769540934906072
evogym,darwinian,0.5,1,25,0.5154282052403053,0.4023444320254003,6.831422365557931,4.71974145143365,0.14409049317978595
evogym,darwinian,0.5,1,26,0.5514311242067659,0.38564878035323386,7.2878865081739495,4.655238621685394,0.13469670649878498
evogym,darwinian,0.5,1,27,0.5514311242067659,0.3873769538400784,7.2878865081739495,4.682159924252288,0.13388764926379954
evogym,darwinian,0.5,1,28,0.5514311242067659,0.3867789352080641,7.2878865081739495,4.709271309530519,0.12743122720194264
evogym,darwinian,0.5,1,29,0.5514311242067659,0.4057278814034454,7.2878865081739495,4.970300497908614,0.12806165151279733
evogym,darwinian,0.5,1,30,0.5514311242067659,0.397514865922956,7.2878865081739495,4.815903247251123,0.13166535604994595
evogym,darwinian,0.5,2,0,0.3406031378837111,0.21918054112987811,3.4655773500054545,1.5183795384196346,0.24055901582172026
evogym,darwinian,0.5,2,1,0.3406031378837111,0.21918054112987811,3.4655773500054545,1.5183795384196346,0.24055901582172026
evogym,darwinian,0.5,2,2,0.41451592806801196,0.22771034544900598,5.5015130393145855,1.6684535543540058,0.20307178116330626
evogym,darwinian,0.5,2,3,0.41451592806801196,0.26399468905933443,5.5015130393145855,2.212755094441982,0.1829755682798617
evogym,darwinian,0.5,2,4,0.41451592806801196,0.2754638018526962,5.5015130393145855,2.4129396912160352,0.18933649481450227
evogym,darwinian,0.5,2,5,0.4352523310460439,0.2765540630766722,7.050084571021374,2.750457787054539,0.1818056152448019
evogym,darwinian,0.5,2,6,0.4352523310460439,0.295459422653386,7.050084571021374,3.0619489297233486,0.17996040753995574
evogym,darwinian,0.5,2,7,0.4352523310460439,0.3106191678186177,7.050084571021374,3.373364323143323,0.17054681265007504
evogym,darwinian,0.5,2,8,0.4352523310460439,0.3127062100633985,7.050084571021374,3.504673958725237,0.1618574934646459
evogym,darwinian,0.5,2,9,0.44218039910738105,0.3341519711393716,7.050084571021374,3.910347670134828,0.15794801365999744
evogym,darwinian,0.5,2,10,0.46843580294275744,0.33910027370983725,7.690595419315672,4.2211508164040294,0.14663214110383962
evogym,darwinian,0.5,2,11,0.4714963680969535,0.33218418554792384,7.719329842408461,4.173996061860965,0.14368468663516093
evogym,darwinian,0.5,2,12,0.4714963680969535,0.3526288652747286,7.719329842408461,4.5487341008931335,0.13463672857074938
evogym,darwinian,0.5,2,13,0.4714963680969535,0.3599308632188848,7.719329842408461,4.668513247277467,0.1365565065941581
evogym,darwinian,0.5,2,14,0.4714963680969535,0.37072909618313943,7.719329842408461,4.961651305460193,0.12705030890418628
evogym,darwinian,0.5,2,15,0.4714963680969535,0.3774336609221835,7.719329842408461,5.106797122080229,0.12475285443006501
evogym,darwinian,0.5,2,16,0.47243417220310563,0.36982060412457723,7.729821762946767,5.064066224749628,0.11860809505582312
evogym,darwinian,0.5,2,17,0.47243417220310563,0.37525034602328977,7.729821762946767,5.17945913240404,0.12051776289278837
evogym,darwinian,0.5,2,18,0.47243417220310563,0.37902049053446346,7.729821762946767,5.192520947861449,0.1310991300474258
evogym,darwinian,0.5,2,19,0.47243417220310563,0.3702776607111598,7.729821762946767,5.131798724787005,0.12786505000995388
evogym,darwinian,0.5,2,20,0.47243417220310563,0.3670833435093347,7.729821762946767,5.132696023226458,0.12736600213133265
evogym,darwinian,0.5,2,21,0.47243417220310563,0.3695030617331571,7.729821762946767,5.198065476046141,0.1256720890988835
evogym,darwinian,0.5,2,22,0.486290437776511,0.37986155762029183,7.977204270172782,5.479692942692491,0.13090420052813728
evogym,darwinian,0.5,2,23,0.504501993006061,0.36632662769115554,8.74452042851623,5.5067766731286785,0.12343831790005544
evogym,darwinian,0.5,2,24,0.504501993006061,0.3646114835369815,8.74452042851623,5.465492896132555,0.12422691184894545
evogym,darwinian,0.5,2,25,0.504501993006061,0.3701565584873937,8.74452042851623,5.563624551721867,0.12584874102584884
evogym,darwinian,0.5,2,26,0.504501993006061,0.38907938097739225,8.74452042851623,5.964579444465256,0.12030200840686042
evogym,darwinian,0.5,2,27,0.530928647098527,0.3791850743608814,9.232487959978657,5.880813440796751,0.12423099655052003
evogym,darwinian,0.5,2,28,0.530928647098527,0.36512011410004636,9.232487959978657,5.58435936015297,0.12675615120987183
evogym,darwinian,0.5,2,29,0.530928647098527,0.37409675237782564,9.232487959978657,5.768522047325461,0.12478698452685452
evogym,darwinian,0.5,2,30,0.530928647098527,0.38684012028253034,9.232487959978657,6.006563644989628,0.12425169327760308
evogym,darwinian,0.5,3,0,0.4401698245055978,0.2736643570148988,4.684037559719009,1.7296940592571868,0.24678670424405502
evogym,darwinian,0.5,3,1,0.4401698245055978,0.2736643570148988,4.684037559719009,1.7296940592571868,0.24678670424405502
evogym,darwinian,0.5,3,2,0.4401698245055978,0.28204050893207905,4.684037559719009,1.850004230154316,0.21990785475041363
evogym,darwinian,0.5,3,3,0.4401698245055978,0.3272663903286284,4.684037559719009,2.456343570426589,0.1991809369246084
evogym,darwinian,0.5,3,4,0.4401698245055978,0.34067494410776383,4.684037559719009,2.77914583742327,0.18182430653834764
evogym,darwinian,0.5,3,5,0.4401698245055978,0.35232560937611657,4.70860283935403,3.2767036814762776,0.16848407322092768
evogym,darwinian,0.5,3,6,0.5363619603109121,0.29326076506594634,7.311248425593071,3.1782045375088863,0.1599356632699016
evogym,darwinian,0.5,3,7,0.5363619603109121,0.30900974402447945,7.311248425593071,3.363150657881806,0.16392412735493928
evogym,darwinian,0.5,3,8,0.5363619603109121,0.31529390764151305,7.311248425593071,3.4351985397725677,0.17076163204483732
evogym,darwinian,0.5,3,9,0.5363619603109121,0.3204500225216136,7.311248425593071,3.5018478296848663,0.17234846498986073
evogym,darwinian,0.5,3,10,0.5363619603109121,0.3250352819809249,7.311248425593071,3.629189806015588,0.16490367066018427
evogym,darwinian,0.5,3,11,0.5363619603109121,0.3295879913324379,7.311248425593071,3.750084469856026,0.16201109138019615
evogym,darwinian,0.5,3,12,0.5401285672576266,0.33136913262005646,7.576872497912841,3.83852464838482,0.16186370762235863
evogym,darwinian,0.5,3,13,0.5401285672576266,0.3261696827402847,7.576872497912841,3.7115692533445768,0.1658364814950083
evogym,darwinian,0.5,3,14,0.5401285672576266,0.33235812986021895,7.576872497912841,3.92060312275731,0.15208561357123276
evogym,darwinian,0.5,3,15,0.5401285672576266,0.33174029515702175,7.576872497912841,3.8933546058726796,0.15649381892211883
evogym,darwinian,0.5,3,16,0.5401285672576266,0.33146233887242504,7.576872497912841,3.9352250252945744,0.15060514502284425
evogym,darwinian,0.5,3,17,0.5401285672576266,0.3418667234804131,7.576872497912841,4.117895629477803,0.1481997387946929
evogym,darwinian,0.5,3,18,0.5401285672576266,0.3465526964430712,7.576872497912841,4.209967185541385,0.14470012482470213
evogym,darwinian,0.5,3,19,0.5401285672576266,0.34253935455644846,7.576872497912841,4.116313315639537,0.1498531467162401
evogym,darwinian,0.5,3,20,0.5401285672576266,0.352932830479192,7.576872497912841,4.338671594924453,0.14059464971929378
evogym,darwinian,0.5,3,21,0.5401285672576266,0.3543718151853713,7.576872497912841,4.395725719089375,0.13515473563170194
evogym,darwinian,0.5,3,22,0.5401285672576266,0.3502744876773972,7.576872497912841,4.307071683936141,0.1392048946534436
evogym,darwinian,0.5,3,23,0.5401285672576266,0.3595473647621559,7.576872497912841,4.409556084517943,0.14334505516170637
evogym,darwinian,0.5,3,24,0.5401285672576266,0.35792122423206313,7.576872497912841,4.437118295117687,0.13721443338137682
evogym,darwinian,0.5,3,25,0.5401285672576266,0.35986607452546915,7.576872497912841,4.476513811757573,0.1362156311561246
evogym,darwinian,0.5,3,26,0.5401285672576266,0.3562181042713483,7.576872497912841,4.408682647992174,0.13729531157679015
evogym,darwinian,0.5,3,27,0.5454125560543244,0.36913020022557674,7.576872497912841,4.6712282953485,0.12815662936880956
evogym,darwinian,0.5,3,28,0.5454125560543244,0.3644341301449175,7.576872497912841,4.578367825175187,0.131536868411369
evogym,darwinian,0.5,3,29,0.5454125560543244,0.3622547993182591,7.576872497912841,4.535502667018072,0.13162939553398023
evogym,darwinian,0.5,3,30,0.5454125560543244,0.37617257068102417,7.576872497912841,4.716165016854479,0.13514675118936403
evogym,darwinian,1.0,1,0,0.668896741911193,0.28647753561319067,5.019426530669978,1.4952184458999889,0.260624155992243
evogym,darwinian,1.0,1,1,0.668896741911193,0.28647753561319067,5.019426530669978,1.4952184458999889,0.260624155992243
evogym,darwinian,1.0,1,2,0.668896741911193,0.3115144121475851,5.019426530669978,1.600464434553357,0.22508919148348344
evogym,darwinian,1.0,1,3,0.668896741911193,0.383471698669735,5.019426530669978,1.9776590073092877,0.2101400342664342
evogym,darwinian,1.0,1,4,0.7329722290320703,0.4634147911235294,5.019426530669978,2.4464153770217867,0.1925055475668278
evogym,darwinian,1.0,1,5,0.7605045804243158,0.5341973414777743,5.019426530669978,2.8510998542459807,0.16441545196378932
evogym,darwinian,1.0,1,6,0.7605045804243158,0.5908877283766849,5.019426530669978,3.2473403981739764,0.13704671371107074
evogym,darwinian,1.0,1,7,0.7605045804243158,0.5956638988575029,5.019426530669978,3.3624512609149404,0.1362049958794473
evogym,darwinian,1.0,1,8,0.7695471355746055,0.5823317041967365,6.040830997657103,3.5783459918951883,0.13806187495548491
evogym,darwinian,1.0,1,9,0.7695471355746055,0.5935459839921117,6.040830997657103,3.6583408615320345,0.13713676478611878
evogym,darwinian,1.0,1,10,0.7695471355746055,0.6117832157187248,6.040830997657103,3.7685088962576136,0.12039117081662991
evogym,darwinian,1.0,1,11,0.7695471355746055,0.6114295330264423,6.040830997657103,3.7783473934043066,0.13073653810931363
evogym,darwinian,1.0,1,12,0.7695471355746055,0.6313908168419932,6.040830997657103,3.911211230625937,0.11690275991664005
evogym,darwinian,1.0,1,13,0.7695471355746055,0.6055953807328576,6.040830997657103,3.8141471438786425,0.1259381141172097
evogym,darwinian,1.0,1,14,0.7695471355746055,0.6092063207513089,6.040830997657103,3.8630844258269397,0.1239096859351511
evogym,darwinian,1.0,1,15,0.7695471355746055,0.5903897580261749,6.040830997657103,3.7553597511553476,0.12778230038346952
evogym,darwinian,1.0,1,16,0.7695471355746055,0.6107854105891226,6.040830997657103,3.911534713803994,0.12536512894101054
evogym,darwinian,1.0,1,17,0.7695471355746055,0.5907364990825946,6.040830997657103,3.8086139340558858,0.11642915618318013
evogym,darwinian,1.0,1,18,0.7695471355746055,0.5930879764459992,6.040830997657103,3.8595532266940586,0.1129188510987158
evogym,darwinian,1.0,1,19,0.7695471355746055,0.5901145942412643,6.040830997657103,3.847924550884521,0.11148274736648842
evogym,darwinian,1.0,1,20,0.7695471355746055,0.5946412076690584,6.040830997657103,3.9039564899494605,0.12383458479125002
evogym,darwinian,1.0,1,21,0.7695471355746055,0.6318754503682105,6.040830997657103,4.201816735552,0.12148508821643611
evogym,darwinian,1.0,1,22,0.8570227263428402,0.5832960758202369,6.727501424747388,4.095776474063186,0.12528865493372776
evogym,darwinian,1.0,1,23,0.8570227263428402,0.5875118623929532,6.727501424747388,4.145572857891766,0.11806973154069504
evogym,darwinian,1.0,1,24,0.8570227263428402,0.6089056075538412,6.727501424747388,4.364485867021087,0.12136609865889239
evogym,darwinian,1.0,1,25,0.8570227263428402,0.5968706387550023,6.727501424747388,4.33378405944161,0.12307134872802598
evogym,darwinian,1.0,1,26,0.8570227263428402,0.6171668130456807,6.727501424747388,4.535484783950985,0.12211606821320342
evogym,darwinian,1.0,1,27,0.9559464427742506,0.5939038371113043,7.504037942131866,4.583250805533385,0.10843909850697608
evogym,darwinian,1.0,1,28,1.0,0.5895726494999574,7.8498518393503405,4.628057947107893,0.11105739383285722
evogym,darwinian,1.0,1,29,1.0,0.5920369927953651,7.8498518393503405,4.647402676858144,0.10990381458542722
evogym,darwinian,1.0,1,30,1.0,0.6060781678700062,7.8498518393503405,4.757623820844455,0.11028001981009301
evogym,darwinian,1.0,2,0,0.7131171407834698,0.39493502702708205,3.9959720806052754,1.7300961268973585,0.21845857566792107
evogym,darwinian,1.0,2,1,0.7131171407834698,0.39493502702708205,3.9959720806052754,1.7300961268973585,0.21845857566792107
evogym,darwinian,1.0,2,2,0.7131171407834698,0.4318171855733164,3.9959720806052754,1.9048944249278772,0.19186514154597914
evogym,darwinian,1.0,2,3,0.7722866989163769,0.5135398888261233,4.32753037418532,2.388542457984479,0.16838434363732974
evogym,darwinian,1.0,2,4,0.7722866989163769,0.561762661406986,4.32753037418532,2.677151014257507,0.16616395656489774
evogym,darwinian,1.0,2,5,0.7722866989163769,0.5931841964657434,4.425299410499392,2.9195211573003754,0.16292707004484427
evogym,darwinian,1.0,2,6,0.7722866989163769,0.5875718315869988,4.887909219652568,3.1082212240567726,0.15843127073929134
evogym,darwinian,1.0,2,7,0.7722866989163769,0.5942405937835848,4.887909219652568,3.2028600448519575,0.1625434326243431
evogym,darwinian,1.0,2,8,0.7722866989163769,0.5905611286468284,5.603528301416343,3.4333296341398287,0.14359798860231104
evogym,darwinian,1.0,2,9,0.7722866989163769,0.6139223444701547,5.603528301416343,3.6524203525573133,0.11589367223664251
evogym,darwinian,1.0,2,10,0.7722866989163769,0.6099664259828873,5.603528301416343,3.6745260356628173,0.09796171708706719
evogym,darwinian,1.0,2,11,0.7758329695030051,0.6143489167078008,5.603528301416343,3.7897658370654694,0.10123677022313142
evogym,darwinian,1.0,2,12,0.7758329695030051,0.6308794550109952,5.603528301416343,4.107844116278415,0.08536472252202601
evogym,darwinian,1.0,2,13,0.7311865993221471,0.5961729923472008,6.692438082024279,4.285057140763569,0.06741671648787718
evogym,darwinian,1.0,2,14,0.7311865993221471,0.6104661954679478,6.692438082024279,4.507375446998243,0.07015470350699005
evogym,darwinian,1.0,2,15,0.7311865993221471,0.6048603047975863,6.791288452299465,4.615764842089949,0.067366040708406
evogym,darwinian,1.0,2,16,0.7323133702171297,0.5740372090431747,6.791288452299465,4.4946393393554045,0.056849382485381475
evogym,darwinian,1.0,2,17,0.7891574867712862,0.549133223641504,7.417309011831266,4.598202463508401,0.0728190112271119
evogym,darwinian,1.0,2,18,0.967001182721348,0.520333961762333,9.088865920028073,4.7500516473803405,0.0769352258888976
evogym,darwinian,1.0,2,19,0.967001182721348,0.5523184144070546,9.088865920028073,5.0636765545184,0.07080904117186106
evogym,darwinian,1.0,2,20,0.967001182721348,0.5736005507800771,9.088865920028073,5.278153707369526,0.07849584269488488
evogym,darwinian,1.0,2,21,0.967001182721348,0.6302424404370287,9.088865920028073,5.816288311362604,0.06772114203465403
evogym,darwinian,1.0,2,22,0.967001182721348,0.6149113958921262,9.088865920028073,5.682880902095692,0.08548706946739862
evogym,darwinian,1.0,2,23,0.967001182721348,0.6228247714453766,9.088865920028073,5.769489144578226,0.07400356094304436
evogym,darwinian,1.0,2,24,0.967001182721348,0.6380515454672427,9.088865920028073,5.916925031174249,0.072258657545063
evogym,darwinian,1.0,2,25,1.0,0.6600843651680782,9.39902254767679,6.204147831583688,0.06787968919913037
evogym,darwinian,1.0,2,26,1.0,0.615921615663005,9.39902254767679,5.7890611532181,0.07985550443326637
evogym,darwinian,1.0,2,27,1.0,0.6582552560799265,9.39902254767679,6.186955994021986,0.07081480419278312
evogym,darwinian,1.0,2,28,1.0,0.6331784280746845,9.39902254767679,5.951258322176507,0.07930772238756709
evogym,darwinian,1.0,2,29,1.0,0.6219981029177217,9.39902254767679,5.846174193935856,0.07626384492055896
evogym,darwinian,1.0,2,30,1.0,0.6486363442617472,9.39902254767679,6.09654762495881,0.0757115991488285
evogym,darwinian,1.0,3,0,0.5959995207621214,0.3198665104954116,3.6732361770546023,1.478221575540585,0.23356363740369077
evogym,darwinian,1.0,3,1,0.5959995207621214,0.3198665104954116,3.6732361770546023,1.478221575540585,0.23356363740369077
evogym,darwinian,1.0,3,2,0.6455730214349036,0.3458308382462743,3.9787652416781003,1.6433889437719411,0.19948769296051244
evogym,darwinian,1.0,3,3,0.6455730214349036,0.40225307964783263,4.509975096784054,2.1498858994628676,0.17883814180824248
evogym,darwinian,1.0,3,4,0.6815270699429373,0.41512402980445984,5.5536852009584186,2.5113788167388678,0.13796741895652764
evogym,darwinian,1.0,3,5,0.6815270699429373,0.46086205796806323,6.1631529038102775,3.021017776738969,0.12824916716921617
evogym,darwinian,1.0,3,6,0.6827018998959182,0.4980850350477123,6.1631529038102775,3.3922814271612367,0.11605055950288323
evogym,darwinian,1.0,3,7,0.6827018998959182,0.5092069601266694,6.1631529038102775,3.5959401262742525,0.107410220958048
evogym,darwinian,1.0,3,8,0.6827018998959182,0.540410131895227,6.1631529038102775,3.9040332716211865,0.09943626156644989
evogym,darwinian,1.0,3,9,0.6832410002051904,0.5283707612380295,6.1631529038102775,3.882738959963646,0.10630361286065612
evogym,darwinian,1.0,3,10,0.6908999490878408,0.509663885004995,6.423903265678513,3.958963100051021,0.10646487203565654
evogym,darwinian,1.0,3,11,0.9248879287107472,0.4881867897507826,8.599494895716397,4.273545543099825,0.09500935597071752
evogym,darwinian,1.0,3,12,0.9248879287107472,0.4840798115571537,8.599494895716397,4.2382276050868875,0.09097113392283933
evogym,darwinian,1.0,3,13,0.9248879287107472,0.5323232978616209,8.599494895716397,4.677513923665563,0.08841784953954121
evogym,darwinian,1.0,3,14,0.9248879287107472,0.5335439606253182,8.599494895716397,4.727855767772916,0.08717206204366479
evogym,darwinian,1.0,3,15,0.9248879287107472,0.506146113355993,8.599494895716397,4.503287153119503,0.09200903943860862
evogym,darwinian,1.0,3,16,0.9248879287107472,0.5336176466216952,8.599494895716397,4.768085970351836,0.08260172262840597
evogym,darwinian,1.0,3,17,0.9248879287107472,0.5254191663474884,8.599494895716397,4.713998851480005,0.09113975580227819
evogym,darwinian,1.0,3,18,0.9248879287107472,0.5402976210640343,8.599494895716397,4.878032307905011,0.08964342177228073
evogym,darwinian,1.0,3,19,1.0,0.567467382703101,9.297877752284768,5.276242352782429,0.0799228277833903
evogym,darwinian,1.0,3,20,1.0,0.5848500527929776,9.297877752284768,5.437864294286401,0.08503288362448386
evogym,darwinian,1.0,3,21,1.0,0.5699074689760695,9.297877752284768,5.29892997665352,0.0847346542012399
evogym,darwinian,1.0,3,22,1.0,0.5487040785474949,9.297877752284768,5.101783444514664,0.08331991127259245
evogym,darwinian,1.0,3,23,1.0,0.5860620191583905,9.297877752284768,5.449133009391887,0.08141305360800205
evogym,darwinian,1.0,3,24,1.0,0.5762989257204127,9.297877752284768,5.358356960121437,0.0806830128026666
evogym,darwinian,1.0,3,25,1.0,0.5874281082445284,9.297877752284768,5.461834738713527,0.08301204159816415
evogym,darwinian,1.0,3,26,1.0,0.5834372890258154,9.297877752284768,5.424728589486464,0.08110344926616486
evogym,darwinian,1.0,3,27,1.0,0.5958815620558156,9.297877752284768,5.540433918835462,0.08425611862872262
evogym,darwinian,1.0,3,28,1.0,0.6047542456515094,9.297877752284768,5.6229310462429245,0.0824915587228289
evogym,darwinian,1.0,3,29,1.0,0.6186058765756847,9.297877752284768,5.751721817245673,0.07637429165312416
evogym,darwinian,1.0,3,30,1.0,0.585272646555675,9.297877752284768,5.4417935194308376,0.0794733921571452
evogym,lamarckian,0.0,1,0,0.21267989541951562,0.17733821156466012,4.731782826914695,1.6004516896352015,0.25279983972957065
evogym,lamarckian,0.0,1,1,0.21267989541951562,0.17733821156466012,4.731782826914695,1.6004516896352015,0.25279983972957065
evogym,lamarckian,0.0,1,2,0.21660767415894192,0.17927794948389753,5.628320497680849,1.8005780337249333,0.22907960820482193
evogym,lamarckian,0.0,1,3,0.21660767415894192,0.17995861080906905,5.628320497680849,1.9443429637610632,0.23485039538942387
evogym,lamarckian,0.0,1,4,0.21815082600868363,0.17338847733191287,4.187534296224405,1.750189036647497,0.22582264331532462
evogym,lamarckian,0.0,1,5,0.21815082600868363,0.1738275444985945,3.8536060762961997,1.7804541824731661,0.2201517979360102
evogym,lamarckian,0.0,1,6,0.21815082600868363,0.1732000516543118,3.8415673493254765,1.6995220738176744,0.2149582568005038
evogym,lamarckian,0.0,1,7,0.22499648670097638,0.18401250076132536,3.640789871955366,1.7140396888580038,0.21953352573949808
evogym,lamarckian,0.0,1,8,0.22499648670097638,0.18727286830881315,3.6971731407340216,1.5325148008878573,0.22543026350457124
evogym,lamarckian,0.0,1,9,0.22499648670097638,0.18919613048166978,5.793609585635309,1.722712161057223,0.2280577677139834
evogym,lamarckian,0.0,1,10,0.23181716285547088,0.1890383135315309,5.793609585635309,1.5893482447629566,0.2253912210752375
evogym,lamarckian,0.0,1,11,0.23181716285547088,0.1824704994046075,5.793609585635309,1.7965017589166945,0.22558847502053125
evogym,lamarckian,0.0,1,12,0.2321607176373984,0.1847277580673758,5.13179513228064,1.6648049843584594,0.2426044100706164
evogym,lamarckian,0.0,1,13,0.22407829233122586,0.1778311647339746,5.447913944602286,1.8566049783047478,0.23151216157855412
evogym,lamarckian,0.0,1,14,0.22407829233122586,0.18580860498908133,5.18198212697601,1.7496810074262918,0.22576866001372808
evogym,lamarckian,0.0,1,15,0.22407829233122586,0.18821150703871492,5.239979457727349,1.6052997997022544,0.22883378207123473
evogym,lamarckian,0.0,1,16,0.2246389604117219,0.18672924423620835,5.995394019699697,1.8856742468232224,0.23388339037362757
evogym,lamarckian,0.0,1,17,0.2246389604117219,0.18379411751842661,4.550793698764684,1.6109410737977068,0.23162414900608147
evogym,lamarckian,0.0,1,18,0.22473979533506885,0.1890701016857058,4.904332385449541,1.5647181119639941,0.23692978653730198
evogym,lamarckian,0.0,1,19,0.22473979533506885,0.1810002736128109,4.126429578127789,1.4358315922614655,0.2356799795562944
evogym,lamarckian,0.0,1,20,0.20462518668116256,0.17650972750143337,4.3613588086337325,1.8132449703750428,0.23045273878067468
evogym,lamarckian,0.0,1,21,0.21791520807609116,0.17529316742589454,4.3613588086337325,1.561608676772916,0.22581066650016304
evogym,lamarckian,0.0,1,22,0.2441043718222779,0.18019636283022578,4.3613588086337325,1.527800199630153,0.23173889086431818
evogym,lamarckian,0.0,1,23,0.26171857249429953,0.1795840190820069,5.679133971234746,1.4295705944238275,0.22594726973719284
evogym,lamarckian,0.0,1,24,0.26171857249429953,0.18543866796360997,4.0957941749632925,1.4354326771552575,0.22582928330615432
evogym,lamarckian,0.0,1,25,0.26171857249429953,0.18835919547341692,4.0957941749632925,1.4528299786819692,0.22747065356109428
evogym,lamarckian,0.0,1,26,0.26171857249429953,0.19342581130110972,4.668122619543546,1.1036736905557682,0.23314003309774964
evogym,lamarckian,0.0,1,27,0.26171857249429953,0.19229701760480333,5.206778879283108,1.30273370044638,0.23368898145364025
evogym,lamarckian,0.0,1,28,0.32007351073861373,0.1984019392525324,5.206778879283108,1.13876974403736,0.23591802729338437
evogym,lamarckian,0.0,1,29,0.32007351073861373,0.22055032800914706,5.206778879283108,1.4213343925541992,0.24516445665563028
evogym,lamarckian,0.0,1,30,0.33154517315262316,0.22944875624195543,4.019126834242949,1.399824670505192,0.24275670849805966
evogym,lamarckian,0.0,2,0,0.20789823749725317,0.17203109317030169,5.4347333098603325,1.7434407072750921,0.24692758099835466
evogym,lamarckian,0.0,2,1,0.20789823749725317,0.17203109317030169,5.4347333098603325,1.7434407072750921,0.24692758099835466
evogym,lamarckian,0.0,2,2,0.20789823749725317,0.16977327696404326,5.737961491536029,1.8308427197257,0.21879873470400607
evogym,lamarckian,0.0,2,3,0.20789823749725317,0.16778539588340374,6.189540347775007,1.9279183564161557,0.21990666640887085
evogym,lamarckian,0.0,2,4,0.20789823749725317,0.17108483237452626,6.189540347775007,2.1586782360166326,0.2182232273292645
evogym,lamarckian,0.0,2,5,0.21478129181970537,0.17121449631236912,5.725436108990427,1.7774477703268272,0.21592206002838887
evogym,lamarckian,0.0,2,6,0.22046672004884463,0.17987987070831493,4.529614950369928,1.788814529730384,0.22249983447089225
evogym,lamarckian,0.0,2,7,0.22046672004884463,0.17642132940050703,4.816508344005247,1.989380992380455,0.21733801957814655
evogym,lamarckian,0.0,2,8,0.22046672004884463,0.17822378973776903,4.816508344005247,1.80114437564101,0.212177317190613
evogym,lamarckian,0.0,2,9,0.22046672004884463,0.19258724948081543,6.188578412649153,2.084192300141021,0.22380434738808655
evogym,lamarckian,0.0,2,10,0.22046672004884463,0.1872315980737516,6.309258473381488,2.1148322992936524,0.22432561059171321
evogym,lamarckian,0.0,2,11,0.21821260953069613,0.18346752977936914,7.12103339902957,2.2968977449802765,0.22647627400357456
evogym,lamarckian,0.0,2,12,0.22296345940840281,0.17382747498784268,5.944727224359846,2.0389995784362767,0.23312418895272707
evogym,lamarckian,0.0,2,13,0.20914186648038552,0.16656761283204732,5.944727224359846,2.0350594628297145,0.22437984149533743
evogym,lamarckian,0.0,2,14,0.20914186648038552,0.1688612469363473,6.659827240451524,2.30341953135511,0.21803861144834502
evogym,lamarckian,0.0,2,15,0.20914186648038552,0.16721772881603847,6.697606295425415,2.3868015574417725,0.21348783989816833
evogym,lamarckian,0.0,2,16,0.20355186263264052,0.16859541006897288,6.061340571944314,2.466312994479992,0.21368634510424878
evogym,lamarckian,0.0,2,17,0.20792462180580532,0.17203405228853957,4.876975203440778,2.2395053189870735,0.22087644281391267
evogym,lamarckian,0.0,2,18,0.20792462180580532,0.16330173068367854,5.230329084034738,2.3256126689334016,0.21209347019944635
evogym,lamarckian,0.0,2,19,0.21225301609193334,0.1753039153107764,5.337241558957902,2.047418786579567,0.21922987475011602
evogym,lamarckian,0.0,2,20,0.21376097676703867,0.17063677444935038,6.111693628059783,2.404181593963363,0.22013059547161745
evogym,lamarckian,0.0,2,21,0.21376097676703867,0.17096365535769975,5.230329084034738,2.001772104921946,0.21594918049404047
evogym,lamarckian,0.0,2,22,0.27813396791687606,0.17218530519110156,4.162005002717435,1.5258251563307805,0.2215320910962486
evogym,lamarckian,0.0,2,23,0.27813396791687606,0.1730309537393049,5.831627744702281,1.7909135560657592,0.2248383858407436
evogym,lamarckian,0.0,2,24,0.27813396791687606,0.17738696882385926,5.831627744702281,1.6022846360912582,0.22054790306424216
evogym,lamarckian,0.0,2,25,0.2924292500381204,0.18492766019792356,5.831627744702281,1.398683729058632,0.229490109420973
evogym,lamarckian,0.0,2,26,0.2924292500381204,0.19508236865921263,5.831627744702281,1.5653234103588267,0.23677074506120638
evogym,lamarckian,0.0,2,27,0.3290095284954639,0.21242604911270724,4.920922965400581,1.4260624456484705,0.23717093828703678
evogym,lamarckian,0.0,2,28,0.3290095284954639,0.22593897316121203,3.526634564126632,1.5599356141869687,0.24180971214292574
evogym,lamarckian,0.0,2,29,0.37211138216978057,0.24020098198806386,3.8504517312745468,1.384912604227395,0.25674836955349967
evogym,lamarckian,0.0,2,30,0.37211138216978057,0.24713317946349336,3.5870579624836245,1.5657437379288472,0.2598271381756095
evogym,lamarckian,0.0,3,0,0.1988331832990555,0.15723596760039982,3.263773273147904,1.7381131617047707,0.23814229471727444
evogym,lamarckian,0.0,3,1,0.1988331832990555,0.15723596760039982,3.263773273147904,1.7381131617047707,0.23814229471727444
evogym,lamarckian,0.0,3,2,0.1988331832990555,0.1597046954606491,4.668573737612422,1.8757088420031671,0.2128901557397629
evogym,lamarckian,0.0,3,3,0.20801762956951594,0.1646318581773976,3.6331818566099683,1.596324390925802,0.2133409393806215
evogym,lamarckian,0.0,3,4,0.2329995146215988,0.1693216193138695,3.8468982729301504,1.5251779245133295,0.21279967445901718
evogym,lamarckian,0.0,3,5,0.2329995146215988,0.17771089137470883,6.130161520042848,1.505642279257932,0.2207609609864239
evogym,lamarckian,0.0,3,6,0.2329995146215988,0.17434615212936358,6.130161520042848,2.0754440274769377,0.22445493647086767
evogym,lamarckian,0.0,3,7,0.2329995146215988,0.17957087829066518,6.19798352575785,1.8276352251652817,0.2196146611715466
evogym,lamarckian,0.0,3,8,0.2329995146215988,0.17621399364629034,4.534068594692936,1.8220072650294987,0.22363938632432978
evogym,lamarckian,0.0,3,9,0.2329995146215988,0.17383624366236103,4.5006945108697405,1.9835015824275015,0.22504923335618096
evogym,lamarckian,0.0,3,10,0.2329995146215988,0.1841779582717663,4.48382227771051,1.7918686417958036,0.2350895467563257
evogym,lamarckian,0.0,3,11,0.233434504552442,0.1977703441534109,3.8403211823265035,1.7860915145443315,0.24709177702830432
evogym,lamarckian,0.0,3,12,0.23243823242599043,0.19745687946728135,3.8403211823265035,1.7601705213063255,0.2471837476039392
evogym,lamarckian,0.0,3,13,0.23624819051151066,0.20025204330012697,2.934397399236452,1.4797311436805565,0.24925526867290598
evogym,lamarckian,0.0,3,14,0.22770757276666836,0.19283033828478158,6.774443204044264,1.726203779412414,0.2490861378537302
evogym,lamarckian,0.0,3,15,0.2267591122089236,0.18478850976139788,5.182112069913618,1.6733585724565767,0.24030270616356333
evogym,lamarckian,0.0,3,16,0.23127768645529337,0.18469897329709187,5.182112069913618,1.6725395472283917,0.24275668717981613
evogym,lamarckian,0.0,3,17,0.2267591122089236,0.19376430689923949,5.182112069913618,1.7078382572540722,0.2426009081429279
evogym,lamarckian,0.0,3,18,0.22584227518890582,0.1941906123734391,5.079388033740963,1.5390428127809905,0.24066758278423706
evogym,lamarckian,0.0,3,19,0.22689685607373725,0.19495094343711503,5.87180461913009,1.6384915417097292,0.2368281988438496
evogym,lamarckian,0.0,3,20,0.2247943297708834,0.19299236889998056,4.475724726178147,1.4175761468577006,0.23731785119892365
evogym,lamarckian,0.0,3,21,0.21991041996317406,0.19235663686069304,4.750106148520155,1.501530545523984,0.24433348187428616
evogym,lamarckian,0.0,3,22,0.21271814833814748,0.1816770316328695,4.686753102040898,1.5157061032347658,0.22883041932049003
evogym,lamarckian,0.0,3,23,0.22609025482643935,0.18194740863926256,4.724536980828945,1.8480050798309715,0.23243674466823644
evogym,lamarckian,0.0,3,24,0.22609025482643935,0.17812193819310349,4.5400181541500855,1.891184454069321,0.2296922542209165
evogym,lamarckian,0.0,3,25,0.23640881748674433,0.19223790869660082,4.489784997265005,1.7302695069233116,0.23835738194138778
evogym,lamarckian,0.0,3,26,0.23640881748674433,0.1854557701320218,4.489784997265005,2.095186276837198,0.23999140978482428
evogym,lamarckian,0.0,3,27,0.23640881748674433,0.17695420030378745,4.553362899030501,2.081088173626772,0.2402003738031447
evogym,lamarckian,0.0,3,28,0.28666722250274795,0.18503133645877154,3.104456238342206,1.1735315571418417,0.2437156739691378
evogym,lamarckian,0.0,3,29,0.35156648750586567,0.1999744508578943,5.876258404354047,1.3531227626137603,0.23973679298334627
evogym,lamarckian,0.0,3,30,0.35156648750586567,0.21747797560162194,5.876258404354047,1.1390562014935226,0.23680808230162528
evogym,lamarckian,0.5,1,0,0.3259476903975772,0.2575694522754588,3.408435940747579,1.7421931141664075,0.21209976247877632
evogym,lamarckian,0.5,1,1,0.3259476903975772,0.2575694522754588,3.408435940747579,1.7421931141664075,0.21209976247877632
evogym,lamarckian,0.5,1,2,0.35026341703459773,0.26280788304593494,3.7683678867413097,1.8493973903314553,0.18761488126779016
evogym,lamarckian,0.5,1,3,0.3874983533730476,0.28021544172371227,5.797823216479136,2.5665524097426173,0.17543485861678337
evogym,lamarckian,0.5,1,4,0.3966147318548742,0.3105095930541394,6.057058208379358,3.280452037716497,0.1590311604088594
evogym,lamarckian,0.5,1,5,0.4236048853176244,0.33677234352354785,6.88756855487226,4.122095777894204,0.1368573339074701
evogym,lamarckian,0.5,1,6,0.4236048853176244,0.3454038204783493,7.556646301803947,4.643031262669177,0.1282612320126808
evogym,lamarckian,0.5,1,7,0.4288597242072036,0.3625372995480312,8.134778648561154,5.2806755192352295,0.11203459114881134
evogym,lamarckian,0.5,1,8,0.45848554609267045,0.3711327883114993,8.272582922603762,5.638316305709475,0.10747598516618753
evogym,lamarckian,0.5,1,9,0.5023783729334417,0.38782384622777794,8.707736088121845,6.257211389214163,0.100059715969563
evogym,lamarckian,0.5,1,10,0.555831177025994,0.3920392596535319,9.530362302803178,6.716018424641161,0.08937808379320258
evogym,lamarckian,0.5,1,11,0.555831177025994,0.41771431703118,9.530362302803178,7.260215291113049,0.08066658587411862
evogym,lamarckian,0.5,1,12,0.555831177025994,0.4168759271379037,9.550409070411657,7.132313599961646,0.09557247149084458
evogym,lamarckian,0.5,1,13,0.555831177025994,0.43867814911373565,9.556810810635644,7.553488134607318,0.09513062642428063
evogym,lamarckian,0.5,1,14,0.555831177025994,0.4364131599149383,9.556810810635644,7.642405585211907,0.08571504435245465
evogym,lamarckian,0.5,1,15,0.555831177025994,0.44763698118668227,9.556810810635644,7.815120202558002,0.09283404251954877
evogym,lamarckian,0.5,1,16,0.555831177025994,0.4408617360710183,9.556810810635644,7.712047135339226,0.09109391443670609
evogym,lamarckian,0.5,1,17,0.555831177025994,0.4504516768760188,9.556810810635644,7.921212644471467,0.09167639745394729
evogym,lamarckian,0.5,1,18,0.555831177025994,0.45801609193723314,9.556810810635644,8.060645271387173,0.08989291790515029
evogym,lamarckian,0.5,1,19,0.555831177025994,0.4654422749671482,9.562988026684414,8.173932513073742,0.09406173475784076
evogym,lamarckian,0.5,1,20,0.555831177025994,0.4523991621820576,9.562988026684414,7.861128132328351,0.10100089628900136
evogym,lamarckian,0.5,1,21,0.555831177025994,0.46269602530561527,9.562988026684414,8.129715376131571,0.09468172007598498
evogym,lamarckian,0.5,1,22,0.555831177025994,0.45233670904785905,9.562988026684414,7.955182951962239,0.09261284486426996
evogym,lamarckian,0.5,1,23,0.555831177025994,0.450033874833532,9.562988026684414,7.880923037074666,0.09265316921571093
evogym,lamarckian,0.5,1,24,0.5777472429826735,0.4520223560774525,9.562988026684414,7.87045404247075,0.09731321650365399
evogym,lamarckian,0.5,1,25,0.5777472429826735,0.4648974673254089,9.562988026684414,8.154273682454736,0.09545941662146452
evogym,lamarckian,0.5,1,26,0.5777472429826735,0.46033406940718596,9.562988026684414,8.027293733720146,0.09753651635121241
evogym,lamarckian,0.5,1,27,0.5777472429826735,0.45366916324418105,9.562988026684414,7.861716751575598,0.09593049952986807
evogym,lamarckian,0.5,1,28,0.5777472429826735,0.445592043087675,9.562988026684414,7.736288474100943,0.0922686248411547
evogym,lamarckian,0.5,1,29,0.5777472429826735,0.43735056656505994,9.562988026684414,7.5999026126283225,0.08712088018118036
evogym,lamarckian,0.5,1,30,0.5817924681486764,0.45752007246914983,9.562988026684414,7.891403259420477,0.09531033888301993
evogym,lamarckian,0.5,2,0,0.37887383891734494,0.2137387608422594,5.325073431242786,1.3990420841969748,0.24894417559365828
evogym,lamarckian,0.5,2,1,0.37887383891734494,0.2137387608422594,5.325073431242786,1.3990420841969748,0.24894417559365828
evogym,lamarckian,0.5,2,2,0.3853051478191894,0.23307108019883183,5.4160201354746755,1.7202684234702545,0.2241663356127995
evogym,lamarckian,0.5,2,3,0.4309294699519135,0.2801694177451455,6.187773025189447,2.5789928307922674,0.2041389085260678
evogym,lamarckian,0.5,2,4,0.45546522758343094,0.3176297126285271,7.0706216743691535,3.3843553600182013,0.17578624558552847
evogym,lamarckian,0.5,2,5,0.45546522758343094,0.34826672752533816,7.0706216743691535,3.898062450838104,0.16318195901386717
evogym,lamarckian,0.5,2,6,0.45546522758343094,0.3681490449501616,7.0706216743691535,4.342531328715463,0.14513154692412916
evogym,lamarckian,0.5,2,7,0.4645382699188978,0.38686001068057385,7.0706216743691535,4.857029932532477,0.12598543594588815
evogym,lamarckian,0.5,2,8,0.4855883312947516,0.3939762034142723,7.088762818076397,5.017371079051887,0.11948007428856611
evogym,lamarckian,0.5,2,9,0.48781353947838735,0.39771455902883524,7.355237207326731,5.21942158342531,0.11857803728039482
evogym,lamarckian,0.5,2,10,0.4883999881589267,0.41092807393306074,7.438942531307225,5.510872576829614,0.1182204278097708
evogym,lamarckian,0.5,2,11,0.4883999881589267,0.413950533576117,7.594385654766931,5.619291968238346,0.11864684988402348
evogym,lamarckian,0.5,2,12,0.49375798304820917,0.41714966029471495,7.7619774750795605,5.908511981683132,0.10009294669758155
evogym,lamarckian,0.5,2,13,0.49375798304820917,0.41595872345431156,7.7619774750795605,5.808780998724954,0.11069844182119452
evogym,lamarckian,0.5,2,14,0.49375798304820917,0.43552300083107287,7.843869873093909,6.391441096845121,0.09414261152343344
evogym,lamarckian,0.5,2,15,0.49375798304820917,0.41662230165436487,7.843869873093909,6.096413210397454,0.10741867987657872
evogym,lamarckian,0.5,2,16,0.5351436147864138,0.40644975990566923,7.9609174594572565,5.978325895093127,0.11654067023558112
evogym,lamarckian,0.5,2,17,0.5351436147864138,0.3912151448063324,8.4945652996949,5.965275810934284,0.11220217657808702
evogym,lamarckian,0.5,2,18,0.5351436147864138,0.41595103888240664,8.4945652996949,6.529195593181733,0.10892767051325725
evogym,lamarckian,0.5,2,19,0.5351436147864138,0.40520988555378057,9.27935796662299,6.680817596926069,0.10035597901161006
evogym,lamarckian,0.5,2,20,0.5351436147864138,0.41361354487728474,9.27935796662299,6.851074463614973,0.10533567689431109
evogym,lamarckian,0.5,2,21,0.5351436147864138,0.4223081078382128,9.386506556070945,7.07035260680581,0.10356936083540347
evogym,lamarckian,0.5,2,22,0.5351436147864138,0.4330529813148368,9.386506556070945,7.1894847986929635,0.11471096323675094
evogym,lamarckian,0.5,2,23,0.5351436147864138,0.42942221967840666,9.386506556070945,7.256937283742589,0.1067007165970959
evogym,lamarckian,0.5,2,24,0.5394284758910762,0.42965995614306934,9.543179306250634,7.270471624679267,0.10716386351342141
evogym,lamarckian,0.5,2,25,0.5394284758910762,0.4263110113246009,9.543179306250634,7.269604241070323,0.1043276890079694
evogym,lamarckian,0.5,2,26,0.5472400658031841,0.4348635332403477,9.572254151327218,7.3965075623046515,0.10545774974723672
evogym,lamarckian,0.5,2,27,0.5472400658031841,0.4422413887325348,9.572254151327218,7.547617249596807,0.10145145811420668
evogym,lamarckian,0.5,2,28,0.5503543630263779,0.4419196440998706,9.574215728758645,7.535322788127178,0.10680361211070924
evogym,lamarckian,0.5,2,29,0.5503543630263779,0.4422261509841171,9.584924941195995,7.576410378012061,0.10535022171560986
evogym,lamarckian,0.5,2,30,0.5503543630263779,0.4518649436578267,9.584924941195995,7.794084088832911,0.10012403486178537
evogym,lamarckian,0.5,3,0,0.3294518799850653,0.2076198156706531,3.8856424443678743,1.6416259103906252,0.23247114177712871
evogym,lamarckian,0.5,3,1,0.3294518799850653,0.2076198156706531,3.8856424443678743,1.6416259103906252,0.23247114177712871
evogym,lamarckian,0.5,3,2,0.4195012199061347,0.22893417157159415,6.841607438753977,2.040364221708798,0.197069248635063
evogym,lamarckian,0.5,3,3,0.424290749362731,0.27891082222197183,6.841607438753977,2.7745408113535155,0.19179721044069428
evogym,lamarckian,0.5,3,4,0.424290749362731,0.32015189834099017,6.841607438753977,3.627646979438276,0.17042731355035515
evogym,lamarckian,0.5,3,5,0.42867831522271055,0.335013839203543,7.658251190319319,4.211633780322627,0.14760278611835356
evogym,lamarckian,0.5,3,6,0.45981980889123963,0.34778981719022606,7.658251190319319,4.567718261869783,0.13018554652462308
evogym,lamarckian,0.5,3,7,0.45981980889123963,0.3632179934959826,7.744108638595519,5.056812533817576,0.11215685716238133
evogym,lamarckian,0.5,3,8,0.45981980889123963,0.37269564709447206,7.744108638595519,5.425440435937821,0.10608197028349013
evogym,lamarckian,0.5,3,9,0.45981980889123963,0.3722459313106507,8.154454759732067,5.627976629540511,0.11102692912926773
evogym,lamarckian,0.5,3,10,0.46569099748935167,0.3859961953469233,8.154454759732067,5.979264894081378,0.10840943550303077
evogym,lamarckian,0.5,3,11,0.5364941107557795,0.37399380142672406,9.428544815422217,6.172743987526013,0.10815984210291647
evogym,lamarckian,0.5,3,12,0.5538001334181755,0.407073914783346,9.564735264565202,6.7911468881168755,0.11621416484885305
evogym,lamarckian,0.5,3,13,0.5538001334181755,0.4134905311651605,9.564735264565202,6.9226276702551015,0.11307374320329774
evogym,lamarckian,0.5,3,14,0.5538001334181755,0.436044014527995,9.564735264565202,7.307853482585062,0.11482501027093395
evogym,lamarckian,0.5,3,15,0.5538001334181755,0.43948597732885286,9.582039123483508,7.309098283051931,0.11856247913051306
evogym,lamarckian,0.5,3,16,0.5569049140717977,0.44796384107196474,9.582039123483508,7.455447244209106,0.12640784676569566
evogym,lamarckian,0.5,3,17,0.5569049140717977,0.466604509904412,9.58584755413736,7.865991567615848,0.1265475414224102
evogym,lamarckian,0.5,3,18,0.5569049140717977,0.4913469291273983,9.58584755413736,8.400612989450732,0.12236882620811643
evogym,lamarckian,0.5,3,19,0.5569049140717977,0.4765120546367532,9.587261965091722,8.021585681494766,0.12544791685904272
evogym,lamarckian,0.5,3,20,0.5569049140717977,0.4632249621528917,9.587261965091722,7.731054060934345,0.13598858931769942
evogym,lamarckian,0.5,3,21,0.5569049140717977,0.4892925678988913,9.588217528583714,8.409837229127195,0.12092598083158172
evogym,lamarckian,0.5,3,22,0.5569049140717977,0.47524412323407195,9.588217528583714,8.15186795925808,0.12202334491110775
evogym,lamarckian,0.5,3,23,0.5746653617268318,0.48999341853018386,9.589288971242409,8.470339647185067,0.11742233310398476
evogym,lamarckian,0.5,3,24,0.5774669605788786,0.4932492682884929,9.586646228007634,8.548845122895242,0.11472706027646895
evogym,lamarckian,0.5,3,25,0.5774669605788786,0.49949140582050167,9.586646228007634,8.495594890040994,0.12675233050135537
evogym,lamarckian,0.5,3,26,0.5926455869693883,0.500398517477949,9.586646228007634,8.410965773385346,0.13593268317036217
evogym,lamarckian,0.5,3,27,0.5926455869693883,0.4769268041973101,9.586646228007634,8.031251925643899,0.12995649301537526
evogym,lamarckian,0.5,3,28,0.5926455869693883,0.4793569943268451,9.586646228007634,8.025952739298365,0.1351789294095781
evogym,lamarckian,0.5,3,29,0.5926455869693883,0.5025687827498512,9.586646228007634,8.391426292810925,0.1375397275680617
evogym,lamarckian,0.5,3,30,0.5926545746219081,0.49551168262552964,9.596426338808806,8.302524973481065,0.1289579801205421
evogym,lamarckian,1.0,1,0,0.6430780806537145,0.2800911878528493,3.82838183062749,1.588046520083458,0.22396410557334984
evogym,lamarckian,1.0,1,1,0.6430780806537145,0.2800911878528493,3.82838183062749,1.588046520083458,0.22396410557334984
evogym,lamarckian,1.0,1,2,0.7482748922445789,0.3326916735694123,5.527384255262586,1.9855348610964938,0.1994051905215118
evogym,lamarckian,1.0,1,3,0.7482748922445789,0.49310974027355287,5.645357681239841,3.1068074376768733,0.18106989889114097
evogym,lamarckian,1.0,1,4,0.7559573411427416,0.5653481700115909,5.953214618566671,3.8235789240655222,0.16415467948669024
evogym,lamarckian,1.0,1,5,0.8381404375758983,0.6209843383609284,7.386836458834331,4.6604732752525955,0.13374885805684625
evogym,lamarckian,1.0,1,6,0.8381404375758983,0.6384520087592823,7.386836458834331,4.903742136118719,0.11342395098539948
evogym,lamarckian,1.0,1,7,0.8381404375758983,0.6754320937883829,7.386836458834331,5.313617888047618,0.10019694588343604
evogym,lamarckian,1.0,1,8,0.8381404375758983,0.6733332053502479,7.5601894211402545,5.544512376637256,0.10211270495383898
evogym,lamarckian,1.0,1,9,0.9101910613224541,0.6567953337314314,8.700308278384078,5.791827352972704,0.09875129976718464
evogym,lamarckian,1.0,1,10,0.9101910613224541,0.6926824351702181,8.700308278384078,6.128034526807496,0.0967384226445348
evogym,lamarckian,1.0,1,11,0.9209020984131131,0.7115144095578742,8.802692633306814,6.364897080193775,0.08439630128139318
evogym,lamarckian,1.0,1,12,0.9209020984131131,0.7205374179039943,8.802692633306814,6.492469910307896,0.07650449954340424
evogym,lamarckian,1.0,1,13,0.9217331426342749,0.7339814991098919,8.810636395033688,6.684982102062941,0.07292258997577486
evogym,lamarckian,1.0,1,14,0.9220184561075222,0.7451670846279531,8.813363641299567,6.879256338177134,0.07700150362095275
evogym,lamarckian,1.0,1,15,0.9985445381934334,0.7278942723559579,9.547320931944588,6.954399516923509,0.07608606652685537
evogym,lamarckian,1.0,1,16,0.998929282311357,0.7511161048694046,9.55877139217676,7.180040105813555,0.07863626537659697
evogym,lamarckian,1.0,1,17,0.998929282311357,0.7870060155583276,9.55877139217676,7.523645241284146,0.07139463262970869
evogym,lamarckian,1.0,1,18,0.998929282311357,0.814596988647231,9.55877139217676,7.787771574318346,0.07521963230877386
evogym,lamarckian,1.0,1,19,0.998929282311357,0.8286546290749616,9.55877139217676,7.922883028023781,0.07340486330989668
evogym,lamarckian,1.0,1,20,0.998929282311357,0.8465246738718187,9.55877139217676,8.09461408062072,0.05965064207931686
evogym,lamarckian,1.0,1,21,0.998985923012568,0.852516046624662,9.55931338801566,8.152756610953164,0.0533761759491745
evogym,lamarckian,1.0,1,22,0.9991869425224412,0.8562131704293771,9.56123694714469,8.189468180799082,0.04785773493596722
evogym,lamarckian,1.0,1,23,0.9991869425224412,0.8568023416317742,9.56123694714469,8.195586985607227,0.05370435760857213
evogym,lamarckian,1.0,1,24,0.9991869425224412,0.8278169144155021,9.56123694714469,7.918839006119903,0.04258694961765292
evogym,lamarckian,1.0,1,25,1.0,0.8560571455651209,9.569017108057285,8.191625471387324,0.05222401444001886
evogym,lamarckian,1.0,1,26,1.0,0.8749292704751452,9.569017108057285,8.372213157516745,0.04786190807927144
evogym,lamarckian,1.0,1,27,1.0,0.8702898485625357,9.569017108057285,8.327818449863482,0.045849308240488065
evogym,lamarckian,1.0,1,28,1.0,0.8466636149430361,9.569017108057285,8.101738616159533,0.049046232651929436
evogym,lamarckian,1.0,1,29,1.0,0.8450675483411014,9.569017108057285,8.086465827540023,0.04837350477533671
evogym,lamarckian,1.0,1,30,1.0,0.8418097962874034,9.569017108057285,8.055292342404377,0.05346004554346044
evogym,lamarckian,1.0,2,0,0.6265319899241353,0.32705985933209586,3.3881713690710953,1.4768390439281067,0.23672889761916407
evogym,lamarckian,1.0,2,1,0.6265319899241353,0.32705985933209586,3.3881713690710953,1.4768390439281067,0.23672889761916407
evogym,lamarckian,1.0,2,2,0.6900797642220937,0.3531566662280043,3.969720792818745,1.6796082403748347,0.20765342231579575
evogym,lamarckian,1.0,2,3,0.8325557233380196,0.4727135401175236,5.065666056858002,2.5205236981394643,0.18424530971258202
evogym,lamarckian,1.0,2,4,0.8887894114737688,0.5617262053037763,5.407818632662887,3.1230483021821223,0.1612079510626617
evogym,lamarckian,1.0,2,5,0.8887894114737688,0.637442221250228,5.407818632662887,3.5918955082492436,0.1366797211071735
evogym,lamarckian,1.0,2,6,0.8887894114737688,0.6945712790390958,5.407818632662887,4.008673045446929,0.12462966432581188
evogym,lamarckian,1.0,2,7,0.9918775449802175,0.7133980623869621,6.035055998439118,4.3239875464638775,0.11165546377002736
evogym,lamarckian,1.0,2,8,0.9959704736996918,0.7207528503312117,6.063062097102122,4.379100093962025,0.09724551647754695
evogym,lamarckian,1.0,2,9,0.999488250587858,0.7628187412165952,6.0844768882831035,4.641430707080768,0.09762485096723428
evogym,lamarckian,1.0,2,10,0.999488250587858,0.7482625903712643,6.0844768882831035,4.553058296753259,0.09772244341040161
evogym,lamarckian,1.0,2,11,0.999488250587858,0.7655925719682586,6.0844768882831035,4.658579648006901,0.09120631846210026
evogym,lamarckian,1.0,2,12,0.999488250587858,0.7892931103732507,6.0844768882831035,4.802978724351562,0.0817900168295665
evogym,lamarckian,1.0,2,13,0.999488250587858,0.836243158053092,6.0844768882831035,5.088800071408825,0.07213620924466184
evogym,lamarckian,1.0,2,14,0.999488250587858,0.8053759268711895,6.0844768882831035,4.901299442649434,0.05966595015569735
evogym,lamarckian,1.0,2,15,0.999488250587858,0.8619317237539302,6.0844768882831035,5.245411881680903,0.050782322005020954
evogym,lamarckian,1.0,2,16,0.999488250587858,0.860112728971046,6.0844768882831035,5.234422093151308,0.03767397366449103
evogym,lamarckian,1.0,2,17,0.999488250587858,0.8383596864441086,6.0844768882831035,5.102066208646315,0.04076437301529441
evogym,lamarckian,1.0,2,18,0.999488250587858,0.8582077736647562,6.0844768882831035,5.222909279803743,0.04076233234915299
evogym,lamarckian,1.0,2,19,0.999488250587858,0.8191466401851303,6.0844768882831035,4.98532055910359,0.04761105368504914
evogym,lamarckian,1.0,2,20,0.999488250587858,0.8141431969061925,6.0844768882831035,4.954916145704439,0.04293987337286485
evogym,lamarckian,1.0,2,21,0.999488250587858,0.8661466456357193,6.0844768882831035,5.271446692390411,0.03819344740268204
evogym,lamarckian,1.0,2,22,0.999488250587858,0.8149309192012053,6.0844768882831035,4.959825788582985,0.04683526956823639
evogym,lamarckian,1.0,2,23,0.999488250587858,0.8362722776602183,6.0844768882831035,5.089676790891411,0.0394451937617646
evogym,lamarckian,1.0,2,24,0.999488250587858,0.8210951765039465,6.0844768882831035,4.997370991268325,0.04844156487267866
evogym,lamarckian,1.0,2,25,0.999488250587858,0.8616502214437285,6.0844768882831035,5.244243989687867,0.039663288209045106
evogym,lamarckian,1.0,2,26,1.0,0.8497399733002109,6.087592210017941,5.172870442003207,0.04248544994922265
evogym,lamarckian,1.0,2,27,1.0,0.8334098245664272,6.087592210017941,5.073459155782993,0.04331119685446194
evogym,lamarckian,1.0,2,28,1.0,0.8247207195352688,6.087592210017941,5.020563427683285,0.05190801176609533
evogym,lamarckian,1.0,2,29,1.0,0.858500654684074,6.087592210017941,5.226201897750062,0.04905560630983228
evogym,lamarckian,1.0,2,30,1.0,0.8137134338773372,6.087592210017941,4.953555561258616,0.04698807743922629
evogym,lamarckian,1.0,3,0,0.5216443242194648,0.28891216987267626,3.516861628431938,1.5796551737153002,0.23640153017838625
evogym,lamarckian,1.0,3,1,0.5216443242194648,0.28891216987267626,3.516861628431938,1.5796551737153002,0.23640153017838625
evogym,lamarckian,1.0,3,2,0.6326978543173608,0.34309857014141115,5.121249984231708,1.9297749633059618,0.20884785783562126
evogym,lamarckian,1.0,3,3,0.647522376183641,0.4604987417092036,5.634248734705629,2.822253005092322,0.177316426913195
evogym,lamarckian,1.0,3,4,0.6761306416173203,0.5202398964814774,5.917684011008039,3.4901362831624163,0.14294495388706946
evogym,lamarckian,1.0,3,5,0.7214062419545447,0.5362222052870956,6.7418765337746365,3.9715753788991544,0.11570974160750136
evogym,lamarckian,1.0,3,6,0.7675812877726382,0.5833496962319604,7.17340379226291,4.66737111214262,0.09170814898763759
evogym,lamarckian,1.0,3,7,0.8458838284401622,0.6140909459525131,8.094305914403959,5.390431421598036,0.08464905704586008
evogym,lamarckian,1.0,3,8,0.9758215467512638,0.6038620510977223,9.345464651800777,5.66279551056218,0.08475282015314145
evogym,lamarckian,1.0,3,9,0.9758215467512638,0.6641382634523263,9.345464651800777,6.2463508325958434,0.08257667364847546
evogym,lamarckian,1.0,3,10,0.9758215467512638,0.6612635903981474,9.345464651800777,6.239661434920403,0.0857868962713907
evogym,lamarckian,1.0,3,11,0.9758215467512638,0.6948854938094277,9.345464651800777,6.583837368874636,0.07899215420679301
evogym,lamarckian,1.0,3,12,0.9975334471244283,0.7144958481822091,9.55340000446475,6.8320336635035845,0.07233211161977789
evogym,lamarckian,1.0,3,13,0.9975334471244283,0.752190366266047,9.55340000446475,7.194959574713941,0.06822325436109246
evogym,lamarckian,1.0,3,14,0.999167722544631,0.8277587404364922,9.569051496504109,7.923873083272772,0.061976759010093196
evogym,lamarckian,1.0,3,15,0.999167722544631,0.807321840345734,9.569051496504109,7.729187560377952,0.06680771240070223
evogym,lamarckian,1.0,3,16,0.9995831199660258,0.8384128820425429,9.577022236200866,8.029557147721988,0.052067660328288
evogym,lamarckian,1.0,3,17,0.9995831199660258,0.8846064852510835,9.577022236200866,8.47202107352008,0.047692894956652035
evogym,lamarckian,1.0,3,18,0.9995831199660258,0.822450986265331,9.577022236200866,7.87684007401713,0.04979646585816446
evogym,lamarckian,1.0,3,19,0.9995831199660258,0.8827081263124359,9.577022236200866,8.453983038287813,0.039955717446980295
evogym,lamarckian,1.0,3,20,0.9995831199660258,0.8154519603267255,9.577022236200866,7.810011156657073,0.037330160771586296
evogym,lamarckian,1.0,3,21,0.9995831199660258,0.8306134723104801,9.577022236200866,7.955488038835282,0.04319337153639562
evogym,lamarckian,1.0,3,22,0.9995831199660258,0.853550594173249,9.577022236200866,8.175432114254665,0.033646616703801945
evogym,lamarckian,1.0,3,23,0.9996535225864619,0.8245032505118376,9.5776967648598,7.897671490505307,0.03915556474177827
evogym,lamarckian,1.0,3,24,0.9996535225864619,0.8563858113766672,9.5776967648598,8.20319886124169,0.03541229284771186
evogym,lamarckian,1.0,3,25,0.9996535225864619,0.8380207532596866,9.5776967648598,8.027635671172646,0.029474815507293688
evogym,lamarckian,1.0,3,26,0.9996535225864619,0.850518331371025,9.5776967648598,8.14766542797668,0.033249921238526145
evogym,lamarckian,1.0,3,27,1.0,0.8743057971255379,9.581016370630962,8.376738155197334,0.03646311362182938
evogym,lamarckian,1.0,3,28,1.0,0.8349936457182512,9.581016370630962,8.0000877889994,0.03785626457858561
evogym,lamarckian,1.0,3,29,1.0,0.8440426903065992,9.581016370630962,8.08678683333893,0.037747487490221
evogym,lamarckian,1.0,3,30,1.0,0.8535256229834836,9.581016370630962,8.177642966557753,0.03777203549854233
evogym,random,0.0,1,0,0.1979180010648711,0.16542575666724146,3.8846782625430887,1.6119772258343257,0.2287983995878987
evogym,random,0.0,1,1,0.1979180010648711,0.16542575666724146,3.8846782625430887,1.6119772258343257,0.2287983995878987
evogym,random,0.0,1,2,0.20277303789801066,0.16759767506204817,4.075339230485134,1.6816647286181285,0.20789767212343194
evogym,random,0.0,1,3,0.20401833716368983,0.17339131728578977,3.712806446700462,1.7208685502152985,0.21840733722609298
evogym,random,0.0,1,4,0.20401833716368983,0.16384698649163973,3.1954938142324485,1.5394383586879337,0.20622991945723568
evogym,random,0.0,1,5,0.20875729189306114,0.17265854357117,4.893774585375491,1.7295458796080851,0.2084871252597389
evogym,random,0.0,1,6,0.20887022079167883,0.1767281763621933,4.893774585375491,1.8154580718867102,0.2168722671796041
evogym,random,0.0,1,7,0.20875729189306114,0.17314437195719065,4.893774585375491,1.9890648404810345,0.22727886356363597
evogym,random,0.0,1,8,0.21016599671572825,0.16338754020040538,4.893774585375491,1.6810232203173108,0.21410460043663707
evogym,random,0.0,1,9,0.20406271689334107,0.16800736739464778,4.396483814864007,1.4657375046664822,0.21814009157056113
evogym,random,0.0,1,10,0.20406271689334107,0.16622195778518006,4.396483814864007,1.3128747944833727,0.2143105225991727
evogym,random,0.0,1,11,0.20406271689334107,0.16401170649058236,3.4693877151846455,1.1017420380050553,0.2105724408321487
evogym,random,0.0,1,12,0.19814943625571202,0.17377419573857902,3.4693877151846455,0.910793590588559,0.21600325891574843
evogym,random,0.0,1,13,0.2099331524153003,0.17652403112660925,4.170781690756784,1.1122128162674145,0.2164733091853551
evogym,random,0.0,1,14,0.21159559772066405,0.17555872903225667,3.4572023789429,0.9590760106668432,0.2158247725684114
evogym,random,0.0,1,15,0.21401303908732616,0.16884194341769995,3.4572023789429,1.1638244911632913,0.21250743261204003
evogym,random,0.0,1,16,0.21699823501718007,0.17339131249948925,2.7751999628342565,1.0922796038183944,0.22144090704495997
evogym,random,0.0,1,17,0.20747437709714608,0.16076825407136308,3.1368770062702636,0.9617800771275835,0.21287065171685718
evogym,random,0.0,1,18,0.20025550852091,0.16032980823281962,3.1368770062702636,0.8970775318749936,0.2158490587681096
evogym,random,0.0,1,19,0.2020813780666775,0.1669072870685449,2.7363627743921155,1.0177411048049376,0.21646215903535385
evogym,random,0.0,1,20,0.20053884333444946,0.15711467248000122,3.0088237634424453,0.8752686194047342,0.2036805139046587
evogym,random,0.0,1,21,0.2030192531574466,0.1690874154384036,2.7363627743921155,0.9716097733960524,0.2143708949501951
evogym,random,0.0,1,22,0.2030192531574466,0.16761086704900732,2.548050256724513,0.9310148243536254,0.2079276175232406
evogym,random,0.0,1,23,0.2030192531574466,0.16968540782827518,2.5992015296587625,0.6912271948201634,0.2085466967804046
evogym,random,0.0,1,24,0.21135342418566502,0.18225162868046654,3.1495506098794723,0.8954520349955679,0.22161244918385536
evogym,random,0.0,1,25,0.23905149769292583,0.17668057908514517,3.1495506098794723,0.7734804755049516,0.21823515584757097
evogym,random,0.0,1,26,0.26947283730243493,0.16639857299392066,3.1495506098794723,0.7075008870178776,0.21542310845227625
evogym,random,0.0,1,27,0.26947283730243493,0.15700084375293238,1.8364227748432427,0.5018831373298204,0.20377631156260026
evogym,random,0.0,1,28,0.26947283730243493,0.16267013393487115,2.207403880013823,0.6722600148861995,0.20314442611942823
evogym,random,0.0,1,29,0.26947283730243493,0.16101550881284782,2.429581181314429,0.42381588539287823,0.1938074514840749
evogym,random,0.0,1,30,0.26947283730243493,0.18637858038324256,2.4482374047098396,0.6827358013570253,0.20176937843694173
evogym,random,0.0,2,0,0.19357336714947473,0.16000867783883216,4.415891458330136,1.667350063478093,0.21722379510773085
evogym,random,0.0,2,1,0.19357336714947473,0.16000867783883216,4.415891458330136,1.667350063478093,0.21722379510773085
evogym,random,0.0,2,2,0.19357336714947473,0.15988841262701317,4.755536728781606,1.842803090323607,0.2040204402686186
evogym,random,0.0,2,3,0.19987987967168078,0.16327444328823423,4.755536728781606,1.6029393882586302,0.20493982135658398
evogym,random,0.0,2,4,0.19987987967168078,0.17073557994943372,5.543805694221748,1.8010405153944777,0.20719231903325191
evogym,random,0.0,2,5,0.19987987967168078,0.16448624445152318,4.3461088769537275,1.6347767558249697,0.2065671664771938
evogym,random,0.0,2,6,0.19987987967168078,0.15848957198443525,4.3461088769537275,1.6853074231579932,0.19748659294796897
evogym,random,0.0,2,7,0.19987987967168078,0.16372154523007118,4.3461088769537275,1.8104385584407905,0.20738167772970512
evogym,random,0.0,2,8,0.1994761533109232,0.14867223987166958,5.470198344555683,2.104449299510786,0.20515918454726206
evogym,random,0.0,2,9,0.1994761533109232,0.15405020914565865,5.470198344555683,1.97632849477509,0.20149411273950174
evogym,random,0.0,2,10,0.1994761533109232,0.16220375844148774,4.062948400688754,1.5505952542535337,0.20806655624897682
evogym,random,0.0,2,11,0.20522383430752353,0.14781386473337477,3.7931876485082223,1.6447133405875387,0.19547543216465113
evogym,random,0.0,2,12,0.20720082305439574,0.1677273711216254,4.3426198937550105,1.5847520375092305,0.20943225395152484
evogym,random,0.0,2,13,0.21033905192827207,0.1711844611897945,4.236119412886703,1.4179656726468992,0.21458611228465743
evogym,random,0.0,2,14,0.20817587208567734,0.16321133733539983,4.108492539431171,1.5497564426956658,0.20618304690995326
evogym,random,0.0,2,15,0.20817587208567734,0.17072553343840594,4.473964062355747,1.2839763937764053,0.21460706801816826
evogym,random,0.0,2,16,0.2098849220439954,0.1619976654570005,4.473964062355747,1.361702035654899,0.20613386046926716
evogym,random,0.0,2,17,0.23103436562131982,0.18306029457707224,4.1569376346903075,1.022312315443269,0.21999601526411872
evogym,random,0.0,2,18,0.23126354058628237,0.190811586681501,4.1569376346903075,1.1134136189014392,0.2278293514082196
evogym,random,0.0,2,19,0.2604541580145432,0.19350182864829096,6.3428209582210044,1.2927573454834949,0.2362395455992571
evogym,random,0.0,2,20,0.2604541580145432,0.19128779708635654,6.3428209582210044,1.1584911934558126,0.23821719908002645
evogym,random,0.0,2,21,0.2604541580145432,0.19185999461219283,6.3428209582210044,1.6697140002464081,0.240840945122431
evogym,random,0.0,2,22,0.2604541580145432,0.18951637265309373,4.027584830085075,1.101079457104098,0.24165109782550925
evogym,random,0.0,2,23,0.2604541580145432,0.17568696270804357,3.5713746738118184,1.1764567400928085,0.22739865550730998
evogym,random,0.0,2,24,0.2604541580145432,0.18927758098144729,3.270847217908802,0.9749507801644512,0.23434283416435045
evogym,random,0.0,2,25,0.2604541580145432,0.18141704809557188,3.46408669568982,1.2391510867591353,0.23572279766755852
evogym,random,0.0,2,26,0.32713137361543226,0.18117454657444576,3.616665957857576,1.2495149168828585,0.2308201336129184
evogym,random,0.0,2,27,0.32713137361543226,0.1755968223968007,3.616665957857576,1.069474380698599,0.22908707995760147
evogym,random,0.0,2,28,0.32713137361543226,0.16855231481982977,4.259007416884403,1.1844175467095146,0.2198293744338804
evogym,random,0.0,2,29,0.32713137361543226,0.1857894330229697,3.616665957857576,0.7232384571352575,0.21707974471613284
evogym,random,0.0,2,30,0.32713137361543226,0.19486602871793507,3.616665957857576,1.157306181776178,0.2107720741379977
evogym,random,0.0,3,0,0.20201702216031123,0.15156084338329998,3.4608232368429026,1.4890994227370447,0.22692370381594423
evogym,random,0.0,3,1,0.20201702216031123,0.15156084338329998,3.4608232368429026,1.4890994227370447,0.22692370381594423
evogym,random,0.0,3,2,0.20201702216031123,0.15221481881391616,4.19320490720948,1.6332120467848543,0.20372306455172656
evogym,random,0.0,3,3,0.20201702216031123,0.15972414629938636,4.19320490720948,1.8944627373503349,0.2158232868832798
evogym,random,0.0,3,4,0.20201702216031123,0.15102524412288792,4.039940409046586,1.7704772392550634,0.20579945770427358
evogym,random,0.0,3,5,0.20201702216031123,0.1511498475982731,3.8378888262335336,1.5064958445058585,0.20479998327893592
evogym,random,0.0,3,6,0.21381343936059685,0.15839417753461066,3.3916035976293997,1.229442503149497,0.20417959814391642
evogym,random,0.0,3,7,0.21381343936059685,0.16488533288079238,4.603986798981986,1.6614878464308416,0.20982977563953056
evogym,random,0.0,3,8,0.21381343936059685,0.16226321311192055,3.6723239193195365,1.4358712595058325,0.21050241994951618
evogym,random,0.0,3,9,0.21381343936059685,0.16572503353559345,4.171228133341446,1.2743480074397007,0.21222454282245806
evogym,random,0.0,3,10,0.21381343936059685,0.17269345578726492,3.6723239193195365,1.3481917903361973,0.22491467024497905
evogym,random,0.0,3,11,0.20608721593845214,0.17172879476426134,3.9673404365241294,1.2302715664428967,0.21958093736174736
evogym,random,0.0,3,12,0.2079365599723084,0.1696445977310793,4.692080366442619,1.6821985545104337,0.21721873367175437
evogym,random,0.0,3,13,0.2081368257498663,0.16618167459837077,3.6723239193195365,1.2523539988414303,0.2053965469551576
evogym,random,0.0,3,14,0.21878155196756943,0.18053356950237331,3.6723239193195365,1.386053451567575,0.21300813406718766
evogym,random,0.0,3,15,0.2217162406832783,0.18472166490628322,4.556493170080586,1.6804244510382582,0.2178435585851736
evogym,random,0.0,3,16,0.2183212851127156,0.18808341503359916,3.6723239193195365,1.188265892184064,0.22455734221326146
evogym,random,0.0,3,17,0.2183212851127156,0.17706064063132032,4.6588273206467745,1.2130072731075752,0.2223178649657152
evogym,random,0.0,3,18,0.2018019645987464,0.16622538730324962,4.6588273206467745,1.081006622527224,0.21320239533310045
evogym,random,0.0,3,19,0.2018019645987464,0.16616005724222058,3.9470734507809984,1.226460941094433,0.2073135348641312
evogym,random,0.0,3,20,0.20296405136764628,0.1740210522118968,3.6723239193195365,1.1474123152686717,0.2042898098307755
evogym,random,0.0,3,21,0.2044486754936978,0.1824068666203169,3.6723239193195365,1.1184213197894457,0.21570730532345445
evogym,random,0.0,3,22,0.20455137873079046,0.18029719742769595,3.832279241986927,1.141882536871923,0.22134284587355676
evogym,random,0.0,3,23,0.2044486754936978,0.17219671148596427,3.832279241986927,0.7409532721865909,0.21913952068719525
evogym,random,0.0,3,24,0.25122724485573744,0.17335534323810528,3.832279241986927,0.8263107393392899,0.21384728864216762
evogym,random,0.0,3,25,0.25122724485573744,0.17306846600195774,2.6566921495822577,0.6794070156589955,0.21424142967399096
evogym,random,0.0,3,26,0.26082236404746706,0.17121946595993204,2.5087685590938995,0.7133794632112271,0.2125531029100305
evogym,random,0.0,3,27,0.28744955259161337,0.17563946837178357,2.839347407668034,0.5417934386893825,0.21364731331621512
evogym,random,0.0,3,28,0.3267354532353757,0.1765800331924113,3.9296106407263274,0.5836854012701875,0.2066369736740857
evogym,random,0.0,3,29,0.3267354532353757,0.19169647564820877,3.9296106407263274,0.6702639712215348,0.21119938560543278
evogym,random,0.0,3,30,0.3267354532353757,0.2016530904640598,3.825615882586588,0.6398235347876005,0.21090586475536335
evogym,random,0.5,1,0,0.4302543877165496,0.23127499171187557,4.020633795978795,1.6548159294147893,0.2192579809732095
evogym,random,0.5,1,1,0.4302543877165496,0.23127499171187557,4.020633795978795,1.6548159294147893,0.2192579809732095
evogym,random,0.5,1,2,0.4302543877165496,0.24934127021037855,5.242835343320853,1.9016816573422965,0.20093665051015086
evogym,random,0.5,1,3,0.4302543877165496,0.27601514171677044,6.2137756949631315,2.383647445163593,0.1907678705002231
evogym,random,0.5,1,4,0.4302543877165496,0.3165916141013635,6.2137756949631315,3.049830691200534,0.1689586615600666
evogym,random,0.5,1,5,0.4302543877165496,0.35062234895906647,6.2137756949631315,3.693908195933426,0.14771900656149373
evogym,random,0.5,1,6,0.4302543877165496,0.3667317074728397,6.2137756949631315,4.1503466046009425,0.1336392689331825
evogym,random,0.5,1,7,0.4471807136045871,0.3731150478012211,6.645629347373331,4.601041515881303,0.12110875254257067
evogym,random,0.5,1,8,0.4471807136045871,0.37574348376896605,6.952740474050068,4.9134250187338075,0.1174162120878836
evogym,random,0.5,1,9,0.4850950834649375,0.35955397102747344,8.401406601789395,5.023388127682599,0.12888862555660058
evogym,random,0.5,1,10,0.4850950834649375,0.37453726008688115,8.401406601789395,5.224930937665182,0.1384558851835107
evogym,random,0.5,1,11,0.4850950834649375,0.3939528976221203,8.401406601789395,5.843256812787365,0.1173095894425908
evogym,random,0.5,1,12,0.4888407961069941,0.3917207758898076,8.558988793359298,5.797403295373186,0.12974129901348708
evogym,random,0.5,1,13,0.4888407961069941,0.4000794582631911,8.558988793359298,6.092112767904963,0.11979830034307612
evogym,random,0.5,1,14,0.5230235498546462,0.40996264288403844,8.918132037395754,6.529944446017241,0.11095491238575113
evogym,random,0.5,1,15,0.5230235498546462,0.39781885757501145,8.918132037395754,6.2540814139380245,0.12219008504218035
evogym,random,0.5,1,16,0.5502873840213418,0.42354383880449936,9.23235533023818,6.929752614935241,0.1130490672185525
evogym,random,0.5,1,17,0.5502873840213418,0.41647891950746424,9.275919062534236,6.805877705217528,0.11652628117923239
evogym,random,0.5,1,18,0.5760320201192994,0.427343229638543,9.564945599369466,7.10220114877593,0.116436102981365
evogym,random,0.5,1,19,0.5760320201192994,0.4364252891692795,9.564945599369466,7.3043050247790635,0.11397190202446286
evogym,random,0.5,1,20,0.5760320201192994,0.4379511970167595,9.565358767689567,7.295433901413889,0.11496964669746294
evogym,random,0.5,1,21,0.5760320201192994,0.44127378565403985,9.573547593933789,7.379407106543573,0.11422504486143074
evogym,random,0.5,1,22,0.5760320201192994,0.4641717281021561,9.573547593933789,7.869947646253406,0.1079273519910795
evogym,random,0.5,1,23,0.5760320201192994,0.45204038674931546,9.594025789718541,7.599696274258288,0.11284226985251986
evogym,random,0.5,1,24,0.5760320201192994,0.45762833000276804,9.594025789718541,7.685563560225631,0.11628366613398114
evogym,random,0.5,1,25,0.5760320201192994,0.46464696231704333,9.594025789718541,7.903068880455268,0.10660767017773243
evogym,random,0.5,1,26,0.5760320201192994,0.4648031146244003,9.594025789718541,7.7625524502442875,0.12159259256218838
evogym,random,0.5,1,27,0.5760320201192994,0.4887018444538208,9.594025789718541,8.277138154535788,0.11592057225447483
evogym,random,0.5,1,28,0.5760320201192994,0.4699535489308634,9.592540642733859,7.893133105872481,0.11806518274421378
evogym,random,0.5,1,29,0.5760320201192994,0.46631161652407016,9.592540642733859,7.823085054945176,0.11707466791421686
evogym,random,0.5,1,30,0.5760320201192994,0.4816616628856528,9.59348919344961,8.100960998143986,0.11717818646746911
evogym,random,0.5,2,0,0.4037955253175863,0.2231438069730422,3.848493334078223,1.5665373564524372,0.2358973106441867
evogym,random,0.5,2,1,0.4037955253175863,0.2231438069730422,3.848493334078223,1.5665373564524372,0.2358973106441867
evogym,random,0.5,2,2,0.4500380999359568,0.2431407321496064,5.843362151326116,1.8700997318852057,0.205913837061208
evogym,random,0.5,2,3,0.4547198393919714,0.2887969169734715,5.843362151326116,2.5291499197957568,0.17752125496319568
evogym,random,0.5,2,4,0.4547198393919714,0.32470412553105016,5.843362151326116,3.030669093842792,0.16329001383545824
evogym,random,0.5,2,5,0.49014496974877664,0.3465819042547406,6.163178605449,3.428710911178527,0.15442221341581377
evogym,random,0.5,2,6,0.49014496974877664,0.34237404720075193,6.163178605449,3.432063360770371,0.15100807733677124
evogym,random,0.5,2,7,0.4909997039299279,0.38390895462242075,6.163178605449,4.080581878206992,0.13390734439044763
evogym,random,0.5,2,8,0.4909997039299279,0.4059491226010106,6.218481068027712,4.594049043902458,0.11416270562751177
evogym,random,0.5,2,9,0.4909997039299279,0.4118814311752483,6.508158716918431,4.844844460493532,0.11335355216264494
evogym,random,0.5,2,10,0.4909997039299279,0.40724428075632424,6.767350043154506,4.909425242733567,0.11607101682584667
evogym,random,0.5,2,11,0.4909997039299279,0.4319721259922419,6.767350043154506,5.369601209296018,0.11606620421404687
evogym,random,0.5,2,12,0.4909997039299279,0.43264399151705624,6.767350043154506,5.461664442290836,0.11853735185394591
evogym,random,0.5,2,13,0.4777408355990983,0.406549955503975,7.22307038802481,5.32271970453273,0.11778648005282522
evogym,random,0.5,2,14,0.4777408355990983,0.41713840919257417,7.22307038802481,5.477804121977901,0.12347515148501662
evogym,random,0.5,2,15,0.4777408355990983,0.3990590381984742,7.684907618916487,5.374903240414635,0.12713078709201048
evogym,random,0.5,2,16,0.4939333870332389,0.39570886531067484,7.7955718589520995,5.454229091245078,0.12070820986593893
evogym,random,0.5,2,17,0.4939333870332389,0.4033791160760309,7.7955718589520995,5.541017762303977,0.13146883470173643
evogym,random,0.5,2,18,0.4939333870332389,0.4156099028377233,8.210514291733483,5.893481133217143,0.13229375322593634
evogym,random,0.5,2,19,0.4939333870332389,0.4078797961267117,8.210514291733483,5.775817894151126,0.13459866141971813
evogym,random,0.5,2,20,0.4939333870332389,0.40577073921278356,8.210514291733483,5.786676502199166,0.13130987022297816
evogym,random,0.5,2,21,0.4939333870332389,0.41259940965057024,8.210514291733483,5.983698308727012,0.12987616711732095
evogym,random,0.5,2,22,0.4939333870332389,0.4153678998082159,8.210514291733483,6.054843549257017,0.13075016845556692
evogym,random,0.5,2,23,0.4939333870332389,0.3972173045671171,8.375653201050397,5.838112873398086,0.12955704342467658
evogym,random,0.5,2,24,0.4939333870332389,0.4101601252636006,8.50653335537038,6.216151276999602,0.12675659077505502
evogym,random,0.5,2,25,0.4939333870332389,0.4203939854728155,8.50653335537038,6.466421260734326,0.12286340583653903
evogym,random,0.5,2,26,0.5143363326600499,0.4040160710294252,8.69284056261617,6.236589024350815,0.13024764750228282
evogym,random,0.5,2,27,0.5143363326600499,0.39782270416096044,8.910195267039168,6.34322530655882,0.11683827986901082
evogym,random,0.5,2,28,0.5167956319814101,0.4052279140477135,9.027109967080397,6.544962666435362,0.11473906614815119
evogym,random,0.5,2,29,0.5371285150276285,0.4048096901560717,9.569893290625512,6.645328842172458,0.11995734652380648
evogym,random,0.5,2,30,0.5371285150276285,0.4155891326625511,9.569893290625512,6.844938539962496,0.11986423379900406
evogym,random,0.5,3,0,0.34336434537728117,0.22872908560066346,3.358130982579555,1.545418305096855,0.25180164480284956
evogym,random,0.5,3,1,0.34336434537728117,0.22872908560066346,3.358130982579555,1.545418305096855,0.25180164480284956
evogym,random,0.5,3,2,0.42383659341117913,0.23949158671804,5.74542238107565,1.7629660536341483,0.22467105446255897
evogym,random,0.5,3,3,0.42383659341117913,0.2825872848707342,5.74542238107565,2.4567114340068104,0.2095772823109153
evogym,random,0.5,3,4,0.45414759240387814,0.29657865669539435,6.63815286339834,2.8462730443161646,0.19970357636255076
evogym,random,0.5,3,5,0.45414759240387814,0.3067771464912271,6.63815286339834,3.0708455786207383,0.1970803767488452
evogym,random,0.5,3,6,0.45414759240387814,0.30458358662264895,6.63815286339834,3.173848888068153,0.17946359423846717
evogym,random,0.5,3,7,0.4694282824678289,0.32046035431304626,6.63815286339834,3.5609784462842526,0.16534678718148996
evogym,random,0.5,3,8,0.47130768405137946,0.323730589478591,7.711667964185198,3.8258676386519275,0.16817689613506612
evogym,random,0.5,3,9,0.47130768405137946,0.33069874296585394,7.711667964185198,4.023773868321077,0.15802543827590548
evogym,random,0.5,3,10,0.47130768405137946,0.3281850948316636,7.711667964185198,3.960574508721637,0.15948989296134258
evogym,random,0.5,3,11,0.47130768405137946,0.347431285905087,7.711667964185198,4.244489276406765,0.16128054775528866
evogym,random,0.5,3,12,0.47130768405137946,0.3584748122251472,7.711667964185198,4.493995969060101,0.1495916932095159
evogym,random,0.5,3,13,0.47130768405137946,0.36437583929163664,7.711667964185198,4.685071647965194,0.13848450953473454
evogym,random,0.5,3,14,0.47130768405137946,0.37208568325817976,7.711667964185198,4.805861208696693,0.1463358401842944
evogym,random,0.5,3,15,0.47130768405137946,0.36961669968581545,7.711667964185198,4.8204702948042115,0.14077026572431323
evogym,random,0.5,3,16,0.47130768405137946,0.3613562720833657,7.711667964185198,4.621829793235522,0.149446188583623
evogym,random,0.5,3,17,0.47130768405137946,0.3714712919498236,7.711667964185198,4.863035628416673,0.13845955747937141
evogym,random,0.5,3,18,0.47130768405137946,0.40037926915388056,7.711667964185198,5.360496396623494,0.13196458413488515
evogym,random,0.5,3,19,0.47130768405137946,0.39072706061118,7.711667964185198,5.214764785385209,0.131551956378751
evogym,random,0.5,3,20,0.47130768405137946,0.3760987028008026,7.711667964185198,4.953285932648269,0.1358358172205319
evogym,random,0.5,3,21,0.47130768405137946,0.40024418403917733,7.711667964185198,5.4563055377318275,0.1265447511666096
evogym,random,0.5,3,22,0.47130768405137946,0.39736184675985775,7.711667964185198,5.325205555633137,0.13824500986429675
evogym,random,0.5,3,23,0.47130768405137946,0.38725003120420476,7.711667964185198,5.230057708698125,0.13488611249737345
evogym,random,0.5,3,24,0.47130768405137946,0.3845094484335421,7.711667964185198,5.234566984233462,0.13459262072973
evogym,random,0.5,3,25,0.47130768405137946,0.3902897632886229,7.711667964185198,5.449482664891797,0.12626480284090547
evogym,random,0.5,3,26,0.47130768405137946,0.38723374476135525,7.711667964185198,5.4092401797946605,0.1321040186357058
evogym,random,0.5,3,27,0.47130768405137946,0.3968775346539873,7.711667964185198,5.656807618849525,0.1304782083519982
evogym,random,0.5,3,28,0.47130768405137946,0.38097152860600825,7.711667964185198,5.444439297323326,0.1296729055986781
evogym,random,0.5,3,29,0.5464457487568251,0.3697321943852094,9.186986715804768,5.6491037217116045,0.12798601026379897
evogym,random,0.5,3,30,0.5464457487568251,0.3733872694511292,9.186986715804768,5.684985110106745,0.13118987231067064
evogym,random,1.0,1,0,0.5405774855213121,0.2493797681936734,4.234271172514798,1.6960205074870178,0.22415701851671965
evogym,random,1.0,1,1,0.5405774855213121,0.2493797681936734,4.234271172514798,1.6960205074870178,0.22415701851671965
evogym,random,1.0,1,2,0.7488763218420389,0.27593525443744954,6.637496537050246,1.893884288166421,0.20010928507200734
evogym,random,1.0,1,3,0.7488763218420389,0.37045216109887213,6.637496537050246,2.5830958523123106,0.16847538997681716
evogym,random,1.0,1,4,0.7655612456153482,0.45354158606584305,6.785379599361366,3.2769350207025854,0.14385581567828976
evogym,random,1.0,1,5,0.7858268991932251,0.5208565664953734,6.785379599361366,3.882792360629493,0.13005011795810834
evogym,random,1.0,1,6,0.836105061128306,0.5681529065002204,7.832866306726462,4.543904164202854,0.11487222896259053
evogym,random,1.0,1,7,0.836105061128306,0.6275815204579653,7.832866306726462,5.075499278194212,0.09592899146315767
evogym,random,1.0,1,8,0.836105061128306,0.6790560015871786,7.832866306726462,5.56792344723556,0.0713955051307478
evogym,random,1.0,1,9,0.8404221041529841,0.6961348166364484,7.832866306726462,5.731343671220271,0.07299274200933484
evogym,random,1.0,1,10,0.8464854368282276,0.6858742566942579,7.832866306726462,5.726431315607366,0.07796559849640476
evogym,random,1.0,1,11,0.8464854368282276,0.6817975687726111,7.832866306726462,5.762882192982913,0.07659450841338081
evogym,random,1.0,1,12,0.8464854368282276,0.6940866641982726,7.832866306726462,5.972245018901363,0.06541316896539492
evogym,random,1.0,1,13,0.9264574191489375,0.6641347405662006,8.863274673611992,6.0510666078322854,0.07050270563670089
evogym,random,1.0,1,14,0.9264574191489375,0.6531198706409975,8.863274673611992,5.998933616445334,0.06410922468301584
evogym,random,1.0,1,15,0.9264574191489375,0.6725231069763025,8.863274673611992,6.223496020425812,0.06380455835068559
evogym,random,1.0,1,16,0.9901928312440468,0.6633640149413036,9.473021492147632,6.311607115979685,0.06217856503186344
evogym,random,1.0,1,17,0.9901928312440468,0.6708167843590627,9.473021492147632,6.38746267771299,0.05923823755552608
evogym,random,1.0,1,18,0.9901928312440468,0.6551939165577162,9.473021492147632,6.2422717096087865,0.060323492630617405
evogym,random,1.0,1,19,0.999215870041977,0.654351565450322,9.55934350717362,6.255862369744745,0.06880591390347379
evogym,random,1.0,1,20,0.999215870041977,0.6983972324300454,9.55934350717362,6.677330483733914,0.05862847025119966
evogym,random,1.0,1,21,0.999215870041977,0.7002144141190617,9.55934350717362,6.694864267401563,0.05856918152618754
evogym,random,1.0,1,22,0.999215870041977,0.7075014995649346,9.55934350717362,6.764606507048501,0.0671452311719182
evogym,random,1.0,1,23,0.999215870041977,0.7234059642852047,9.55934350717362,6.916809842795779,0.05835387157544457
evogym,random,1.0,1,24,0.999215870041977,0.6934642422585013,9.55934350717362,6.630751928111661,0.06337323693217353
evogym,random,1.0,1,25,0.999215870041977,0.7452108622491126,9.55934350717362,7.125835492676624,0.05652147552124052
evogym,random,1.0,1,26,0.999215870041977,0.7173979636694687,9.55934350717362,6.8603900583012365,0.05820383631722261
evogym,random,1.0,1,27,0.999215870041977,0.7362800406614926,9.55934350717362,7.041149547322395,0.061269836952253146
evogym,random,1.0,1,28,0.999215870041977,0.7181501327213301,9.55934350717362,6.868451993640844,0.06008501285076484
evogym,random,1.0,1,29,1.0,0.7492249368000067,9.566845157065043,7.167718958177501,0.0551475238142337
evogym,random,1.0,1,30,1.0,0.75347433025822,9.566845157065043,7.2083722474036716,0.05889224184445657
evogym,random,1.0,2,0,0.5633081392713919,0.3444272460941391,3.2365810931845185,1.5191496412696626,0.24128969129541566
evogym,random,1.0,2,1,0.5633081392713919,0.3444272460941391,3.2365810931845185,1.5191496412696626,0.24128969129541566
evogym,random,1.0,2,2,0.7227790447751583,0.38878561644512527,4.152847842559212,1.8002498282650177,0.20863537127274712
evogym,random,1.0,2,3,0.7532069376856304,0.47346797641317684,4.327676388489436,2.351701439106973,0.17647771894586806
evogym,random,1.0,2,4,0.7532069376856304,0.506516125105979,5.03115339943622,2.775234730882746,0.1543099780500622
evogym,random,1.0,2,5,0.7752985472191086,0.5467708011903378,5.745667189135343,3.1835967889752936,0.13465174360743976
evogym,random,1.0,2,6,0.7752985472191086,0.5991072053636717,5.745667189135343,3.5151239369506606,0.12110924357770539
evogym,random,1.0,2,7,0.7752985472191086,0.5844698539180176,5.745667189135343,3.4627983059710603,0.11915642993979136
evogym,random,1.0,2,8,0.7752985472191086,0.6295111120693571,5.745667189135343,3.7768160541715217,0.11544866720072453
evogym,random,1.0,2,9,0.7752985472191086,0.6493886457620309,5.745667189135343,3.9940677571859786,0.10987874899665721
evogym,random,1.0,2,10,0.7752985472191086,0.6376577753322232,5.745667189135343,4.039299210729761,0.11401231925777129
evogym,random,1.0,2,11,0.8114747511231826,0.642682776515989,6.154971942294752,4.253502687158566,0.10860963129104265
evogym,random,1.0,2,12,0.822113682836223,0.6320712638902741,6.757947305690394,4.415697345677922,0.10893123798339317
evogym,random,1.0,2,13,0.822113682836223,0.6552428799341286,6.757947305690394,4.609517096240056,0.11335430521639818
evogym,random,1.0,2,14,0.822113682836223,0.6419787128784289,6.757947305690394,4.5692162783203845,0.11296191955484076
evogym,random,1.0,2,15,0.822113682836223,0.6401308246747881,6.757947305690394,4.626039441681193,0.11169640680764967
evogym,random,1.0,2,16,0.822113682836223,0.6407717080470862,7.395680135191263,4.840173243886821,0.1054863460655038
evogym,random,1.0,2,17,0.822113682836223,0.6402912850440516,7.395680135191263,4.894775198064982,0.10644794820907026
evogym,random,1.0,2,18,0.8290222475222542,0.6742513587778222,7.410909268106172,5.204388390125349,0.09714024659966936
evogym,random,1.0,2,19,0.8290222475222542,0.6306340833860259,7.410909268106172,4.961226141074091,0.0956862327769197
evogym,random,1.0,2,20,0.8290222475222542,0.6679134389148275,7.410909268106172,5.291567044206664,0.08772315153023941
evogym,random,1.0,2,21,0.8290222475222542,0.6151680719480399,7.410909268106172,4.93259766815863,0.09318408582856288
evogym,random,1.0,2,22,0.8295683624999248,0.666306044749218,7.584921075825836,5.500494960283961,0.09429746476935875
evogym,random,1.0,2,23,0.8295683624999248,0.682980694359369,7.584921075825836,5.78070253473458,0.09461020251309277
evogym,random,1.0,2,24,0.9134679145894821,0.6438937809336795,8.741824477842869,5.8441663921197815,0.09590819044620837
evogym,random,1.0,2,25,0.9134679145894821,0.6524830918754744,8.741824477842869,6.0171818087689655,0.10796006237382554
evogym,random,1.0,2,26,0.9981916328017489,0.6588066074093597,9.552624574805995,6.296856825137179,0.10454648839097051
evogym,random,1.0,2,27,0.9981916328017489,0.6998695148503631,9.552624574805995,6.690961100737162,0.09807576177376316
evogym,random,1.0,2,28,0.9981916328017489,0.7356740126447239,9.552624574805995,7.035143365826643,0.09962307914362482
evogym,random,1.0,2,29,1.0,0.7694324192316533,9.569930523253788,7.363414794386005,0.0919679391919373
evogym,random,1.0,2,30,1.0,0.7917944058801608,9.569930523253788,7.5774174529741485,0.09441217151364853
evogym,random,1.0,3,0,0.6382090820670934,0.32749199094157555,4.668713721633749,1.827996636854315,0.2310869827659141
evogym,random,1.0,3,1,0.6382090820670934,0.32749199094157555,4.668713721633749,1.827996636854315,0.2310869827659141
evogym,random,1.0,3,2,0.6955816603143883,0.3510482546548353,4.668713721633749,1.973497529361584,0.2081048461854445
evogym,random,1.0,3,3,0.7574162149026697,0.40768543919113565,6.127592742308834,2.5756785517843985,0.1688160949995931
evogym,random,1.0,3,4,0.7574162149026697,0.48845519328178255,6.127592742308834,3.1184315906928037,0.15039645901042817
evogym,random,1.0,3,5,0.7574162149026697,0.5439134838718048,6.127592742308834,3.556304509210082,0.13287859609401245
evogym,random,1.0,3,6,0.7574162149026697,0.619648261634068,6.127592742308834,4.2132805174196175,0.10430134007390872
evogym,random,1.0,3,7,0.7674162898654563,0.5980433562445369,7.315335761929721,4.4425550237191604,0.10076129999308939
evogym,random,1.0,3,8,0.7674162898654563,0.6530439699755535,7.315335761929721,4.944332381015159,0.09288448134283481
evogym,random,1.0,3,9,0.7800602263440812,0.6181659097912323,7.315335761929721,4.761099327379842,0.09615328823966299
evogym,random,1.0,3,10,0.7800602263440812,0.6382902567869176,7.315335761929721,4.97108326918284,0.09753101498859164
evogym,random,1.0,3,11,0.7800602263440812,0.6449974587288163,7.315335761929721,5.1413378292616185,0.09520728502948779
evogym,random,1.0,3,12,0.847943347491784,0.6746834107657467,8.09012617071612,5.7537077068424445,0.09118951291053021
evogym,random,1.0,3,13,0.847943347491784,0.655152511621304,8.09012617071612,5.70033199118335,0.09786803811967185
evogym,random,1.0,3,14,0.893554848742093,0.6686213406685289,8.525300054728874,6.049996311522731,0.09908941528050447
evogym,random,1.0,3,15,0.893554848742093,0.6338941710352972,8.525300054728874,5.783668308447898,0.10003355490049323
evogym,random,1.0,3,16,0.9988025568846478,0.6371152438623087,9.531332272232227,6.073829626706995,0.09761623729544541
evogym,random,1.0,3,17,0.9988025568846478,0.6825842434692821,9.531332272232227,6.507876925897827,0.08896396754265071
evogym,random,1.0,3,18,0.9989167288638234,0.6928118886695129,9.532421787935005,6.606302792159096,0.08391338196434205
evogym,random,1.0,3,19,0.9989167288638234,0.6929976975576847,9.532421787935005,6.608725796036987,0.08013793217100981
evogym,random,1.0,3,20,0.9989167288638234,0.7269940367851777,9.532421787935005,6.933898420184851,0.08318220584969901
evogym,random,1.0,3,21,0.9998031326061451,0.7111021988406993,9.54088052538735,6.784775514530838,0.07664678408589175
evogym,random,1.0,3,22,0.9998031326061451,0.7859456918757582,9.54088052538735,7.498918510296084,0.07273233889671858
evogym,random,1.0,3,23,0.9998031326061451,0.8314585594709056,9.54088052538735,7.933267652624366,0.04910383669697234
evogym,random,1.0,3,24,0.9998031326061451,0.805187736369661,9.54088052538735,7.682823796272596,0.04419877775633514
evogym,random,1.0,3,25,0.9998031326061451,0.7969528959235148,9.54088052538735,7.604407526983162,0.049956698637652217
evogym,random,1.0,3,26,0.9998031326061451,0.8275349304321129,9.54088052538735,7.896308810598323,0.04669683896695316
evogym,random,1.0,3,27,0.9999520880959208,0.7892102474633182,9.542301971755343,7.531109701281895,0.054805551358734786
evogym,random,1.0,3,28,1.0,0.8364090043391951,9.542759183517994,7.981649707334993,0.038177326507010834
evogym,random,1.0,3,29,1.0,0.7678170320147572,9.542759183517994,7.327093033520351,0.0472188120424379
evogym,random,1.0,3,30,1.0,0.7988593840176181,9.542759183517994,7.623322723173651,0.05133558240240364
evogym,random_many,0.0,1,0,0.20873918111664053,0.17616208836602093,4.65765742494497,1.868718264695768,0.23576462963583675
evogym,random_many,0.0,1,1,0.20873918111664053,0.17616208836602093,4.65765742494497,1.868718264695768,0.23576462963583675
evogym,random_many,0.0,1,2,0.20873918111664053,0.1758584986130947,4.65765742494497,1.9435710000645385,0.22015119349867512
evogym,random_many,0.0,1,3,0.20897204053879984,0.1725364847720591,5.084692446885816,2.026468608957306,0.22213831036343373
evogym,random_many,0.0,1,4,0.20897204053879984,0.1766149592073521,6.000684880995053,2.2549046838026046,0.22296775526763574
evogym,random_many,0.0,1,5,0.2028939068026359,0.177896133345897,6.000684880995053,2.0551846758874985,0.22199108612815038
evogym,random_many,0.0,1,6,0.2028939068026359,0.1782738825564623,6.2346487340422785,2.19898668648869,0.2193133410592413
evogym,random_many,0.0,1,7,0.20274634250434392,0.16916996260004963,5.369937610676311,1.7643722857623438,0.21497075197103127
evogym,random_many,0.0,1,8,0.20365639844202243,0.17164864872023577,5.369937610676311,2.0067919550045668,0.21837338752352867
evogym,random_many,0.0,1,9,0.21382054349789092,0.16620647186551682,4.849514442970218,1.4394505297620497,0.2136331796688696
evogym,random_many,0.0,1,10,0.2143803727964863,0.17452130179234418,5.406852043667996,1.9972929201818972,0.2137065451814648
evogym,random_many,0.0,1,11,0.21954737756552015,0.1794075707525027,4.949822282019428,2.0038716742064344,0.22391808688256418
evogym,random_many,0.0,1,12,0.21225093641955572,0.17993240303210728,4.312990387437379,1.6542891461466134,0.22742933539300764
evogym,random_many,0.0,1,13,0.2063429419231449,0.17424179620654123,4.312990387437379,1.5684141448486695,0.22234475280222488
evogym,random_many,0.0,1,14,0.2063429419231449,0.17332540694752502,5.153383767666638,1.73982463271228,0.22148163307710833
evogym,random_many,0.0,1,15,0.2124339637014925,0.17864277729202718,3.4095684188226225,1.349197873779235,0.22441046002435291
evogym,random_many,0.0,1,16,0.2124339637014925,0.1712005546181679,5.237672319073661,1.3798880986289122,0.2209912783332073
evogym,random_many,0.0,1,17,0.21681961928556379,0.17298608299744483,5.237672319073661,1.16710775377585,0.22175251937144708
evogym,random_many,0.0,1,18,0.22167587114026474,0.17915545590345647,5.237672319073661,1.5574685776926358,0.2297989497440207
evogym,random_many,0.0,1,19,0.22167587114026474,0.17607179870684334,5.346363255035067,1.891534158012287,0.2260423814594758
evogym,random_many,0.0,1,20,0.22167587114026474,0.16737862317529223,5.346363255035067,1.6231200771212138,0.21627226352604828
evogym,random_many,0.0,1,21,0.21298226739267315,0.19092542535495086,3.726481122504134,1.350176217007825,0.23044689029745608
evogym,random_many,0.0,1,22,0.2123743870308809,0.18645484816148955,3.5100861508554737,1.1917910450844493,0.22952301704132108
evogym,random_many,0.0,1,23,0.2123743870308809,0.17521348337382117,4.705697467289301,1.2019901461033073,0.22090378935104646
evogym,random_many,0.0,1,24,0.22852907950409979,0.18052690906945837,3.1224449107443655,0.9759702951211014,0.2169339499580482
evogym,random_many,0.0,1,25,0.22852907950409979,0.18666271281388383,3.2347120431540404,1.1122685218492887,0.2181884816723001
evogym,random_many,0.0,1,26,0.22852907950409979,0.19020322895017902,5.74906901834015,1.3994106365519845,0.22778988830450736
evogym,random_many,0.0,1,27,0.2799054828417112,0.1856586070609642,6.6911701584805225,1.531699411892457,0.22580813119088555
evogym,random_many,0.0,1,28,0.2944333480177425,0.1918197218055704,4.315919922309193,1.0153733007515346,0.2305808124597734
evogym,random_many,0.0,1,29,0.33195105732078695,0.19778066412472578,4.315919922309193,1.2962278173561572,0.2335966202954224
evogym,random_many,0.0,1,30,0.33195105732078695,0.2081379805360834,3.821430532263856,0.9732057328934907,0.22902649271502257
evogym,random_many,0.0,2,0,0.1932544829467181,0.15694386564311563,5.028858696401537,1.8859641784933827,0.2358839910579741
evogym,random_many,0.0,2,1,0.1932544829467181,0.15694386564311563,5.028858696401537,1.8859641784933827,0.2358839910579741
evogym,random_many,0.0,2,2,0.1932544829467181,0.15824088830359134,5.028858696401537,1.8316158735236958,0.2135058391533569
evogym,random_many,0.0,2,3,0.1932544829467181,0.15770986038770954,5.028858696401537,2.1631608993624547,0.2157290163888257
evogym,random_many,0.0,2,4,0.20380882491009775,0.15847490915729365,4.940173291775727,2.1814326478990127,0.2081285916539235
evogym,random_many,0.0,2,5,0.22028979128653547,0.16529399549766316,5.179483030798388,2.1985028371338524,0.2220591778820335
evogym,random_many,0.0,2,6,0.22028979128653547,0.1617204733740582,4.734092823434491,1.9532794042269515,0.19632364511452438
evogym,random_many,0.0,2,7,0.22028979128653547,0.1783152456298179,4.734092823434491,2.063629431480148,0.20936138092696477
evogym,random_many,0.0,2,8,0.22028979128653547,0.18127540548247825,5.73727131190154,1.9313727839492536,0.21673768276664332
evogym,random_many,0.0,2,9,0.22028979128653547,0.17611347873624517,4.2710333016299336,1.807798994064904,0.23143460711442132
evogym,random_many,0.0,2,10,0.2082257788598922,0.170450175701237,3.4003894495045985,1.6115351976757613,0.22636799023086693
evogym,random_many,0.0,2,11,0.20211533427814124,0.16901480024206353,3.235381284233845,1.4169171996527115,0.21795137308341145
evogym,random_many,0.0,2,12,0.2051290857919201,0.17393059911328404,6.0331258946025015,1.7284340247582133,0.21521427924136138
evogym,random_many,0.0,2,13,0.20115872803149557,0.16501276933956774,3.1495037383812896,1.4381624941336653,0.20757586297146213
evogym,random_many,0.0,2,14,0.2053415778054897,0.1773884105499429,4.9548835491522825,1.764074168907171,0.2183784227505572
evogym,random_many,0.0,2,15,0.20437221804832176,0.16595007940984613,3.8414782106053,1.4856079620948548,0.20910278713204553
evogym,random_many,0.0,2,16,0.2019650927677721,0.17004092160903087,3.8414782106053,1.7344788821137496,0.2084229556551936
evogym,random_many,0.0,2,17,0.2019650927677721,0.17590905212077507,4.3955163492695,1.4845893941513033,0.2134370801767133
evogym,random_many,0.0,2,18,0.20141134790853202,0.17429637261565906,3.949823152046938,1.2500231549882903,0.21985551488878746
evogym,random_many,0.0,2,19,0.20023269485307907,0.16301426010681203,4.453506321332067,1.6143759318341082,0.21516118331812292
evogym,random_many,0.0,2,20,0.20023269485307907,0.1663726462104271,4.453506321332067,1.4451634489537752,0.22635021162377159
evogym,random_many,0.0,2,21,0.20103917163814514,0.15702380663799093,4.453506321332067,1.185340491184108,0.21812919173959555
evogym,random_many,0.0,2,22,0.20103917163814514,0.1656789694215383,3.5675295924326536,1.2144192596694652,0.2118760263268101
evogym,random_many,0.0,2,23,0.20346756269965766,0.16583546550181702,3.5675295924326536,0.8873339262137977,0.21717802548355042
evogym,random_many,0.0,2,24,0.21120887392406573,0.16100118004619826,3.5675295924326536,1.088894326142514,0.2087849017547303
evogym,random_many,0.0,2,25,0.21120887392406573,0.16293591041402852,3.305757605247067,0.7340966031637721,0.20381366694417596
evogym,random_many,0.0,2,26,0.2569642163353528,0.1698038485944845,3.305757605247067,1.023197218106871,0.19912870102611208
evogym,random_many,0.0,2,27,0.2638794218846873,0.17388477466378666,3.305757605247067,1.019835468407314,0.20348086230685697
evogym,random_many,0.0,2,28,0.2638794218846873,0.18130588351394747,3.305757605247067,0.9538827858281331,0.21204068341094784
evogym,random_many,0.0,2,29,0.31558876481571907,0.19861232549468158,3.4798013324980315,1.166384919354502,0.21307336848843023
evogym,random_many,0.0,2,30,0.3261306041228842,0.2035167952254274,3.0035809795729738,0.9116754341056981,0.21042176978610755
evogym,random_many,0.0,3,0,0.22916616874760146,0.17041705817143152,3.74472626138659,1.526571950318162,0.2377741439451999
evogym,random_many,0.0,3,1,0.22916616874760146,0.17041705817143152,3.74472626138659,1.526571950318162,0.2377741439451999
evogym,random_many,0.0,3,2,0.22916616874760146,0.16910994986548025,7.731793169313345,1.6739768346046275,0.21782224171014794
evogym,random_many,0.0,3,3,0.22916616874760146,0.17291944968947492,3.5322876207342797,1.3139562522052324,0.21607568383457698
evogym,random_many,0.0,3,4,0.2305226140123101,0.1772094349876491,3.800666668342242,1.543048456017984,0.21780449766321439
evogym,random_many,0.0,3,5,0.2305226140123101,0.17905924707955084,3.2903866070354573,1.393989975840011,0.21907684350445417
evogym,random_many,0.0,3,6,0.2305226140123101,0.17736386383990727,3.560867680466588,1.4495629418554565,0.2237190272472478
evogym,random_many,0.0,3,7,0.2305226140123101,0.18596617325598402,4.007103538769986,1.5023916499493768,0.22671679511710324
evogym,random_many,0.0,3,8,0.23574284562502948,0.1899057554911978,3.8033585508658487,1.1069495727051628,0.23072286101557787
evogym,random_many,0.0,3,9,0.23574284562502948,0.18297875806019986,3.9714578057606222,1.1913111162572567,0.22667350334374214
evogym,random_many,0.0,3,10,0.23574284562502948,0.18595528608816322,3.1708567730344326,1.2834171530374365,0.23315531547559462
evogym,random_many,0.0,3,11,0.23574284562502948,0.18348652797319914,3.2101254852803325,1.3519882885791712,0.23525647123281684
evogym,random_many,0.0,3,12,0.2369824815665119,0.18104492715313608,3.7344309388597305,1.408857522368313,0.23310483432050924
evogym,random_many,0.0,3,13,0.23301357301719863,0.18710743258655269,3.7344309388597305,1.1470719300603243,0.23965079619365456
evogym,random_many,0.0,3,14,0.23301357301719863,0.18333905142293705,4.620413839424987,1.5401842289924754,0.23841470597281486
evogym,random_many,0.0,3,15,0.23301357301719863,0.19109279039715454,3.206892809389766,1.519957852758598,0.24326991184879257
evogym,random_many,0.0,3,16,0.23301357301719863,0.19208727650053412,3.206892809389766,1.355023284547887,0.23480251085351728
evogym,random_many,0.0,3,17,0.23679189540486653,0.200660683871263,3.700533570800126,1.4679207857605765,0.24469237424826748
evogym,random_many,0.0,3,18,0.24127098860981708,0.20376654902970195,2.9476883098059963,1.3543731966302301,0.24848291340066764
evogym,random_many,0.0,3,19,0.24127098860981708,0.1971509063855011,2.9684833030960753,1.4648047881097375,0.25066395487420867
evogym,random_many,0.0,3,20,0.243324057278394,0.1984250721600653,3.1171895749200176,1.4628929002822137,0.25391544129806326
evogym,random_many,0.0,3,21,0.24593474936944473,0.1953816783589382,3.0338579815382634,1.3707658290173548,0.2589795830738344
evogym,random_many,0.0,3,22,0.24593474936944473,0.18746290352048084,3.04587509278593,1.316672025350457,0.24133894781812967
evogym,random_many,0.0,3,23,0.24593474936944473,0.18527054423562106,3.1869597614395557,1.2375964464029718,0.2338942608109192
evogym,random_many,0.0,3,24,0.24593474936944473,0.1943943058086822,3.9024756606837436,1.124734088632964,0.23671099454310038
evogym,random_many,0.0,3,25,0.24593474936944473,0.19278532836028822,3.1869597614395557,1.0078200337105903,0.24012996868506925
evogym,random_many,0.0,3,26,0.33902243715489994,0.1869403651880509,3.272321733843335,1.3695400816043932,0.2321569257180653
evogym,random_many,0.0,3,27,0.33902243715489994,0.19629200251104878,3.2539505676217697,0.8823500939608975,0.24203017261717558
evogym,random_many,0.0,3,28,0.33902243715489994,0.2014073323189193,4.768174141242973,1.29076587911482,0.2491002730295382
evogym,random_many,0.0,3,29,0.38602727224252725,0.2099875327274047,4.768174141242973,1.24271262165964,0.24234638738735925
evogym,random_many,0.0,3,30,0.38602727224252725,0.22303971676216294,4.891163416550509,1.308277372176835,0.23559752070716536
evogym,random_many,0.5,1,0,0.3352894527457432,0.26958126661728,2.6026901191752985,1.4471500746403436,0.23410811330688525
evogym,random_many,0.5,1,1,0.3352894527457432,0.26958126661728,2.6026901191752985,1.4471500746403436,0.23410811330688525
evogym,random_many,0.5,1,2,0.4250959016209194,0.28091540643474217,3.70350843422276,1.6487208081809643,0.19516589370618176
evogym,random_many,0.5,1,3,0.42596331068518123,0.31970919766723915,4.186144178516347,2.2525927170032864,0.16517590627029263
evogym,random_many,0.5,1,4,0.42596331068518123,0.352420403316196,4.6156310785016625,2.7666168046084096,0.14960519695758326
evogym,random_many,0.5,1,5,0.42596331068518123,0.36451182778390534,4.6156310785016625,3.0329665457390567,0.14210570507192993
evogym,random_many,0.5,1,6,0.42596331068518123,0.37007729608860046,4.784066229757852,3.3480177999018608,0.1433924016639747
evogym,random_many,0.5,1,7,0.41853161962315033,0.36773794410937477,5.198628630816248,3.57560227690499,0.1388066729944195
evogym,random_many,0.5,1,8,0.44196795721104687,0.35923420673189377,5.519232786465521,3.741426856425863,0.13647501376826776
evogym,random_many,0.5,1,9,0.44196795721104687,0.34324349974859797,6.407700764403955,3.857587590952904,0.13909400779514566
evogym,random_many,0.5,1,10,0.44196795721104687,0.34086433300955005,6.407700764403955,3.9840906313453424,0.13896234013747993
evogym,random_many,0.5,1,11,0.46889415233950327,0.3451872754124389,7.362124329881426,4.383447118781107,0.14235916773231477
evogym,random_many,0.5,1,12,0.4720332492252919,0.351961807099173,8.180057009773352,4.780578786145205,0.13310173396799324
evogym,random_many,0.5,1,13,0.4720332492252919,0.3589337838639098,8.180057009773352,4.854287787983077,0.1336535318304032
evogym,random_many,0.5,1,14,0.4720332492252919,0.37071794512238,8.180057009773352,5.148195143994302,0.12334752522891994
evogym,random_many,0.5,1,15,0.47640212437852086,0.40708198166095927,8.180057009773352,5.790521090107282,0.12711654666590316
evogym,random_many,0.5,1,16,0.4786609069707808,0.4124413329322648,8.180057009773352,6.019294326980405,0.11953089023971941
evogym,random_many,0.5,1,17,0.4786609069707808,0.41638381302574423,8.180057009773352,6.208234710731391,0.11728551158775642
evogym,random_many,0.5,1,18,0.4898073826117577,0.41460048651105286,8.36166830482142,6.32926835463572,0.11726807884764057
evogym,random_many,0.5,1,19,0.49005872301307235,0.4225026705216335,9.147567611793132,6.759034445334988,0.11662843730646114
evogym,random_many,0.5,1,20,0.49016815041215356,0.41653878880688966,9.147567611793132,6.595118344568027,0.1243781613223244
evogym,random_many,0.5,1,21,0.5305624246175478,0.4175944170425593,9.360373841860193,6.841655360563854,0.1098755020134784
evogym,random_many,0.5,1,22,0.5305624246175478,0.4305216730348051,9.360373841860193,7.022265582992944,0.11539324489155904
evogym,random_many,0.5,1,23,0.5305624246175478,0.42535102909899003,9.360373841860193,6.9658159687045,0.11442519481345423
evogym,random_many,0.5,1,24,0.5305624246175478,0.42751581820253304,9.521325329508793,7.047184106008888,0.1162789449140472
evogym,random_many,0.5,1,25,0.5377707246742789,0.4274189199792483,9.54966136802394,7.135473848225007,0.11106629941200552
evogym,random_many,0.5,1,26,0.562606747463093,0.44717446919908277,9.558328101696196,7.547421662541228,0.10846086847602868
evogym,random_many,0.5,1,27,0.562606747463093,0.43272891902141647,9.558328101696196,7.312432596222861,0.10497429873689168
evogym,random_many,0.5,1,28,0.562606747463093,0.46239104879264037,9.558328101696196,7.912603182834113,0.1017470824581155
evogym,random_many,0.5,1,29,0.562606747463093,0.44853679301578414,9.558328101696196,7.69350678167789,0.09672887348014443
evogym,random_many,0.5,1,30,0.562606747463093,0.4577944444637024,9.558328101696196,7.76751985944704,0.10563473371770633
evogym,random_many,0.5,2,0,0.38419841070358907,0.2519289460259791,3.5423384334232804,1.354346424651811,0.24993546214653697
evogym,random_many,0.5,2,1,0.38419841070358907,0.2519289460259791,3.5423384334232804,1.354346424651811,0.24993546214653697
evogym,random_many,0.5,2,2,0.39737916068494394,0.2705983158742605,3.879906122700797,1.6368305237843361,0.22475048780041312
evogym,random_many,0.5,2,3,0.4291914755984523,0.30436420990328494,4.878837893980091,2.279865824015846,0.18518134103452671
evogym,random_many,0.5,2,4,0.4291914755984523,0.3310426875606753,4.878837893980091,2.642246954771608,0.17442458834203584
evogym,random_many,0.5,2,5,0.4291914755984523,0.34360329312722315,4.878837893980091,2.860483064515951,0.16627264589092722
evogym,random_many,0.5,2,6,0.4291914755984523,0.34091921917130785,4.878837893980091,2.94995326103126,0.15991573210679172
evogym,random_many,0.5,2,7,0.42961253918280834,0.32921658971159207,6.010981891125633,3.1674914881729377,0.14841358977406677
evogym,random_many,0.5,2,8,0.43180708282124625,0.3394480682055814,6.010981891125633,3.2448997596994893,0.15411048023237578
evogym,random_many,0.5,2,9,0.4398634741337225,0.3519433926868087,6.010981891125633,3.4956655104610412,0.1485863344313783
evogym,random_many,0.5,2,10,0.44197954557356817,0.3695748417152699,6.120543071996666,3.905287330349553,0.14080533057409075
evogym,random_many,0.5,2,11,0.45233607740960147,0.3737778254948041,6.329615085830644,4.146514677224646,0.14335866016832166
evogym,random_many,0.5,2,12,0.45233607740960147,0.37338653751658346,6.849795525453876,4.379927956260866,0.1434308782310861
evogym,random_many,0.5,2,13,0.45233607740960147,0.37853367427899653,7.035586681061173,4.600213049572124,0.1417998038956699
evogym,random_many,0.5,2,14,0.45233607740960147,0.3822253481700552,7.035586681061173,4.69559102099032,0.14230300337497978
evogym,random_many,0.5,2,15,0.45233607740960147,0.39692904840214666,7.035586681061173,4.933652823618134,0.140465135858713
evogym,random_many,0.5,2,16,0.47406647183732215,0.3833480242091479,7.19164221803269,4.9044738155593555,0.13287952225393176
evogym,random_many,0.5,2,17,0.47406647183732215,0.3900348293945902,7.818830204323696,5.2036306925128395,0.13235716546698423
evogym,random_many,0.5,2,18,0.47406647183732215,0.3769550668355323,7.818830204323696,5.032287498227114,0.12856464614764934
evogym,random_many,0.5,2,19,0.47406647183732215,0.40091567857815563,7.818830204323696,5.448917678962476,0.13173840135525886
evogym,random_many,0.5,2,20,0.47406647183732215,0.3981586445024884,7.818830204323696,5.464371118345002,0.12679467586434945
evogym,random_many,0.5,2,21,0.4862835961417359,0.40351148540637294,7.818830204323696,5.751879024896301,0.11016349179404059
evogym,random_many,0.5,2,22,0.4862835961417359,0.409776302281598,7.8972565488626145,5.96323690563398,0.10655201130372649
evogym,random_many,0.5,2,23,0.4862883103671021,0.39375542041611566,8.307301816412716,5.860416238386464,0.10401817940759947
evogym,random_many,0.5,2,24,0.4862883103671021,0.39840697144393705,8.307301816412716,5.9403347678325655,0.1063451753515862
evogym,random_many,0.5,2,25,0.4862883103671021,0.4031139206616932,8.406090164547324,6.043652567252016,0.10871117158455046
evogym,random_many,0.5,2,26,0.4862883103671021,0.39163539558609983,8.406090164547324,5.801543198427857,0.11344153507092165
evogym,random_many,0.5,2,27,0.5016264326585052,0.39477005006812615,8.406090164547324,5.990388258882189,0.09865637289726016
evogym,random_many,0.5,2,28,0.5496188382579701,0.40650913373125863,8.75743482092646,6.278636435001673,0.09997040664880996
evogym,random_many,0.5,2,29,0.5496188382579701,0.400949757008331,8.75743482092646,6.156162840151741,0.09929467376053483
evogym,random_many,0.5,2,30,0.5496188382579701,0.4115854817941587,8.75743482092646,6.243350844830575,0.1114031540461351
evogym,random_many,0.5,3,0,0.3358524264121193,0.2455232948332954,2.810130491548981,1.4387379582679445,0.2195347345286911
evogym,random_many,0.5,3,1,0.3358524264121193,0.2455232948332954,2.810130491548981,1.4387379582679445,0.2195347345286911
evogym,random_many,0.5,3,2,0.4306872225988537,0.25109447700027954,4.0544672900799075,1.57549877339915,0.19784972218092378
evogym,random_many,0.5,3,3,0.4306872225988537,0.2794232162263911,4.2408570778683,2.013301366729786,0.18649722669658203
evogym,random_many,0.5,3,4,0.4306872225988537,0.2945989308000451,5.377350002457622,2.425497973414507,0.17468713359045193
evogym,random_many,0.5,3,5,0.4379877744890074,0.317721237899499,5.377350002457622,2.847916474686623,0.1553836040398208
evogym,random_many,0.5,3,6,0.4379877744890074,0.33355791508656824,5.663236036926034,3.1881024917795666,0.16001271246640944
evogym,random_many,0.5,3,7,0.44731653354770795,0.3543873580116591,6.542630264498622,3.778862197565707,0.14968450398922012
evogym,random_many,0.5,3,8,0.44731653354770795,0.38368415626125973,6.542630264498622,4.310527709540958,0.14994626263125338
evogym,random_many,0.5,3,9,0.44731653354770795,0.3960448646069557,6.542630264498622,4.768047640050442,0.13867959677993
evogym,random_many,0.5,3,10,0.451338037638422,0.38659366554197305,7.138810311705774,4.968536618759012,0.12566871806225155
evogym,random_many,0.5,3,11,0.451338037638422,0.3890126837899238,7.138810311705774,5.057156832025137,0.14175615018013843
evogym,random_many,0.5,3,12,0.4624466217060481,0.372086106566269,8.424851588221964,5.436688875574573,0.12282884287239934
evogym,random_many,0.5,3,13,0.46275683328159767,0.3729046485545999,8.424851588221964,5.380701869048473,0.1333511548378749
evogym,random_many,0.5,3,14,0.46275683328159767,0.39040247594812383,8.424851588221964,5.843461652720906,0.11662309293385467
evogym,random_many,0.5,3,15,0.46275683328159767,0.3848044392163094,8.424851588221964,5.911723526376907,0.10463831443948815
evogym,random_many,0.5,3,16,0.5208576202509932,0.3876013687974326,9.092872098794581,6.137734821748243,0.1059119873905044
evogym,random_many,0.5,3,17,0.5208576202509932,0.3973230957789251,9.092872098794581,6.27844179523853,0.11286605173158122
evogym,random_many,0.5,3,18,0.5460009666326864,0.396410997361868,9.092872098794581,6.240061048463375,0.1177739321622741
evogym,random_many,0.5,3,19,0.5460009666326864,0.41810332173880943,9.092872098794581,6.683277029610973,0.11618782345097751
evogym,random_many,0.5,3,20,0.5460009666326864,0.4216928566531462,9.092872098794581,6.742666231161641,0.12032366050163443
evogym,random_many,0.5,3,21,0.5460009666326864,0.4202381211389207,9.092872098794581,6.894213245894264,0.10685280463331885
evogym,random_many,0.5,3,22,0.5460009666326864,0.4102565242814193,9.092872098794581,6.642891248720439,0.11673732746705331
evogym,random_many,0.5,3,23,0.5460009666326864,0.41848791768629806,9.333457861888323,6.8444723037796695,0.11680245447876632
evogym,random_many,0.5,3,24,0.5460009666326864,0.42109909117555755,9.333457861888323,6.909615522171855,0.11475505832958348
evogym,random_many,0.5,3,25,0.5460009666326864,0.42464279136857896,9.333457861888323,7.041758043787074,0.10696922015268721
evogym,random_many,0.5,3,26,0.5460009666326864,0.417495149929797,9.333457861888323,6.83169907283254,0.1131884635771611
evogym,random_many,0.5,3,27,0.5460009666326864,0.43214821716444246,9.434250404931644,7.209928771903843,0.10420320572460921
evogym,random_many,0.5,3,28,0.5460009666326864,0.4241622201297079,9.434250404931644,6.982464287603821,0.11236134032640219
evogym,random_many,0.5,3,29,0.5460009666326864,0.4236957887545961,9.434250404931644,6.943408585272779,0.11273252961278427
evogym,random_many,0.5,3,30,0.5460009666326864,0.42705893336709144,9.434250404931644,6.984405230665847,0.11525718902188557
evogym,random_many,1.0,1,0,0.7216816846999803,0.32834065605983354,5.468170940724184,1.9374495018109497,0.23370836719515756
evogym,random_many,1.0,1,1,0.7216816846999803,0.32834065605983354,5.468170940724184,1.9374495018109497,0.23370836719515756
evogym,random_many,1.0,1,2,0.7216816846999803,0.3603864486671375,5.468170940724184,2.113861373998299,0.2095902905235576
evogym,random_many,1.0,1,3,0.7216816846999803,0.4696766380674447,5.674630639818619,2.8743439432368327,0.18193398462012872
evogym,random_many,1.0,1,4,0.7258607318737859,0.538610172314062,5.674630639818619,3.4650157921955915,0.16107134100494053
evogym,random_many,1.0,1,5,0.8027644620668928,0.5683638999337872,6.598538182338612,4.087587281439469,0.13740400363776342
evogym,random_many,1.0,1,6,0.8027644620668928,0.6183736564519429,7.429505878359348,4.780696728844825,0.11933798208471039
evogym,random_many,1.0,1,7,0.8081396651482007,0.6703132467451212,7.576984502519872,5.3337036777155955,0.11251406963148802
evogym,random_many,1.0,1,8,0.8253008289506039,0.6567958434459042,7.576984502519872,5.306309525029966,0.10644895823159276
evogym,random_many,1.0,1,9,0.8572066205923063,0.6750930028819968,8.219768679531766,5.717142301397817,0.11693761412176162
evogym,random_many,1.0,1,10,0.8572066205923063,0.698367659437379,8.219768679531766,6.003074529394474,0.1187253367923146
evogym,random_many,1.0,1,11,0.8572066205923063,0.6890373445041073,8.219768679531766,6.042325257057222,0.12216887724635288
evogym,random_many,1.0,1,12,0.8572066205923063,0.716013542114734,8.219768679531766,6.407669578018455,0.10938539293354432
evogym,random_many,1.0,1,13,0.9989783354563747,0.6848691595759872,9.579977966256818,6.562163157450408,0.09425247588404928
evogym,random_many,1.0,1,14,0.9989783354563747,0.7092114997317113,9.579977966256818,6.796153913331173,0.08780342329963886
evogym,random_many,1.0,1,15,0.9989783354563747,0.7396772685123294,9.579977966256818,7.088760066039001,0.09656826316985928
evogym,random_many,1.0,1,16,0.9989783354563747,0.7689927532569241,9.581614886989733,7.37154748893474,0.09099600260796734
evogym,random_many,1.0,1,17,0.9989783354563747,0.7727174755737132,9.589016792534956,7.409928004234841,0.09565133897237259
evogym,random_many,1.0,1,18,0.9989783354563747,0.8344935795645115,9.589016792534956,8.002481904913495,0.07932122750638665
evogym,random_many,1.0,1,19,0.9989783354563747,0.8439292379021541,9.589016792534956,8.093488324709494,0.07957067983608165
evogym,random_many,1.0,1,20,0.9989783354563747,0.8691602445984626,9.589622616280357,8.336151459229502,0.08053747604451973
evogym,random_many,1.0,1,21,0.9989783354563747,0.8978156938606295,9.589622616280357,8.611360102367577,0.07782589422289535
evogym,random_many,1.0,1,22,0.9989783354563747,0.8835572272274668,9.589622616280357,8.475419924243216,0.07467900003723513
evogym,random_many,1.0,1,23,0.9989783354563747,0.8837398917866375,9.589622616280357,8.477796379456036,0.07113916906624039
evogym,random_many,1.0,1,24,0.9989783354563747,0.8945679956746817,9.589775499866358,8.583556811730288,0.06842987290462879
evogym,random_many,1.0,1,25,0.9995097840164715,0.8943625160953074,9.597120324302834,8.584983852117649,0.06444872467643711
evogym,random_many,1.0,1,26,0.9996501342833753,0.9046762126921578,9.598467943326243,8.684763606305365,0.06086444364782125
evogym,random_many,1.0,1,27,0.9996501342833753,0.895047093755322,9.598467943326243,8.59275818877365,0.05732278551374405
evogym,random_many,1.0,1,28,1.0,0.8957133549544725,9.601827293513194,8.600484938766126,0.05621255926035038
evogym,random_many,1.0,1,29,1.0,0.8480900115398352,9.601827293513194,8.143213820159115,0.061579479691624216
evogym,random_many,1.0,1,30,1.0,0.8915907343839521,9.601827293513194,8.560900248051302,0.05879014427548036
evogym,random_many,1.0,2,0,0.5572087330586863,0.3226968215952042,3.479849170922756,1.5939217985284952,0.22667317513869092
evogym,random_many,1.0,2,1,0.5572087330586863,0.3226968215952042,3.479849170922756,1.5939217985284952,0.22667317513869092
evogym,random_many,1.0,2,2,0.6970501514286456,0.3445284254304231,4.353179064917997,1.743617845948083,0.19701933042898007
evogym,random_many,1.0,2,3,0.6970501514286456,0.401012502816741,4.909251934881479,2.18428047475914,0.1702917546239982
evogym,random_many,1.0,2,4,0.6970501514286456,0.4412866316246598,4.909251934881479,2.5283706409307762,0.16389043759667027
evogym,random_many,1.0,2,5,0.7348921188048231,0.44145118154972246,6.245144708735661,2.816512812878329,0.1452751204680783
evogym,random_many,1.0,2,6,0.7348921188048231,0.4914245947466666,6.245144708735661,3.1601801453390395,0.12580083743767428
evogym,random_many,1.0,2,7,0.7348921188048231,0.536164059990765,6.245144708735661,3.517387495892116,0.11492231139133165
evogym,random_many,1.0,2,8,0.7348921188048231,0.5388508119491537,6.245144708735661,3.6793240661399906,0.09567264812725644
evogym,random_many,1.0,2,9,0.7348921188048231,0.5502396237134138,6.245144708735661,3.9052789667972,0.09155669596736361
evogym,random_many,1.0,2,10,0.7348921188048231,0.5488842951235996,6.245144708735661,4.081993179793958,0.09453251967980678
evogym,random_many,1.0,2,11,0.8235060659531958,0.5173302579701822,7.83941935994654,4.269144722265501,0.11224793853042372
evogym,random_many,1.0,2,12,0.8889529671331282,0.5277674131928741,8.498042840481574,4.519794534009167,0.10069338678595145
evogym,random_many,1.0,2,13,0.8889529671331282,0.5527656293210713,8.498042840481574,4.743058076435496,0.09490774163793056
evogym,random_many,1.0,2,14,0.8889529671331282,0.5803531459358694,8.498042840481574,5.022000335167108,0.08783051895470653
evogym,random_many,1.0,2,15,0.8889529671331282,0.6073440652240933,8.498042840481574,5.295531165279968,0.09403178554720223
evogym,random_many,1.0,2,16,0.8889529671331282,0.6634703373230304,8.498042840481574,5.851133121649725,0.09212273465066188
evogym,random_many,1.0,2,17,0.8938645983016132,0.713601620515867,8.544996114310042,6.3919516693709575,0.0795988900150678
evogym,random_many,1.0,2,18,0.8938645983016132,0.696453702498179,8.544996114310042,6.359448263554666,0.08875718529772669
evogym,random_many,1.0,2,19,0.9943192712006518,0.7240446956117454,9.519564802321803,6.901701349399028,0.07297359850141923
evogym,random_many,1.0,2,20,0.9943192712006518,0.7105904225766824,9.519564802321803,6.778759461012255,0.07958453562746362
evogym,random_many,1.0,2,21,0.9943192712006518,0.7260791014391327,9.519564802321803,6.930916072411304,0.06759744595043815
evogym,random_many,1.0,2,22,0.9985018972063089,0.7884786644755616,9.55960906220691,7.539734737752616,0.06477290057682364
evogym,random_many,1.0,2,23,0.9985018972063089,0.7385177939642753,9.55960906220691,7.06280496189598,0.0690284878622105
evogym,random_many,1.0,2,24,0.9985018972063089,0.7445018719758741,9.55960906220691,7.121007479726066,0.06734869277903992
evogym,random_many,1.0,2,25,0.9985018972063089,0.7711940725816734,9.55960906220691,7.37734806458292,0.053956591239577224
evogym,random_many,1.0,2,26,0.9985018972063089,0.734075285636387,9.55960906220691,7.022999211497127,0.055036397392263806
evogym,random_many,1.0,2,27,0.9985018972063089,0.7411493003715055,9.55960906220691,7.091792826169249,0.06090428051820258
evogym,random_many,1.0,2,28,1.0,0.7865345996112955,9.57395182618438,7.530244366305756,0.05471528884310568
evogym,random_many,1.0,2,29,1.0,0.8133676508581802,9.57395182618438,7.787142706292973,0.05306090473388718
evogym,random_many,1.0,2,30,1.0,0.7764543325021289,9.57395182618438,7.433736374607532,0.05022975712172212
evogym,random_many,1.0,3,0,0.5651613281580459,0.3015558496837107,3.422451637574976,1.7155712151564053,0.23066657702469695
evogym,random_many,1.0,3,1,0.5651613281580459,0.3015558496837107,3.422451637574976,1.7155712151564053,0.23066657702469695
evogym,random_many,1.0,3,2,0.6592176109256918,0.3531039129016166,5.3651375445119465,2.1023055500286256,0.2010860871195037
evogym,random_many,1.0,3,3,0.6804235434589015,0.4431246519738411,6.055707400804141,2.85555111615536,0.17312667947189492
evogym,random_many,1.0,3,4,0.6804235434589015,0.5304999698633484,6.055707400804141,3.608292055352089,0.16059306864335038
evogym,random_many,1.0,3,5,0.7341763216646731,0.5365781398702936,6.817695085732095,3.9636492575572917,0.1465985271113736
evogym,random_many,1.0,3,6,0.7653286477149264,0.5577324168528202,7.106981261211534,4.347370846853655,0.14446668399522689
evogym,random_many,1.0,3,7,0.8452658976981131,0.5680512074393629,7.84929312866812,4.666002096137958,0.14277981479813925
evogym,random_many,1.0,3,8,0.8539513280576864,0.6007131485122876,8.138644137522466,5.118729266307261,0.14474515118661496
evogym,random_many,1.0,3,9,0.8539513280576864,0.6490720394834526,8.138644137522466,5.701170223985794,0.12854779913948616
evogym,random_many,1.0,3,10,0.9712959193506401,0.6689616780076412,9.286182194317623,6.228765642895913,0.11625680689315829
evogym,random_many,1.0,3,11,0.9712959193506401,0.6889272395938899,9.286182194317623,6.419677104806868,0.10010932411578508
evogym,random_many,1.0,3,12,0.9712959193506401,0.7561078552210738,9.286182194317623,7.07755135663898,0.09094604600050712
evogym,random_many,1.0,3,13,0.9712959193506401,0.7738879380479808,9.286182194317623,7.268037998124879,0.07907641570060704
evogym,random_many,1.0,3,14,0.9712959193506401,0.7554448242171883,9.286182194317623,7.127577570300659,0.0820106723404366
evogym,random_many,1.0,3,15,0.9968580148567626,0.7722531178567671,9.530571439046561,7.367313867473778,0.07004220515471517
evogym,random_many,1.0,3,16,0.9968580148567626,0.7932834465243335,9.530571439046561,7.571358000988347,0.07303367137999726
evogym,random_many,1.0,3,17,0.9990749775209657,0.7978870414248742,9.551912836245656,7.623345905182537,0.0743922917010219
evogym,random_many,1.0,3,18,0.9990749775209657,0.7820722102371438,9.551912836245656,7.472709924074492,0.08517136993277372
evogym,random_many,1.0,3,19,0.9990749775209657,0.8206718380290118,9.551912836245656,7.842047347171528,0.08118222409781489
evogym,random_many,1.0,3,20,0.9990749775209657,0.8729178681671437,9.551912836245656,8.342273987824807,0.07755052186941165
evogym,random_many,1.0,3,21,0.9999847276505722,0.8411220050430126,9.560610735939157,8.041647364406023,0.08601183086948291
evogym,random_many,1.0,3,22,0.9999847276505722,0.8927925302144836,9.560610735939157,8.535660076589384,0.07238541490028369
evogym,random_many,1.0,3,23,0.9999847276505722,0.8465331626161408,9.560610735939157,8.093397735384716,0.079675569218005
evogym,random_many,1.0,3,24,0.9999847276505722,0.8805656601049172,9.560610735939157,8.418780132089598,0.07568317576414997
evogym,random_many,1.0,3,25,0.9999847276505722,0.8770703080672652,9.560610735939157,8.385371544216254,0.06619386994327373
evogym,random_many,1.0,3,26,0.9999847276505722,0.8423667500492785,9.560610735939157,8.053595268531513,0.06409020099223275
evogym,random_many,1.0,3,27,0.9999847276505722,0.8976810223846583,9.560610735939157,8.582451724526905,0.05876742444738191
evogym,random_many,1.0,3,28,1.0,0.8888023436163849,9.560756751157054,8.497623007174573,0.055910791839580073
evogym,random_many,1.0,3,29,1.0,0.8962126489840578,9.560756751157054,8.568471134246684,0.048727066582291326
evogym,random_many,1.0,3,30,1.0,0.8817952945309886,9.560756751157054,8.430630315325674,0.03784246023846645
evogym,best,0.0,1,0,0.19955934355364413,0.1699765259654465,7.862398707793968,1.989846183964105,0.23350625465217262
evogym,best,0.0,1,1,0.19955934355364413,0.1699765259654465,7.862398707793968,1.989846183964105,0.23350625465217262
evogym,best,0.0,1,2,0.2021204671552042,0.16850505904914836,7.862398707793968,1.80779474255832,0.2088393017990713
evogym,best,0.0,1,3,0.2021204671552042,0.17544809232053793,7.862398707793968,1.8152783637939383,0.21769407007610142
evogym,best,0.0,1,4,0.21963057804803393,0.1793173341707115,8.366226390654903,1.7252940899832105,0.22139285040326123
evogym,best,0.0,1,5,0.22236806393348907,0.18018229881662018,8.366226390654903,1.9267018154095292,0.21992693991496934
evogym,best,0.0,1,6,0.22497349888619342,0.1822321247192727,8.366226390654903,1.4330672055969393,0.22248106727149608
evogym,best,0.0,1,7,0.21310757431055052,0.17485317800637373,8.366226390654903,1.8056067757205319,0.22261769595919664
evogym,best,0.0,1,8,0.2216686693859442,0.18639765737661382,8.366226390654903,1.6275862391161002,0.22906527274991637
evogym,best,0.0,1,9,0.2216686693859442,0.18864343296962913,8.366226390654903,1.8121426120304818,0.22834556538931902
evogym,best,0.0,1,10,0.22313463435562092,0.19281052573371577,4.216659251620646,1.534173439685824,0.23779129556080286
evogym,best,0.0,1,11,0.22171452210833353,0.19139974881789415,4.216659251620646,1.8841278235666945,0.2417387226352088
evogym,best,0.0,1,12,0.22171452210833353,0.18225701330625418,4.7190677722797165,1.9022957235159397,0.2390467090842665
evogym,best,0.0,1,13,0.2239216719863921,0.17723418549765288,4.758674669738415,1.668946157150796,0.2347535548046996
evogym,best,0.0,1,14,0.22218602238722301,0.17178599826039545,4.758674669738415,1.5892299568720045,0.23306387518151572
evogym,best,0.0,1,15,0.21176232184840257,0.17769585732314702,5.469278398664164,1.4193661549717536,0.24094063438958627
evogym,best,0.0,1,16,0.21176232184840257,0.17019095900159104,3.308233323877097,1.40811315258984,0.22308332069495482
evogym,best,0.0,1,17,0.21404836515108155,0.1737998771956362,3.3244671750510513,1.3649440747086836,0.21886164980501738
evogym,best,0.0,1,18,0.21404836515108155,0.16988339571756012,3.56838074489748,1.363526778916947,0.22667625583875228
evogym,best,0.0,1,19,0.2063828614624569,0.16815488192224803,3.493618166669859,1.0209069535841662,0.2226650168389534
evogym,best,0.0,1,20,0.2063828614624569,0.17024901150701258,4.253022342961105,1.4270316650530674,0.21964188290638545
evogym,best,0.0,1,21,0.2063828614624569,0.16861411716166022,4.253022342961105,1.2934273586859029,0.21733337811509035
evogym,best,0.0,1,22,0.20739140676056936,0.17306317124916937,4.253022342961105,1.4385433792241011,0.21694316747879044
evogym,best,0.0,1,23,0.20739140676056936,0.17042242765255716,3.239705273410092,0.9076029787197075,0.212757892624687
evogym,best,0.0,1,24,0.21692111770082598,0.17097240966350194,3.239705273410092,0.8632295704132422,0.22160124999421646
evogym,best,0.0,1,25,0.21692111770082598,0.1664410719604666,3.5069135845893245,0.9744998145317469,0.21558968611092447
evogym,best,0.0,1,26,0.26945755042250685,0.1754698319275298,2.8360440402560374,0.9176224435002217,0.22381232889776298
evogym,best,0.0,1,27,0.26945755042250685,0.18017446488647046,3.9655997181626255,0.9969781591376174,0.22236500770436302
evogym,best,0.0,1,28,0.28740012137198884,0.18821956387239153,3.9655997181626255,0.8887273408392151,0.21591724629145567
evogym,best,0.0,1,29,0.3273674002323851,0.19567808538755813,3.9655997181626255,1.1200316217981892,0.21577901966155907
evogym,best,0.0,1,30,0.3273674002323851,0.20973611549354282,3.9655997181626255,1.1194038332711602,0.2212840482484466
evogym,best,0.0,2,0,0.20748759467697747,0.16732842627710243,6.548878254800541,1.528898160945336,0.22199615276074808
evogym,best,0.0,2,1,0.20748759467697747,0.16732842627710243,6.548878254800541,1.528898160945336,0.22199615276074808
evogym,best,0.0,2,2,0.21096515006079855,0.1663209852201663,6.548878254800541,1.7017623885616096,0.20230098242278224
evogym,best,0.0,2,3,0.2138920698301239,0.1774990370963013,6.548878254800541,1.5794247725684147,0.21458974036827608
evogym,best,0.0,2,4,0.2154744764812057,0.17502909984435894,6.548878254800541,1.8784689463771052,0.21213147026501183
evogym,best,0.0,2,5,0.2154744764812057,0.18139733146549575,4.677664288212436,1.5039878053303335,0.21931578420906822
evogym,best,0.0,2,6,0.2154744764812057,0.18077690256443263,4.677664288212436,1.1945734333514313,0.22145314237577832
evogym,best,0.0,2,7,0.21607379079029487,0.17786801699472465,5.026850114142381,1.5376143686104842,0.21587037629321942
evogym,best,0.0,2,8,0.2162046103493026,0.17456938947623657,4.799276334550363,1.2457723129109557,0.2222100454195363
evogym,best,0.0,2,9,0.2162046103493026,0.1631331628991041,3.389853872203629,1.3321019203722981,0.21770247367884502
evogym,best,0.0,2,10,0.2162046103493026,0.15747750174646838,3.2411816394090565,1.1326222395699164,0.2080784572188507
evogym,best,0.0,2,11,0.2162046103493026,0.16708676696844676,3.4513029144346103,1.4657793544616564,0.20811323587137945
evogym,best,0.0,2,12,0.2162046103493026,0.17250446176651604,3.2249310134103437,1.0571211894296153,0.2114254084315743
evogym,best,0.0,2,13,0.2321995311799078,0.17871205277173663,2.799420736644571,1.029240090531021,0.22275124018269246
evogym,best,0.0,2,14,0.23232791792704224,0.1874046354730127,4.568998165092909,1.0864149706801054,0.2331168114410495
evogym,best,0.0,2,15,0.23232791792704224,0.18681381192699303,4.568998165092909,0.9386879353598591,0.22280852139037322
evogym,best,0.0,2,16,0.2333194886217532,0.19106043068701975,4.568998165092909,1.1062400514673958,0.2361278554841144
evogym,best,0.0,2,17,0.22394372682269215,0.18331988396717616,4.082698545892671,1.2111274819065796,0.23213208210844502
evogym,best,0.0,2,18,0.23862801570609773,0.18331092840466728,3.2797047794815466,0.7505289038686234,0.23000207321932992
evogym,best,0.0,2,19,0.23862801570609773,0.18525642188979802,3.2797047794815466,1.0363906947816466,0.23377320557630007
evogym,best,0.0,2,20,0.23862801570609773,0.1830806999806623,4.052732883496175,1.153989210574429,0.22663587526442144
evogym,best,0.0,2,21,0.23862801570609773,0.1891144336943792,3.730577800075861,0.9527527079338803,0.24115692159991237
evogym,best,0.0,2,22,0.24079123573052474,0.18797112266991028,3.973499796384178,0.9895084448045802,0.2411358230713815
evogym,best,0.0,2,23,0.3266868264446429,0.20232254020238058,3.973499796384178,0.9908079389648314,0.24704811137536545
evogym,best,0.0,2,24,0.3266868264446429,0.1984189866101414,5.06159439863423,1.1274567903510797,0.23810792232317485
evogym,best,0.0,2,25,0.3266868264446429,0.21123565323370186,5.06159439863423,0.9746393211670746,0.2502079163418539
evogym,best,0.0,2,26,0.3266868264446429,0.21510056645519268,5.06159439863423,0.9920292545500027,0.24402563947897157
evogym,best,0.0,2,27,0.3862770614887934,0.23070595959554963,3.0457154757135285,0.7767707658214453,0.2556901623386951
evogym,best,0.0,2,28,0.3862770614887934,0.23135666424203088,3.0457154757135285,0.8856417889508901,0.25769648685129076
evogym,best,0.0,2,29,0.40926291551645205,0.24263389779943836,3.15154400853757,0.9367253867322438,0.2639744430988675
evogym,best,0.0,2,30,0.40926291551645205,0.2498358352847354,3.15154400853757,1.1001273164332759,0.26105817982468643
evogym,best,0.0,3,0,0.19797975957055727,0.16316410147229124,4.065468763358423,1.603720922454818,0.23024675614579473
evogym,best,0.0,3,1,0.19797975957055727,0.16316410147229124,4.065468763358423,1.603720922454818,0.23024675614579473
evogym,best,0.0,3,2,0.19797975957055727,0.16163566323130743,4.086473319293478,1.6437992046025252,0.20923320179525615
evogym,best,0.0,3,3,0.19797975957055727,0.16250966053721122,4.29289574497646,1.882558226265023,0.21431526968567835
evogym,best,0.0,3,4,0.18424272147411344,0.15157102176380283,5.089213610254228,1.6529787961267188,0.2007763505738019
evogym,best,0.0,3,5,0.18424272147411344,0.15873582500875733,3.731938267136317,1.695015293011318,0.19951585443358882
evogym,best,0.0,3,6,0.19143926162083294,0.15519045564770795,3.731938267136317,1.5554915092167232,0.1969416394673426
evogym,best,0.0,3,7,0.19143926162083294,0.15664053541527484,4.6399336973754695,1.5313352803277072,0.19856206388850411
evogym,best,0.0,3,8,0.19143926162083294,0.14655965971747673,4.6399336973754695,1.430228400924261,0.18688160690531358
evogym,best,0.0,3,9,0.19143926162083294,0.15474027967515985,4.6399336973754695,1.6374901756258051,0.18348302704064418
evogym,best,0.0,3,10,0.19143926162083294,0.16172896422723976,4.6399336973754695,1.4047078555953143,0.19038114502353803
evogym,best,0.0,3,11,0.19143926162083294,0.16430529141753097,5.0929114214458435,1.6161325508285391,0.2040437126407492
evogym,best,0.0,3,12,0.19169910844282803,0.16055956011470035,3.238686136988819,1.1521181413350703,0.20338015052578498
evogym,best,0.0,3,13,0.19295191940450976,0.16103560011096912,3.384653785275141,1.074376219434706,0.20324194680976163
evogym,best,0.0,3,14,0.20353942264811364,0.16321278169509917,3.009455720951067,1.0233096992162531,0.20732238670234931
evogym,best,0.0,3,15,0.20353942264811364,0.16322995409952895,4.315510831199911,0.9458721109431616,0.20469497716953566
evogym,best,0.0,3,16,0.20353942264811364,0.16982891095910976,4.315510831199911,1.4897065303283021,0.21264961159738077
evogym,best,0.0,3,17,0.1964392772101157,0.1706979141581229,4.637362900949057,1.2257309715670917,0.20907068760955924
evogym,best,0.0,3,18,0.21094690143058573,0.17107711799096997,3.7545706005340387,0.9562959079017963,0.2091283929373818
evogym,best,0.0,3,19,0.21094690143058573,0.16956068656204143,3.4156355684558695,0.7028071706486644,0.20774840725535687
evogym,best,0.0,3,20,0.21094690143058573,0.17707006440164977,3.4156355684558695,0.6827721434019719,0.21367229003930238
evogym,best,0.0,3,21,0.22085995524571486,0.18355782476221988,3.455492118327125,0.6542876969682971,0.2260964614369322
evogym,best,0.0,3,22,0.22085995524571486,0.17640191047966897,3.455492118327125,0.7233106272592499,0.22000813838154104
evogym,best,0.0,3,23,0.22095124597063448,0.17489683622782912,2.9859598917603405,0.7207433811652707,0.22098169850549737
evogym,best,0.0,3,24,0.2689954274015749,0.1775661017305869,2.9859598917603405,0.6806049323515825,0.2215142459676982
evogym,best,0.0,3,25,0.2689954274015749,0.1767399290353809,4.681936913883069,1.0876461261830355,0.21654095741918802
evogym,best,0.0,3,26,0.2689954274015749,0.17864853836895125,3.2534164508504,1.0670740717347407,0.21713682233578777
evogym,best,0.0,3,27,0.2689954274015749,0.18042215531025663,3.2534164508504,0.9596536500978166,0.22479929496201484
evogym,best,0.0,3,28,0.3014619789037852,0.18394744474428137,3.2585267410228798,1.1561088422555392,0.2291802477374664
evogym,best,0.0,3,29,0.35192003050353726,0.1824099924740244,3.2585267410228798,0.9978338808205807,0.22795897222591305
evogym,best,0.0,3,30,0.35192003050353726,0.18315328030043368,3.3317631836404074,1.2879349948018803,0.21533515194204647
evogym,best,0.5,1,0,0.3097964652131151,0.22199369440883138,3.335255832345865,1.4669313299472715,0.23322917977172014
evogym,best,0.5,1,1,0.3097964652131151,0.22199369440883138,3.335255832345865,1.4669313299472715,0.23322917977172014
evogym,best,0.5,1,2,0.41160087446553073,0.2506134460482722,4.945221153962925,1.9989282798077652,0.2034530048744255
evogym,best,0.5,1,3,0.41160087446553073,0.298440708514241,5.904701140485118,2.861591605131454,0.18687034919202777
evogym,best,0.5,1,4,0.45634090766578195,0.29296739962094914,6.811082467652754,3.0245986423577627,0.17674044418935692
evogym,best,0.5,1,5,0.45634090766578195,0.318238457932883,7.322991442174726,3.5554516514391685,0.17092799860266958
evogym,best,0.5,1,6,0.45634090766578195,0.3203418471679681,7.322991442174726,3.6900920199651983,0.15400329479454294
evogym,best,0.5,1,7,0.45634090766578195,0.34301909359512534,7.322991442174726,4.119909081526388,0.14732821400690857
evogym,best,0.5,1,8,0.4606463183720873,0.35543207173298313,7.499016113529054,4.474037277402055,0.1362905564982067
evogym,best,0.5,1,9,0.4852348904371928,0.35572703234193076,7.499016113529054,4.7029718522107755,0.11335474398180871
evogym,best,0.5,1,10,0.4852348904371928,0.38893624054120773,7.6337906721233635,5.437433649668527,0.10184791654664745
evogym,best,0.5,1,11,0.4852348904371928,0.39210759298204995,8.139667912717062,5.67914788548394,0.10083610443407635
evogym,best,0.5,1,12,0.4887413885955411,0.4121943093793042,8.139667912717062,6.160490417733411,0.08376043272991104
evogym,best,0.5,1,13,0.4887413885955411,0.43165046244343086,8.139667912717062,6.528433164438884,0.08685360946443094
evogym,best,0.5,1,14,0.4887413885955411,0.4378929823377608,8.139667912717062,6.768511562752442,0.07246291971292168
evogym,best,0.5,1,15,0.4887413885955411,0.422540069402147,8.139667912717062,6.525409116002173,0.07804638155026387
evogym,best,0.5,1,16,0.4826811953482033,0.43160213685895454,8.518405408136076,6.970237141474103,0.06244148275536028
evogym,best,0.5,1,17,0.4826811953482033,0.4197920848802892,8.518405408136076,6.652406701074639,0.0769492498289382
evogym,best,0.5,1,18,0.48281829453846875,0.426639537680425,8.518405408136076,6.899419315597752,0.06606796727262125
evogym,best,0.5,1,19,0.48455940971543116,0.4152494598972155,8.518405408136076,6.669171031131533,0.07359751925221839
evogym,best,0.5,1,20,0.48455940971543116,0.4201624103483853,8.518405408136076,6.756852183052897,0.07226416436462586
evogym,best,0.5,1,21,0.48455940971543116,0.42427137241624013,8.518405408136076,6.776091379792398,0.078915307035571
evogym,best,0.5,1,22,0.48281829453846875,0.44051585594234155,8.518405408136076,7.26863537838549,0.057689306412427796
evogym,best,0.5,1,23,0.4797969782967992,0.40284251552829475,8.518405408136076,6.5453357764056905,0.06996764765262585
evogym,best,0.5,1,24,0.4797969782967992,0.42729360131601546,8.518405408136076,7.000211003443338,0.07014155322737069
evogym,best,0.5,1,25,0.4786562890174046,0.40087257715920244,8.518405408136076,6.451477667444813,0.08313237912652695
evogym,best,0.5,1,26,0.5024071316243287,0.4143572983867892,8.86837387891949,6.83733599444299,0.0811321123994518
evogym,best,0.5,1,27,0.5078286015041382,0.39236421569220303,8.998872314308587,6.439533011441284,0.08610456163135359
evogym,best,0.5,1,28,0.5078286015041382,0.40520473160276593,8.998872314308587,6.7245147359406205,0.0823700866511732
evogym,best,0.5,1,29,0.5213022343648359,0.39089684252773227,9.248082860565733,6.509998258768512,0.08370110738139884
evogym,best,0.5,1,30,0.5213022343648359,0.4163838298821093,9.248082860565733,6.955257117433557,0.08583910470287456
evogym,best,0.5,2,0,0.35301037800627627,0.22013073188734067,3.7110182671480207,1.5024779616744444,0.22049485085673814
evogym,best,0.5,2,1,0.35301037800627627,0.22013073188734067,3.7110182671480207,1.5024779616744444,0.22049485085673814
evogym,best,0.5,2,2,0.354195142413265,0.22831143800454506,4.656466947353898,1.7270610559771513,0.19139365405373923
evogym,best,0.5,2,3,0.4184684605341398,0.26858463257053133,6.175327397472469,2.519562221428306,0.17143400698981334
evogym,best,0.5,2,4,0.43212576855284274,0.30451364302529205,6.511318260011629,3.2049703161109533,0.15194717427078405
evogym,best,0.5,2,5,0.43212576855284274,0.31521673832881103,6.511318260011629,3.4362130746933546,0.13975676919371474
evogym,best,0.5,2,6,0.4435344187871131,0.3362581058361786,6.662884988633783,4.002178277664832,0.1173110328067771
evogym,best,0.5,2,7,0.4707536383244627,0.35396306929149646,7.364326192195198,4.495681086806922,0.10982947045984337
evogym,best,0.5,2,8,0.4707536383244627,0.37688724296808596,7.364326192195198,4.823006755825159,0.11740839351363516
evogym,best,0.5,2,9,0.47669412117066245,0.39087602996243465,7.364326192195198,5.235622465436635,0.09810382079170575
evogym,best,0.5,2,10,0.47669412117066245,0.392919125602769,7.493852937615089,5.456979513696562,0.08603969889034743
evogym,best,0.5,2,11,0.48001398396086414,0.40403130647913355,7.6461392534287445,5.807324062959728,0.07542759475780303
evogym,best,0.5,2,12,0.48001398396086414,0.4033560309377111,7.6461392534287445,5.818937061092885,0.0836454175387253
evogym,best,0.5,2,13,0.4815705670290513,0.40753254552438384,7.937229230655842,6.036466819238035,0.08379128778648544
evogym,best,0.5,2,14,0.4815705670290513,0.4127230250139758,7.937229230655842,6.207316417066622,0.08269560783688995
evogym,best,0.5,2,15,0.4815705670290513,0.3923770520383928,8.250372612072946,6.048208268111585,0.0816571038028701
evogym,best,0.5,2,16,0.4842773583797201,0.39438091256140295,8.411695498046758,6.195942711963799,0.08064816661235238
evogym,best,0.5,2,17,0.544270994096797,0.4112397705355281,8.411695498046758,6.664297791883692,0.06916824006658202
evogym,best,0.5,2,18,0.544270994096797,0.40553074512497195,8.411695498046758,6.597708254560628,0.06858605825158685
evogym,best,0.5,2,19,0.544270994096797,0.39910277826914253,8.45012871289415,6.601529699039125,0.07257523931165619
evogym,best,0.5,2,20,0.544270994096797,0.4035316735225506,9.356904329868046,7.100814454753544,0.06184904807867171
evogym,best,0.5,2,21,0.544270994096797,0.4101785751153827,9.618415865138132,7.223321265028462,0.0712733728230179
evogym,best,0.5,2,22,0.544270994096797,0.4032731490679818,9.618415865138132,7.0487473751402145,0.07357950566632791
evogym,best,0.5,2,23,0.544270994096797,0.3993489145097102,9.618415865138132,6.972093733342348,0.07147683757282489
evogym,best,0.5,2,24,0.544270994096797,0.4290426046222991,9.618415865138132,7.618885677340136,0.06212796703834278
evogym,best,0.5,2,25,0.544270994096797,0.44006963105027114,9.618415865138132,7.963672972961573,0.05370415550999834
evogym,best,0.5,2,26,0.544270994096797,0.43376535602768856,9.618415865138132,7.806420861508279,0.05940283892193915
evogym,best,0.5,2,27,0.544270994096797,0.43176121552013996,9.618415865138132,7.7798767110882086,0.060932290785949264
evogym,best,0.5,2,28,0.544270994096797,0.4176874844605586,9.623272874906402,7.449133983070941,0.07124251097366344
evogym,best,0.5,2,29,0.544270994096797,0.43692537584383795,9.623272874906402,7.764766233060341,0.07601367388060933
evogym,best,0.5,2,30,0.577147673936006,0.4294705496818308,9.623272874906402,7.644912409171527,0.07277506811859676
evogym,best,0.5,3,0,0.36640934375793066,0.2557752150258986,4.061772968081705,1.6515599012052788,0.22110771668296308
evogym,best,0.5,3,1,0.36640934375793066,0.2557752150258986,4.061772968081705,1.6515599012052788,0.22110771668296308
evogym,best,0.5,3,2,0.36640934375793066,0.27331651690787984,4.102695523768139,2.0352686262269515,0.19602735576573455
evogym,best,0.5,3,3,0.38901656737015605,0.30401363685406796,6.157341170137893,2.932056488290445,0.1686462957228824
evogym,best,0.5,3,4,0.38901656737015605,0.31687816018986903,6.157341170137893,3.3098144285540885,0.1476114313234677
evogym,best,0.5,3,5,0.4107627483635261,0.3237670914261771,6.348086180846574,3.737630784281695,0.13752869524410435
evogym,best,0.5,3,6,0.4879235663137982,0.32286384834734455,7.1623873006452765,4.173642616612435,0.12186192249688803
evogym,best,0.5,3,7,0.4879235663137982,0.32173836090271857,8.232614248313327,4.566289146719944,0.10870564440051515
evogym,best,0.5,3,8,0.4879235663137982,0.33842421278625456,8.232614248313327,4.902873593076325,0.10811596716234025
evogym,best,0.5,3,9,0.4879235663137982,0.36012849658176893,8.433671674222575,5.450778451023842,0.10093840821885491
evogym,best,0.5,3,10,0.4879235663137982,0.33557244518774487,8.433671674222575,4.995140470593472,0.11015223522407973
evogym,best,0.5,3,11,0.4879235663137982,0.3441331389270814,8.63607873845672,5.2593839034299315,0.10664037932481911
evogym,best,0.5,3,12,0.4879235663137982,0.3548890679970031,9.132992277536944,5.61308006287756,0.10568428483586172
evogym,best,0.5,3,13,0.4879235663137982,0.3580445929393833,9.132992277536944,5.800918423364407,0.09907204305624202
evogym,best,0.5,3,14,0.5094770653783733,0.3710202986755652,9.14531324115769,6.010790726853486,0.0994037540381406
evogym,best,0.5,3,15,0.5094770653783733,0.4018579585637022,9.14531324115769,6.809572972089464,0.07881608483104689
evogym,best,0.5,3,16,0.5094770653783733,0.41375174984656277,9.14531324115769,7.190980445007156,0.060398653233040236
evogym,best,0.5,3,17,0.5094770653783733,0.4211106198201414,9.14531324115769,7.334305132327843,0.0642633131843375
evogym,best,0.5,3,18,0.5094770653783733,0.39088067005646854,9.584052867897887,6.8952367664843,0.06382182409848722
evogym,best,0.5,3,19,0.5094770653783733,0.4024147340360078,9.584052867897887,7.113808456096261,0.06253119247903725
evogym,best,0.5,3,20,0.5124461886374478,0.41898970595322715,9.584052867897887,7.425261423090731,0.06524063517642245
evogym,best,0.5,3,21,0.5124461886374478,0.419358590836019,9.584052867897887,7.371967000800078,0.07229401434708148
evogym,best,0.5,3,22,0.5280954966265878,0.40985416632467303,9.584052867897887,7.226401394173175,0.06684240480088968
evogym,best,0.5,3,23,0.5284829856777064,0.4409630147096009,9.58753079665641,7.829556808194769,0.06873334791232644
evogym,best,0.5,3,24,0.5284829856777064,0.4162029472538903,9.593548569817013,7.372267268609226,0.07017158896806412
evogym,best,0.5,3,25,0.5284829856777064,0.403998324708005,9.595096679893064,7.1339849208972455,0.07205144992382848
evogym,best,0.5,3,26,0.5348130867272789,0.4273530828248976,9.595096679893064,7.55580931791078,0.07358467090406039
evogym,best,0.5,3,27,0.5348130867272789,0.41466334742242034,9.595096679893064,7.248069113360361,0.08165855425871123
evogym,best,0.5,3,28,0.5348130867272789,0.41777521953406777,9.595096679893064,7.361582991281848,0.07681584522553689
evogym,best,0.5,3,29,0.5348130867272789,0.4315574282748412,9.595096679893064,7.533579625189347,0.08401889722454142
evogym,best,0.5,3,30,0.5348130867272789,0.4051241762576245,9.595096679893064,7.1352818057339915,0.07051634104796325
evogym,best,1.0,1,0,0.4685795353198623,0.30718750888342683,2.4663322470142046,1.3702121232197118,0.2565225791477938
evogym,best,1.0,1,1,0.4685795353198623,0.30718750888342683,2.4663322470142046,1.3702121232197118,0.2565225791477938
evogym,best,1.0,1,2,0.6081012434130998,0.31517283269080754,3.7718288468625527,1.4580395917637659,0.22821523644472402
evogym,best,1.0,1,3,0.7814994714254565,0.3814112561798963,4.860170867807653,2.046628347779247,0.20433890172809005
evogym,best,1.0,1,4,0.7852762420059305,0.43353740953700626,4.883658728031195,2.4547294092549428,0.17489140377927928
evogym,best,1.0,1,5,0.8751677575143346,0.4929056766375415,6.20263301172079,3.0764158462170053,0.1519039551682972
evogym,best,1.0,1,6,0.8751677575143346,0.5769864481826587,6.20263301172079,3.599204007221439,0.11825985246641771
evogym,best,1.0,1,7,0.8751677575143346,0.611147443670967,6.20263301172079,3.836922692348749,0.08957341626875544
evogym,best,1.0,1,8,0.8751677575143346,0.6485385156152487,6.20263301172079,4.084644103701002,0.0693885099364315
evogym,best,1.0,1,9,0.8793020362158869,0.7346621925397329,6.219032827933578,4.692173547968145,0.0593033347659543
evogym,best,1.0,1,10,0.8822188358452283,0.6895639445311998,6.219032827933578,4.428785056280563,0.07148751196056663
evogym,best,1.0,1,11,0.8822188358452283,0.7133953305673517,6.225706146859898,4.62172085222103,0.0639977686966394
evogym,best,1.0,1,12,0.8822188358452283,0.7176850257894878,6.225706146859898,4.683202396002743,0.06330784498085154
evogym,best,1.0,1,13,0.8835665806976478,0.7542873579107743,6.225706146859898,5.025463379141565,0.05499361098997126
evogym,best,1.0,1,14,0.883933059622125,0.730197176466824,6.354559422742166,5.017629639355036,0.05836020648814706
evogym,best,1.0,1,15,0.8527749900725701,0.7174862443209429,6.628514853576898,5.122007907568334,0.05826576221196632
evogym,best,1.0,1,16,0.8919912660916579,0.649939693395943,7.2919826068365055,4.858528509448269,0.0444851150497609
evogym,best,1.0,1,17,0.901242906040948,0.6591242111134483,7.41080117965369,4.978346232060835,0.04986063731239394
evogym,best,1.0,1,18,0.9078631601746001,0.6600147030761668,7.465238653518308,5.014308843769522,0.05613622729177831
evogym,best,1.0,1,19,0.9210289472591168,0.6700815551205507,7.573499178847284,5.147927672813632,0.059904031356064744
evogym,best,1.0,1,20,0.9210289472591168,0.7002952757878975,7.573499178847284,5.417126185874587,0.06004709903723164
evogym,best,1.0,1,21,0.9210289472591168,0.7197059775117868,7.573499178847284,5.634740474339096,0.06216960576244314
evogym,best,1.0,1,22,0.9484889170094407,0.739835669626309,7.799298877080591,5.869132459581478,0.06573594609141063
evogym,best,1.0,1,23,0.9484889170094407,0.717669959737186,7.799298877080591,5.724373742157239,0.06247319746029404
evogym,best,1.0,1,24,0.9484889170094407,0.7836632903446612,7.799298877080591,6.296073286599548,0.05307963005112622
evogym,best,1.0,1,25,0.9941724393592308,0.7606551037858909,8.174948437317106,6.237382106301918,0.05513179522395397
evogym,best,1.0,1,26,0.9941724393592308,0.7266466604981731,8.174948437317106,5.962274797167542,0.04506422567257058
evogym,best,1.0,1,27,1.0,0.7011296127358039,8.222867697465105,5.765296044301462,0.05551638185842193
evogym,best,1.0,1,28,1.0,0.7334552321676282,8.222867697465105,6.031105336127959,0.04962383326246532
evogym,best,1.0,1,29,1.0,0.7693524176344446,8.222867697465105,6.326283142932955,0.0440224884556003
evogym,best,1.0,1,30,1.0,0.7712107532873725,8.222867697465105,6.341563991144471,0.05001813999884177
evogym,best,1.0,2,0,0.5436092243796516,0.3299823243090824,4.031700781947432,1.717041288358845,0.20945782427701382
evogym,best,1.0,2,1,0.5436092243796516,0.3299823243090824,4.031700781947432,1.717041288358845,0.20945782427701382
evogym,best,1.0,2,2,0.5644874185710775,0.3483345089143002,4.1865447913427465,1.845710498809284,0.18730377713707214
evogym,best,1.0,2,3,0.6796625831157601,0.4138088990780047,5.487532272716829,2.5808109970480517,0.16092810203761698
evogym,best,1.0,2,4,0.7058062480564081,0.496917073518893,5.983006633409879,3.472044169447443,0.12298185625265665
evogym,best,1.0,2,5,0.852198048686892,0.5351280388953377,7.416542253395851,4.172169026239548,0.10556676870750795
evogym,best,1.0,2,6,0.852198048686892,0.6153987487537209,7.416542253395851,4.91202767852195,0.06227678923243367
evogym,best,1.0,2,7,0.9190468492149088,0.6120422198502726,7.9983165891489065,5.086981857418699,0.07228339335966416
evogym,best,1.0,2,8,0.9494146133692615,0.6678626903603504,8.476839996649783,5.714967042711405,0.08505914036996395
evogym,best,1.0,2,9,0.9494146133692615,0.6921535884713131,8.476839996649783,5.958383635409373,0.10415162476169926
evogym,best,1.0,2,10,0.9494146133692615,0.7318058686282354,8.664671418059017,6.369719006014103,0.11708725802249234
evogym,best,1.0,2,11,0.9687959007926081,0.7565460281106596,8.702838811733514,6.60628494426062,0.09959869093613336
evogym,best,1.0,2,12,0.9687959007926081,0.8053147523313593,8.702838811733514,7.049874240879079,0.08397012112736481
evogym,best,1.0,2,13,0.9687959007926081,0.8072803400965487,8.702838811733514,7.105306335713483,0.08359383900362813
evogym,best,1.0,2,14,0.9687959007926081,0.8153695537855411,8.702838811733514,7.233194310577919,0.07586236548566754
evogym,best,1.0,2,15,0.9687959007926081,0.8044138449821633,8.702838811733514,7.195346053755126,0.07453022907723564
evogym,best,1.0,2,16,0.9687959007926081,0.7996241692810943,8.702838811733514,7.211152257159516,0.07207357750458614
evogym,best,1.0,2,17,0.9687959007926081,0.8330501285160394,8.702838811733514,7.587014443443583,0.054542493277041616
evogym,best,1.0,2,18,0.9553455575548021,0.8097564423499417,8.928491174753843,7.493671054291504,0.04420208420991074
evogym,best,1.0,2,19,0.9590932488647244,0.7949943428454237,9.170970358635945,7.45911449286761,0.04778686322111865
evogym,best,1.0,2,20,0.9590932488647244,0.7518066949719238,9.170970358635945,7.067729484628794,0.04425339260303919
evogym,best,1.0,2,21,0.9590932488647244,0.7386695812674782,9.170970358635945,6.94724940424729,0.05451356533198144
evogym,best,1.0,2,22,0.9875519238245143,0.7545412701504055,9.443095790455244,7.178827896684301,0.05520211993750963
evogym,best,1.0,2,23,0.9999383484418342,0.7299288011324379,9.561536341621027,6.979495547590882,0.05050945147100799
evogym,best,1.0,2,24,0.9999383484418342,0.6817040678451594,9.561536341621027,6.518406665753315,0.05014916401649479
evogym,best,1.0,2,25,1.0,0.7143990528757184,9.562125861579771,6.831173658991001,0.0532602655737214
evogym,best,1.0,2,26,1.0,0.7498293496357006,9.562125861579771,7.169962615923072,0.05523284480762414
evogym,best,1.0,2,27,1.0,0.7955566519881324,9.562125861579771,7.607212836327538,0.05024175673846325
evogym,best,1.0,2,28,1.0,0.7448031244377493,9.562125861579771,7.121901217971617,0.06262624083770847
evogym,best,1.0,2,29,1.0,0.7922008003615832,9.562125861579771,7.575123760701686,0.04888851491385905
evogym,best,1.0,2,30,1.0,0.8272878052367474,9.562125861579771,7.910630117423868,0.043379643000449636
evogym,best,1.0,3,0,0.5658533361952867,0.2644362322031218,3.8959318134136294,1.5209886868019482,0.2273765296449138
evogym,best,1.0,3,1,0.5658533361952867,0.2644362322031218,3.8959318134136294,1.5209886868019482,0.2273765296449138
evogym,best,1.0,3,2,0.6668635208362088,0.2765805319078845,5.006372194649203,1.6352035338732318,0.19779585081650145
evogym,best,1.0,3,3,0.7609081610438744,0.3684043961358413,5.8441560700511435,2.4082552795457053,0.1827064642342505
evogym,best,1.0,3,4,0.8472371527599306,0.46111700975802405,6.88505583374182,3.2182856899951977,0.1713061228493361
evogym,best,1.0,3,5,0.8472371527599306,0.48600989644083575,6.88505583374182,3.4163078318612152,0.16188363604023379
evogym,best,1.0,3,6,0.8472371527599306,0.556346260974729,6.88505583374182,3.953123561514502,0.14556045452411695
evogym,best,1.0,3,7,0.8472371527599306,0.6027045775039064,6.88505583374182,4.34410674801243,0.13131712006481183
evogym,best,1.0,3,8,0.8472371527599306,0.6124160245076273,6.88505583374182,4.553088607711934,0.11964987313693484
evogym,best,1.0,3,9,0.8863044465649097,0.6188140963548903,7.507341514754771,4.805626355684084,0.11142005970471891
evogym,best,1.0,3,10,0.897834174731765,0.6311708531232829,7.660419958551334,4.988305793292687,0.10543625046270493
evogym,best,1.0,3,11,0.9001877866349365,0.613409270163435,7.680501234253638,4.911040186436843,0.08800706442511724
evogym,best,1.0,3,12,0.9007474655412043,0.6456162771258845,8.126480066783307,5.303331215060927,0.0857589580687047
evogym,best,1.0,3,13,0.9007474655412043,0.6884356008279238,8.126480066783307,5.670488313908877,0.07955191776818973
evogym,best,1.0,3,14,0.9007474655412043,0.6915758317069163,8.126480066783307,5.723438138567188,0.08169073169652075
evogym,best,1.0,3,15,0.9007474655412043,0.7798193381365357,8.126480066783307,6.507134234910147,0.05961494882046843
evogym,best,1.0,3,16,0.9388664476905835,0.7444928885916386,8.470386833611537,6.335490684845124,0.061015983391601136
evogym,best,1.0,3,17,0.9388664476905835,0.7919137391072348,8.470386833611537,6.787239863218728,0.050925694927574684
evogym,best,1.0,3,18,0.9388664476905835,0.7845094096339716,8.532110020026744,6.77158808206801,0.036935385080202436
evogym,best,1.0,3,19,0.9388664476905835,0.75243564535578,8.532110020026744,6.504287938585802,0.046125291057232745
evogym,best,1.0,3,20,0.9388664476905835,0.754497737821189,8.532110020026744,6.5346622666040535,0.050308233742998344
evogym,best,1.0,3,21,0.9388664476905835,0.7617201459624978,8.532110020026744,6.62359110639291,0.057283331869910824
evogym,best,1.0,3,22,0.9388664476905835,0.7489425492119086,8.532110020026744,6.541940458469251,0.061521879195226815
evogym,best,1.0,3,23,0.9388664476905835,0.724091669165583,8.818709804949982,6.43669524239507,0.06340446496461616
evogym,best,1.0,3,24,0.9388664476905835,0.788975316265433,8.818709804949982,7.076926231795374,0.06453779716549773
evogym,best,1.0,3,25,0.9388664476905835,0.7554811105341502,8.818709804949982,6.827367159244739,0.07105096510487455
evogym,best,1.0,3,26,0.9388664476905835,0.7730219328053963,8.818709804949982,7.057002432443999,0.06285874106649919
evogym,best,1.0,3,27,0.946282839205584,0.8073355946408807,9.021929428245018,7.518699379270032,0.058822395032856876
evogym,best,1.0,3,28,1.0,0.7393961462407417,9.534072747022485,7.049456647127305,0.04936482787198039
evogym,best,1.0,3,29,1.0,0.8029939698502103,9.534072747022485,7.655802923972284,0.04793952793083256
evogym,best,1.0,3,30,1.0,0.7671410654718784,9.534072747022485,7.3139787254372255,0.05741257848632307
evogym,best_many,0.0,1,0,0.21403415784911622,0.18246505169079724,3.797743680913135,1.431138132224879,0.2575616698572584
evogym,best_many,0.0,1,1,0.21403415784911622,0.18246505169079724,3.797743680913135,1.431138132224879,0.2575616698572584
evogym,best_many,0.0,1,2,0.22107486226449552,0.18168346386374704,3.797743680913135,1.2779292038230876,0.2281557255974544
evogym,best_many,0.0,1,3,0.22417500152672723,0.19080285147275267,2.734077303812159,1.1209230570706925,0.23932076654445916
evogym,best_many,0.0,1,4,0.22417500152672723,0.18057500738968932,3.821270806546925,1.1539560295950588,0.24111294993227453
evogym,best_many,0.0,1,5,0.23078881742786675,0.18121858049266354,3.821270806546925,1.1636126316587043,0.2419998313166268
evogym,best_many,0.0,1,6,0.23078881742786675,0.1674203855509811,3.821270806546925,1.3054036370608564,0.22414082119851306
evogym,best_many,0.0,1,7,0.23078881742786675,0.17105665316475704,3.7589493754552747,1.2009663470012615,0.22566192410765748
evogym,best_many,0.0,1,8,0.23078881742786675,0.1753192166827986,3.3795339474570203,1.3834135305967217,0.21882629046444096
evogym,best_many,0.0,1,9,0.23078881742786675,0.18478514104002858,4.623024154604172,1.0441250164656302,0.22009760200927264
evogym,best_many,0.0,1,10,0.2361728937022315,0.18989893062640287,4.623024154604172,1.2061781546987655,0.23335634876356318
evogym,best_many,0.0,1,11,0.23644205467574286,0.18156080367549338,2.805086093742457,1.0005482542019373,0.2432133856014286
evogym,best_many,0.0,1,12,0.2087495579400887,0.16153742478894037,3.6750422446794313,0.9383459913601868,0.23342426841474112
evogym,best_many,0.0,1,13,0.21661479783900178,0.15491647300979583,2.8093138575696117,0.9531063649826532,0.2197647942940432
evogym,best_many,0.0,1,14,0.21661479783900178,0.17463739895989674,5.391813429022542,0.9060268729518988,0.23711335872518444
evogym,best_many,0.0,1,15,0.21045035143131777,0.15243075401471282,5.679186906827372,1.1383606179995587,0.2147346961596103
evogym,best_many,0.0,1,16,0.21045035143131777,0.17141090051912394,3.3539111811089124,1.0956740537883523,0.22952352140232843
evogym,best_many,0.0,1,17,0.2120353793403797,0.17086974185627085,3.3539111811089124,0.9367879636890274,0.22699610007853693
evogym,best_many,0.0,1,18,0.22020499059156,0.181292015357934,3.3539111811089124,0.9654072546429695,0.2335347467996441
evogym,best_many,0.0,1,19,0.22020499059156,0.1695600812306446,3.3539111811089124,0.7284122059861251,0.22207406513171318
evogym,best_many,0.0,1,20,0.22020499059156,0.1778470259875228,3.3539111811089124,1.1283807463990072,0.225036820799197
evogym,best_many,0.0,1,21,0.22020499059156,0.17955545960112523,3.3539111811089124,1.0132011485604344,0.22908579818225938
evogym,best_many,0.0,1,22,0.22020499059156,0.17223279626655397,3.1805360634759285,0.9939708557399746,0.2216716407408928
evogym,best_many,0.0,1,23,0.2141200835450264,0.18375481273402633,3.303621116258195,0.9118449632743573,0.2320405631690333
evogym,best_many,0.0,1,24,0.2141200835450264,0.17934959014676835,3.7809358770777854,1.1186390578530914,0.2313978136635076
evogym,best_many,0.0,1,25,0.24144996917843625,0.17635778537392272,3.7809358770777854,0.8224242484401717,0.2263530447609555
evogym,best_many,0.0,1,26,0.24998177464017435,0.1658478894668351,2.62375432618716,0.9811060796943363,0.2170568499084602
evogym,best_many,0.0,1,27,0.3185955923406436,0.1848885004561356,3.2486725793890043,0.9523770617195183,0.22247372071493646
evogym,best_many,0.0,1,28,0.3205011087200377,0.1952701989590077,3.5273683255118073,1.0076836577943742,0.22832475707054045
evogym,best_many,0.0,1,29,0.3205011087200377,0.1920069112970346,3.5273683255118073,1.035412683072955,0.22642840057605498
evogym,best_many,0.0,1,30,0.36522544171329835,0.2161203908069505,3.5273683255118073,1.0197683701378684,0.2343207931087738
evogym,best_many,0.0,2,0,0.21189745933753193,0.17155869668226215,3.783483880158772,1.6253420607942188,0.2521287799748494
evogym,best_many,0.0,2,1,0.21189745933753193,0.17155869668226215,3.783483880158772,1.6253420607942188,0.2521287799748494
evogym,best_many,0.0,2,2,0.22195229079993758,0.17154739692961932,3.783483880158772,1.5256961539481753,0.22310012121127532
evogym,best_many,0.0,2,3,0.22195229079993758,0.17559021754404375,3.783483880158772,1.4704549461042666,0.23595678427381922
evogym,best_many,0.0,2,4,0.22195229079993758,0.1735883162946005,3.783483880158772,1.636240871645811,0.23557481714541534
evogym,best_many,0.0,2,5,0.22195229079993758,0.18487909627770407,4.547077316339829,1.614917195169809,0.23837272296284504
evogym,best_many,0.0,2,6,0.22195229079993758,0.189553390135148,4.916456050126296,1.591412574460581,0.24349639608154647
evogym,best_many,0.0,2,7,0.22195625957291332,0.18263177024523417,4.916456050126296,1.8443112228785759,0.24205840951651783
evogym,best_many,0.0,2,8,0.22354613892739536,0.177646301196481,3.730110133404581,1.6019550963740818,0.24123421238952533
evogym,best_many,0.0,2,9,0.23318629775060531,0.17661983348586086,4.789753267158085,1.8380056322378802,0.2286293567816559
evogym,best_many,0.0,2,10,0.2541697384293658,0.18850059507214648,4.764800902841011,1.6286195136771071,0.23486112130902356
evogym,best_many,0.0,2,11,0.2541697384293658,0.1733167557469099,4.764800902841011,1.4324496802535072,0.22814463490921386
evogym,best_many,0.0,2,12,0.2541697384293658,0.17500039591840247,4.764800902841011,1.8159013195898885,0.23072452484612133
evogym,best_many,0.0,2,13,0.2541697384293658,0.1690866372543988,4.4832688403095675,1.573744039517236,0.22567448834787954
evogym,best_many,0.0,2,14,0.2541697384293658,0.1965435396839279,4.4832688403095675,1.7064294386472056,0.24571734061385736
evogym,best_many,0.0,2,15,0.2541697384293658,0.19593280417287126,3.4020732706983576,1.5095025038592718,0.24798108907349786
evogym,best_many,0.0,2,16,0.2541697384293658,0.19397111923488417,4.055997800783558,1.9324796864485072,0.24560644033283988
evogym,best_many,0.0,2,17,0.2541697384293658,0.20045480124796172,4.055997800783558,1.7658758725532842,0.25247795102135034
evogym,best_many,0.0,2,18,0.25418731122825233,0.20672968457128355,3.987439391469351,1.7242205563918975,0.26011705294231013
evogym,best_many,0.0,2,19,0.2363561576265279,0.1988814532115392,3.987439391469351,1.5812885358506923,0.2568599563435528
evogym,best_many,0.0,2,20,0.2363561576265279,0.19908930140771217,3.987439391469351,1.8204307824517947,0.2539335477322945
evogym,best_many,0.0,2,21,0.2363561576265279,0.18970325814171551,3.987439391469351,1.8667962685450121,0.245385044035833
evogym,best_many,0.0,2,22,0.2963741462254868,0.1896952197895738,3.987439391469351,1.999230317114757,0.24289161856757807
evogym,best_many,0.0,2,23,0.2963741462254868,0.19581910845048991,3.987439391469351,1.5446066955294964,0.23998210887366583
evogym,best_many,0.0,2,24,0.2963741462254868,0.2139233494397116,5.236381546223994,1.6038639002142236,0.2528840557523736
evogym,best_many,0.0,2,25,0.2963741462254868,0.20660740501033312,5.236381546223994,1.544801799524501,0.24861299973781406
evogym,best_many,0.0,2,26,0.33554725116636924,0.20735756163681301,5.497876848462281,1.4880064224854688,0.2505644294762521
evogym,best_many,0.0,2,27,0.33554725116636924,0.20767621917971102,5.497876848462281,1.552692609117804,0.24976753226551854
evogym,best_many,0.0,2,28,0.33554725116636924,0.22912349687139882,6.077595864870298,1.576689846562335,0.2605592842642674
evogym,best_many,0.0,2,29,0.3646175474122396,0.23248855432185186,6.077595864870298,1.7485327075992259,0.25820086365545175
evogym,best_many,0.0,2,30,0.3646175474122396,0.24129113572040128,4.640401314016194,1.4037923251472888,0.2542003531744411
evogym,best_many,0.0,3,0,0.22345361712995207,0.17995553711908546,3.620841214718438,1.757635002901764,0.25324435089117225
evogym,best_many,0.0,3,1,0.22345361712995207,0.17995553711908546,3.620841214718438,1.757635002901764,0.25324435089117225
evogym,best_many,0.0,3,2,0.22345361712995207,0.18050037844768774,3.8854781389117203,1.7461796113082824,0.22664066152297804
evogym,best_many,0.0,3,3,0.2248105055307558,0.18962484400780702,4.512240367001839,1.8770449553553505,0.23375508642043755
evogym,best_many,0.0,3,4,0.2248105055307558,0.18611748322402494,4.512240367001839,1.9269429562675326,0.22393110365127647
evogym,best_many,0.0,3,5,0.2248105055307558,0.19403497836062042,3.8753206258229804,1.7339919561528145,0.2307394225806268
evogym,best_many,0.0,3,6,0.21869540777931185,0.18906169139289036,5.197770390594102,1.9269671068835312,0.23851531786601807
evogym,best_many,0.0,3,7,0.21869540777931185,0.1865426995713379,5.197770390594102,1.5053990934909385,0.23333854623803313
evogym,best_many,0.0,3,8,0.21976236591872367,0.18931428699365438,5.197770390594102,1.6254898263616826,0.2337140227386819
evogym,best_many,0.0,3,9,0.21976236591872367,0.18905323352000641,5.547881045570228,1.5935564548254442,0.2332987340098664
evogym,best_many,0.0,3,10,0.22415570326364964,0.18806609120874945,3.8692840298359648,1.429981027528476,0.2361424654609734
evogym,best_many,0.0,3,11,0.22415570326364964,0.1843183711310465,3.7437669670718523,1.167513020488518,0.24501138557517957
evogym,best_many,0.0,3,12,0.22640125449234408,0.17699616055510978,3.8147121678738833,1.4465473051330164,0.22502629984152347
evogym,best_many,0.0,3,13,0.24069029279309798,0.1993229794019237,3.7437669670718523,1.2495151044027515,0.2306009025330012
evogym,best_many,0.0,3,14,0.24069029279309798,0.2033309584517629,4.146207110065605,1.4744152874292182,0.24166953803358546
evogym,best_many,0.0,3,15,0.24069029279309798,0.19134498533740404,3.7437669670718523,1.3276930281009658,0.23723391292066567
evogym,best_many,0.0,3,16,0.24923178483044103,0.19365546140314194,3.7437669670718523,1.1729213799425522,0.24696759809945373
evogym,best_many,0.0,3,17,0.2268118426874422,0.1890775467372797,5.3105293460843495,1.5622904472496055,0.2551639600861852
evogym,best_many,0.0,3,18,0.22501745046139923,0.17812216450350507,5.709430822498687,1.4440659009509278,0.24168802920416194
evogym,best_many,0.0,3,19,0.21090462258747164,0.17440365872286356,5.759474898287986,1.7546330222062891,0.23949001342252454
evogym,best_many,0.0,3,20,0.21139774850809678,0.1706378085435112,5.759474898287986,1.9125205433484953,0.22825909727894161
evogym,best_many,0.0,3,21,0.21139774850809678,0.1737845845383229,5.467301962223209,1.713687605611496,0.22435633075679595
evogym,best_many,0.0,3,22,0.21139774850809678,0.1763816143244497,5.422404065919154,1.5138064448032567,0.22899515584831823
evogym,best_many,0.0,3,23,0.2098571652576501,0.1720857133087762,5.422404065919154,1.442770051433107,0.2152493225399244
evogym,best_many,0.0,3,24,0.2098571652576501,0.1764482945560274,6.1943312147830945,1.3309917136223504,0.2146988644173709
evogym,best_many,0.0,3,25,0.2098571652576501,0.17130180890081617,6.1943312147830945,1.347750738531076,0.2152387286699137
evogym,best_many,0.0,3,26,0.2984940478088393,0.17032634179314105,6.1943312147830945,1.4272244142060544,0.21600606038791287
evogym,best_many,0.0,3,27,0.2984940478088393,0.17025396442233914,6.1943312147830945,1.4679894980080552,0.21180028494759418
evogym,best_many,0.0,3,28,0.2984940478088393,0.18140260936053926,6.1943312147830945,1.7702491638888886,0.21734939225550826
evogym,best_many,0.0,3,29,0.31064042685354304,0.18644423925640746,6.1943312147830945,1.6537138771704705,0.21935800242415865
evogym,best_many,0.0,3,30,0.31623707481903934,0.19620123704427764,4.152581335905233,1.155580604941865,0.21660935478367627
evogym,best_many,0.5,1,0,0.2813611598632039,0.18936488037413737,3.3348777776952585,1.5778218345605093,0.2006843815340175
evogym,best_many,0.5,1,1,0.2813611598632039,0.18936488037413737,3.3348777776952585,1.5778218345605093,0.2006843815340175
evogym,best_many,0.5,1,2,0.37735876480008046,0.20864803542078886,6.377298446451499,2.000308248918737,0.1769703556334309
evogym,best_many,0.5,1,3,0.4316647171141462,0.25133762865646436,7.70225026735622,2.990067844922978,0.1539034204361971
evogym,best_many,0.5,1,4,0.4462133254275396,0.2807739566399135,7.852081874822102,3.6733447802592223,0.14010529797153104
evogym,best_many,0.5,1,5,0.54319310644991,0.3149755369857804,9.374591282497926,4.655175267630097,0.134417068978505
evogym,best_many,0.5,1,6,0.54319310644991,0.37211136484805685,9.374591282497926,5.999316992715125,0.10890068068730305
evogym,best_many,0.5,1,7,0.54319310644991,0.37757448493387996,9.374591282497926,6.328973108092442,0.09339445144337896
evogym,best_many,0.5,1,8,0.54319310644991,0.394301848331304,9.374591282497926,6.657518540500679,0.09184301151985849
evogym,best_many,0.5,1,9,0.54319310644991,0.4024984597297383,9.374591282497926,6.802377257548221,0.09624095507862851
evogym,best_many,0.5,1,10,0.54319310644991,0.4094315360018643,9.591534575017903,7.066572675934266,0.0926760689920232
evogym,best_many,0.5,1,11,0.54319310644991,0.42833933304044286,9.591534575017903,7.406859699324761,0.09513532354453938
evogym,best_many,0.5,1,12,0.54319310644991,0.41662839952905245,9.595159724217833,7.224630932571254,0.0929522462893945
evogym,best_many,0.5,1,13,0.54319310644991,0.43048403805133884,9.59669690665137,7.499232657438886,0.09163527710250673
evogym,best_many,0.5,1,14,0.54319310644991,0.44403098821358544,9.59669690665137,7.735276391822599,0.09370203288099878
evogym,best_many,0.5,1,15,0.54319310644991,0.4581771303253839,9.59713930022515,8.023602429480565,0.0943396022203963
evogym,best_many,0.5,1,16,0.5527275327721742,0.45845096216752806,9.596844577968847,8.03091846773316,0.09018613533669491
evogym,best_many,0.5,1,17,0.5527275327721742,0.45064770036091123,9.597438093473725,7.863174663043095,0.09365387824345461
evogym,best_many,0.5,1,18,0.5527275327721742,0.4468029534905309,9.596671085875236,7.692329425556601,0.09987324578863964
evogym,best_many,0.5,1,19,0.5527275327721742,0.4381815961230047,9.596671085875236,7.545258861851228,0.09717191034373712
evogym,best_many,0.5,1,20,0.5527275327721742,0.45161513739613524,9.596671085875236,7.824334650875732,0.09413063491677424
evogym,best_many,0.5,1,21,0.5527275327721742,0.43051658130874354,9.596671085875236,7.36368425259344,0.09856527810928803
evogym,best_many,0.5,1,22,0.5527275327721742,0.46728303004243693,9.596671085875236,8.122829106334773,0.09247968958967259
evogym,best_many,0.5,1,23,0.5573392166756902,0.4439224856032248,9.595184480106452,7.592091716396368,0.0997433998003447
evogym,best_many,0.5,1,24,0.5573392166756902,0.4648791932678459,9.595184480106452,7.997134008929433,0.101117210280401
evogym,best_many,0.5,1,25,0.5573392166756902,0.45464470736952267,9.595184480106452,7.785839338820874,0.10363313577985848
evogym,best_many,0.5,1,26,0.5663205437411307,0.44696181236045085,9.595184480106452,7.585688539800913,0.10980168791907322
evogym,best_many,0.5,1,27,0.5663205437411307,0.4453580982257154,9.595184480106452,7.549850192920308,0.1089653249170824
evogym,best_many,0.5,1,28,0.5663205437411307,0.4579489619183102,9.595184480106452,7.75567341138009,0.1124436483671157
evogym,best_many,0.5,1,29,0.5663205437411307,0.4244517756418511,9.595184480106452,7.100740101179089,0.1126341772957082
evogym,best_many,0.5,1,30,0.5681520976767146,0.46157711273366964,9.595184480106452,7.849834621525176,0.10673219351552972
evogym,best_many,0.5,2,0,0.4471690367169396,0.2978676836119301,3.5975871980174405,1.6893749952658925,0.2171738963449529
evogym,best_many,0.5,2,1,0.4471690367169396,0.2978676836119301,3.5975871980174405,1.6893749952658925,0.2171738963449529
evogym,best_many,0.5,2,2,0.4471690367169396,0.29234211522366843,3.922106326613928,1.6740513320555617,0.2015896043626196
evogym,best_many,0.5,2,3,0.4471690367169396,0.3378632945387362,3.922106326613928,2.1073819517236982,0.1876942210888434
evogym,best_many,0.5,2,4,0.4471690367169396,0.353621217082949,3.922106326613928,2.350769781952039,0.1802438620444803
evogym,best_many,0.5,2,5,0.4471690367169396,0.36278961801301796,3.922106326613928,2.565654854048992,0.16187526514059028
evogym,best_many,0.5,2,6,0.4471690367169396,0.37191422006243186,3.9962716683362207,2.8382082991079622,0.1573627838642141
evogym,best_many,0.5,2,7,0.42217402276385574,0.354462279177264,5.083508538191185,3.1357911843748347,0.14470719369770962
evogym,best_many,0.5,2,8,0.45544034546363243,0.35219170336900735,5.288800515457307,3.18774327611214,0.15271595211017003
evogym,best_many,0.5,2,9,0.45544034546363243,0.3607452643994402,5.487456409289634,3.405966085444322,0.1620427433804327
evogym,best_many,0.5,2,10,0.45544034546363243,0.3740736373359611,5.906378483793033,3.8964031867579463,0.15253585837959177
evogym,best_many,0.5,2,11,0.4558082592672913,0.3609186195077092,6.568163949020078,4.049065439753014,0.13943021308534467
evogym,best_many,0.5,2,12,0.46446863743251754,0.3753925162877504,6.568163949020078,4.409252894511156,0.12791266645872362
evogym,best_many,0.5,2,13,0.47211229921270714,0.3857462267116115,6.8887551237505935,4.723673567190685,0.127790584362854
evogym,best_many,0.5,2,14,0.47438727111823414,0.3827497250182289,7.586289916225574,4.960968981436338,0.12249772170937459
evogym,best_many,0.5,2,15,0.47438727111823414,0.39320106952735495,7.586289916225574,5.1782766527830875,0.12107843445082271
evogym,best_many,0.5,2,16,0.47438727111823414,0.4007862889578476,7.586289916225574,5.404724323753799,0.1149852521325379
evogym,best_many,0.5,2,17,0.47438727111823414,0.40982865391591633,7.726102232465725,5.655137486679459,0.11619420580343809
evogym,best_many,0.5,2,18,0.47438727111823414,0.3979043197382364,7.835932657344077,5.595844526542171,0.11465805532163661
evogym,best_many,0.5,2,19,0.4773163640596687,0.4020485352577112,7.8935563210290285,5.980167485684064,0.10236978596125948
evogym,best_many,0.5,2,20,0.4773163640596687,0.40822240938527815,7.995882666015718,6.2501251746600675,0.09937249355599623
evogym,best_many,0.5,2,21,0.48493901858721405,0.39436089831014526,8.113024112753726,6.223464609852763,0.09370750862173688
evogym,best_many,0.5,2,22,0.4999724965000167,0.36626399795944387,9.564159313976498,6.030484760176801,0.09969134074228445
evogym,best_many,0.5,2,23,0.4999724965000167,0.3849381529592106,9.564159313976498,6.296728439084051,0.11030746031088393
evogym,best_many,0.5,2,24,0.4999724965000167,0.3974499129169447,9.564159313976498,6.5832833961188175,0.10773975372139788
evogym,best_many,0.5,2,25,0.4999724965000167,0.3874210936393671,9.564159313976498,6.448625064092347,0.10340576673443036
evogym,best_many,0.5,2,26,0.5222472715241243,0.39145225697513925,9.564685438628102,6.498784464076084,0.11044640819096596
evogym,best_many,0.5,2,27,0.5222472715241243,0.39226415330763736,9.564685438628102,6.54426775727828,0.10645214337823046
evogym,best_many,0.5,2,28,0.5222472715241243,0.41732044797490164,9.564685438628102,7.1307627489296666,0.09525968613199412
evogym,best_many,0.5,2,29,0.5222472715241243,0.4108063361444623,9.564685438628102,6.988049048080474,0.0937601811475592
evogym,best_many,0.5,2,30,0.5222472715241243,0.4303203407099601,9.564685438628102,7.4136326604763285,0.08806710850559572
evogym,best_many,0.5,3,0,0.34817072950452455,0.25150135915168426,4.045509191508075,1.4410058412962605,0.2334759952293734
evogym,best_many,0.5,3,1,0.34817072950452455,0.25150135915168426,4.045509191508075,1.4410058412962605,0.2334759952293734
evogym,best_many,0.5,3,2,0.34817072950452455,0.2663673927020046,4.119137362618279,1.6837015524480847,0.21005629047459706
evogym,best_many,0.5,3,3,0.35454436238359555,0.30875008311351143,4.479531640556191,2.5059887599044335,0.17795698830585707
evogym,best_many,0.5,3,4,0.3622865304758719,0.29888511318180067,5.413869136854683,2.9650539834376284,0.14920202778837005
evogym,best_many,0.5,3,5,0.4238890058638494,0.3012860683699824,6.801483294453875,3.490610221747101,0.13659299099922945
evogym,best_many,0.5,3,6,0.42468742335976806,0.3267250222900607,6.866693530597336,3.9808046297160105,0.14470023764301054
evogym,best_many,0.5,3,7,0.4744656286561327,0.34581581537198075,8.37478298105429,4.958814177779365,0.1118528609878531
evogym,best_many,0.5,3,8,0.4744656286561327,0.3615244173498947,8.37478298105429,5.4042149171958656,0.09868018381354579
evogym,best_many,0.5,3,9,0.4744656286561327,0.38369485265163655,8.37478298105429,5.957846478620413,0.08469273587316672
evogym,best_many,0.5,3,10,0.48199203946440566,0.39041161783391026,8.382484251931798,6.226153948227518,0.08318052369487641
evogym,best_many,0.5,3,11,0.5127457067677315,0.40870578884514597,9.026539905171923,6.81076645028521,0.08153739153337475
evogym,best_many,0.5,3,12,0.5275516701097852,0.4179958568609112,9.072752651302071,7.04057598356125,0.08402326486697363
evogym,best_many,0.5,3,13,0.5275516701097852,0.4134191072019874,9.195441886987416,6.976537346450007,0.08955130118355883
evogym,best_many,0.5,3,14,0.5414031428313157,0.42385626969570184,9.558449662751736,7.31710685018173,0.08767411493455704
evogym,best_many,0.5,3,15,0.5414031428313157,0.420155048202167,9.558449662751736,7.1482618037776735,0.0995751682111097
evogym,best_many,0.5,3,16,0.5414031428313157,0.432435779784669,9.558449662751736,7.401040086327191,0.096736423365276
evogym,best_many,0.5,3,17,0.5558090038329656,0.44276960036384017,9.563823741422869,7.700358804860881,0.0874630689420848
evogym,best_many,0.5,3,18,0.5569882089412187,0.46330129122351016,9.563823741422869,8.102806378568106,0.08943573217028519
evogym,best_many,0.5,3,19,0.5707143873592238,0.47725155789893553,9.563823741422869,8.369354542106489,0.09107433041965379
evogym,best_many,0.5,3,20,0.5707143873592238,0.4681048679340818,9.563823741422869,8.046639884406508,0.10333182129025098
evogym,best_many,0.5,3,21,0.5707143873592238,0.4844354705522849,9.563823741422869,8.382008890420023,0.09837588780584561
evogym,best_many,0.5,3,22,0.5718596852463619,0.4708416641678267,9.577354358389648,8.065311371802546,0.10564817474303753
evogym,best_many,0.5,3,23,0.5718596852463619,0.48008018358546856,9.577354358389648,8.246076832576783,0.10237914771546248
evogym,best_many,0.5,3,24,0.5718596852463619,0.4798392640209396,9.577354358389648,8.205981498410301,0.10491285673517872
evogym,best_many,0.5,3,25,0.5718596852463619,0.48058641336134267,9.577354358389648,8.183683304895313,0.10808294525492512
evogym,best_many,0.5,3,26,0.5718596852463619,0.4933399604829155,9.585332392571264,8.389222049760047,0.11320721401315532
evogym,best_many,0.5,3,27,0.578839680633132,0.4864220062681525,9.585332392571264,8.205461182773155,0.11665997806176198
evogym,best_many,0.5,3,28,0.6093373911915461,0.48776648966987757,9.585332392571264,8.179288625423457,0.12133053232714705
evogym,best_many,0.5,3,29,0.6093373911915461,0.5006252580912666,9.585332392571264,8.452910791478834,0.12083460079155277
evogym,best_many,0.5,3,30,0.6093373911915461,0.5117559289330887,9.585332392571264,8.52936319103478,0.13141851691373038
evogym,best_many,1.0,1,0,0.6122699010720052,0.33856834635447164,3.7962487124513378,1.9419244868024665,0.24123394408635485
evogym,best_many,1.0,1,1,0.6122699010720052,0.33856834635447164,3.7962487124513378,1.9419244868024665,0.24123394408635485
evogym,best_many,1.0,1,2,0.6867851705725367,0.356838505621231,5.370689261389217,2.050554813175575,0.20869057532040114
evogym,best_many,1.0,1,3,0.7345506776178243,0.44282439489012637,5.418702207809119,2.6515304813063176,0.18187249213383214
evogym,best_many,1.0,1,4,0.8077299511721437,0.547154763638454,6.20028635378711,3.5155278055504597,0.17912811076640517
evogym,best_many,1.0,1,5,0.8077299511721437,0.6240692739560845,6.20028635378711,4.136861606639357,0.15531241775091534
evogym,best_many,1.0,1,6,0.8077299511721437,0.6578435092721335,6.423393386673811,4.576948874724713,0.1408907520998091
evogym,best_many,1.0,1,7,0.8077299511721437,0.684752256873772,6.464187999213873,4.979025782736407,0.11657001094072365
evogym,best_many,1.0,1,8,0.8220595911912904,0.6194855361262731,7.87959851250289,4.994702224082909,0.10717799887597243
evogym,best_many,1.0,1,9,0.8284720677753338,0.6099822705341487,7.941063327821041,4.9951013819990875,0.11138364863437782
evogym,best_many,1.0,1,10,0.8299231606964421,0.6444174935687362,7.954972331189154,5.368053213059762,0.09609490870467134
evogym,best_many,1.0,1,11,0.839049818280233,0.643213207964558,8.042453090846914,5.469504670029839,0.09155269527834785
evogym,best_many,1.0,1,12,0.8517471890311957,0.6920563601995434,8.164159819597558,6.090480471804545,0.0982074865283502
evogym,best_many,1.0,1,13,0.9494746464609983,0.7019973622741212,9.103513930899917,6.529802503201568,0.08757036709863579
evogym,best_many,1.0,1,14,0.9693134329890976,0.7418464552765585,9.293727192732517,6.984949420335603,0.0799859869419331
evogym,best_many,1.0,1,15,0.9693134329890976,0.7292593815188707,9.293727192732517,6.90200018170024,0.07151627143153147
evogym,best_many,1.0,1,16,0.9996108775156171,0.7751283386587912,9.58519138628885,7.43008343200898,0.06786230509051686
evogym,best_many,1.0,1,17,0.9996108775156171,0.7135863911775481,9.58519138628885,6.8403018034583924,0.0744738663869649
evogym,best_many,1.0,1,18,0.9996108775156171,0.7353116819464496,9.58519138628885,7.0487142229618005,0.06429595499818613
evogym,best_many,1.0,1,19,0.9996108775156171,0.7984059040034538,9.58519138628885,7.653780809660995,0.07123438552346952
evogym,best_many,1.0,1,20,0.9996440713338606,0.8142756795882591,9.5855096792445,7.8062079638728505,0.07200063191749029
evogym,best_many,1.0,1,21,0.9996440713338606,0.8137869484537161,9.5855096792445,7.801801260984613,0.05981888519092567
evogym,best_many,1.0,1,22,0.9998983996966341,0.7914110930455993,9.587948414243268,7.58811830365036,0.05379655737339991
evogym,best_many,1.0,1,23,0.9998983996966341,0.8168158921322615,9.587948414243268,7.8317225503209595,0.05456151270500283
evogym,best_many,1.0,1,24,0.9998983996966341,0.8423670432185121,9.587948414243268,8.076790866650537,0.04667019298563502
evogym,best_many,1.0,1,25,0.9998983996966341,0.8090200588873969,9.587948414243268,7.757110397514316,0.05207305341915991
evogym,best_many,1.0,1,26,0.9998983996966341,0.8429023864974333,9.587948414243268,8.08204543745425,0.04703663796824849
evogym,best_many,1.0,1,27,0.9998983996966341,0.8200390365750536,9.587948414243268,7.862905848482093,0.04453709641171846
evogym,best_many,1.0,1,28,0.9998983996966341,0.8239984733738108,9.587948414243268,7.900941775452365,0.05372041880671104
evogym,best_many,1.0,1,29,1.0,0.8459678423241316,9.588922651693633,8.111920205866259,0.04501624396344752
evogym,best_many,1.0,1,30,1.0,0.7993526416477609,9.588922651693633,7.664930652187361,0.050732146883292265
evogym,best_many,1.0,2,0,0.619118669258093,0.29484532605876035,4.087685481841328,1.5761182105916733,0.23811928139576555
evogym,best_many,1.0,2,1,0.619118669258093,0.29484532605876035,4.087685481841328,1.5761182105916733,0.23811928139576555
evogym,best_many,1.0,2,2,0.6849459312483709,0.31657639828254747,4.52230513798814,1.741645163181793,0.20593473160298564
evogym,best_many,1.0,2,3,0.7849683977227313,0.42029862361284903,5.993572345746426,2.5500361133919425,0.17798057439592352
evogym,best_many,1.0,2,4,0.7849683977227313,0.5552039951850598,5.993572345746426,3.481975769282805,0.15961988730398283
evogym,best_many,1.0,2,5,0.7849683977227313,0.6166291828732832,5.993572345746426,3.993649849567595,0.1367236713376224
evogym,best_many,1.0,2,6,0.799016590652762,0.6259347205327388,6.6024264568531175,4.325657216815671,0.11377324652776304
evogym,best_many,1.0,2,7,0.799016590652762,0.6432760689239129,6.6024264568531175,4.569410198253439,0.11132818479746162
evogym,best_many,1.0,2,8,0.8122577793049809,0.6545974359895981,6.768568868966256,4.802520235572611,0.10851018566441537
evogym,best_many,1.0,2,9,0.8129515725051759,0.6342116832775708,7.635431392059036,4.941881499997751,0.1114692993931592
evogym,best_many,1.0,2,10,0.8129515725051759,0.6694770208706442,7.635431392059036,5.291973707613257,0.09561978220983074
evogym,best_many,1.0,2,11,0.8155071408459709,0.7030184083960856,7.635431392059036,5.634451833314668,0.08566513519496485
evogym,best_many,1.0,2,12,0.8339545161507846,0.7110172511937103,7.832695953271638,5.849484056398561,0.09270159010776312
evogym,best_many,1.0,2,13,0.8640887307150534,0.7240317850655121,8.115723547584576,6.1377606405514005,0.09362203374031813
evogym,best_many,1.0,2,14,0.8702302365381205,0.6950642968893177,8.263190694775462,6.02188810196498,0.09265095636891874
evogym,best_many,1.0,2,15,0.8976435678683281,0.7279551741245529,8.59180274249433,6.484652348905816,0.09670940250873747
evogym,best_many,1.0,2,16,0.8976435678683281,0.7205845730330116,8.59180274249433,6.525259958699081,0.08241339557905471
evogym,best_many,1.0,2,17,0.9812700177517866,0.7289604442875957,9.392233990678974,6.861615779520489,0.09111190785140384
evogym,best_many,1.0,2,18,0.9812700177517866,0.7065830947807961,9.392233990678974,6.655383445929592,0.09098440136054245
evogym,best_many,1.0,2,19,0.9812700177517866,0.7048669822293532,9.392233990678974,6.643264589075852,0.07884215624878146
evogym,best_many,1.0,2,20,0.9812700177517866,0.7351674180495984,9.392233990678974,6.941345743596076,0.08357376277603486
evogym,best_many,1.0,2,21,0.9812700177517866,0.7451007025081526,9.392233990678974,7.050172831738706,0.08073857727030868
evogym,best_many,1.0,2,22,0.9812700177517866,0.7574323158167734,9.392233990678974,7.181407100587341,0.07212228780657738
evogym,best_many,1.0,2,23,0.9812700177517866,0.7339214600325387,9.392233990678974,6.9709942806562974,0.06845391468844013
evogym,best_many,1.0,2,24,0.9951403013527024,0.7328128910021852,9.524993523468279,7.001236204293488,0.06405059129793836
evogym,best_many,1.0,2,25,1.0,0.7442009086531796,9.571508168768641,7.123125076378953,0.05527428166853872
evogym,best_many,1.0,2,26,1.0,0.7502405895242351,9.571508168768641,7.180933931173014,0.05217930562065639
evogym,best_many,1.0,2,27,1.0,0.7873355422673295,9.571508168768641,7.535988574373635,0.044294057040896
evogym,best_many,1.0,2,28,1.0,0.7726254248426301,9.571508168768641,7.3951905652795755,0.04525340456320857
evogym,best_many,1.0,2,29,1.0,0.8280357750876567,9.571508168768641,7.925551185284182,0.0422365496422338
evogym,best_many,1.0,2,30,1.0,0.8398156127284035,9.571508168768641,8.038301997489357,0.03690132547961258
evogym,best_many,1.0,3,0,0.6234802619537403,0.42759137908199313,3.485682906944913,1.7462929148524367,0.23825585567967886
evogym,best_many,1.0,3,1,0.6234802619537403,0.42759137908199313,3.485682906944913,1.7462929148524367,0.23825585567967886
evogym,best_many,1.0,3,2,0.6250411866653338,0.4307910353238144,3.4944095482168915,1.748038042417321,0.2117884686379475
evogym,best_many,1.0,3,3,0.6741892246449916,0.4883937179533725,3.7691808382634138,2.1968393275343017,0.19144363267708764
evogym,best_many,1.0,3,4,0.6903772526724322,0.4971855380606135,5.00126086739589,2.6171305592135514,0.16306218604198552
evogym,best_many,1.0,3,5,0.6903772526724322,0.5587388595990286,5.078934124799467,3.198009211964534,0.15071416594401665
evogym,best_many,1.0,3,6,0.6903772526724322,0.5720519893470242,5.590686858349233,3.5479266760995243,0.1318631626039704
evogym,best_many,1.0,3,7,0.6903772526724322,0.5722928609837157,5.590686858349233,3.830363055273365,0.12147204688327466
evogym,best_many,1.0,3,8,0.8127894191513008,0.5271887000675342,7.544087683274573,4.136663790999966,0.11966014050347093
evogym,best_many,1.0,3,9,0.8127894191513008,0.5878260884502414,7.544087683274573,4.693145538714036,0.09136189948699239
evogym,best_many,1.0,3,10,0.8127894191513008,0.5950104100139784,7.544087683274573,4.89488038303503,0.08752875719747863
evogym,best_many,1.0,3,11,0.8583322368145601,0.5755452842434956,8.209946300939922,5.009305169697718,0.09823657673445721
evogym,best_many,1.0,3,12,0.9156919365720496,0.6128840767121797,8.758591725926758,5.534632147574768,0.10390494616228849
evogym,best_many,1.0,3,13,0.9616723001267774,0.6317975519778612,9.198393820606288,5.843462936187885,0.10262259971663734
evogym,best_many,1.0,3,14,0.9616723001267774,0.6890190711599675,9.198393820606288,6.408163811277474,0.09765843248029356
evogym,best_many,1.0,3,15,0.9616723001267774,0.7373667206852679,9.198393820606288,6.883588836950945,0.08617228458567865
evogym,best_many,1.0,3,16,0.9703843715875193,0.7569736915927561,9.281724768454744,7.114091725625983,0.07849451387356696
evogym,best_many,1.0,3,17,0.9719877748042592,0.7880238127004127,9.297061317338242,7.447975605036595,0.07050916663368081
evogym,best_many,1.0,3,18,1.0,0.7684324180444111,9.564998200939824,7.35005469613863,0.06270467279454037
evogym,best_many,1.0,3,19,1.0,0.789998781622016,9.564998200939824,7.556336924959237,0.056436986828114745
evogym,best_many,1.0,3,20,1.0,0.8164614642135375,9.564998200939824,7.809452436339184,0.05101868707762498
evogym,best_many,1.0,3,21,1.0,0.8601453455758904,9.564998200939824,8.227288682980156,0.043025479685627005
evogym,best_many,1.0,3,22,1.0,0.853009025819133,9.564998200939824,8.159029797345443,0.04108572844298476
evogym,best_many,1.0,3,23,1.0,0.8520520981077088,9.564998200939824,8.149876785507237,0.041173623446729694
evogym,best_many,1.0,3,24,1.0,0.814342359512857,9.564998200939824,7.78918320368957,0.05220574668485347
evogym,best_many,1.0,3,25,1.0,0.7972106992822551,9.564998200939824,7.6253189044047485,0.05235223099340054
evogym,best_many,1.0,3,26,1.0,0.8152479044638691,9.564998200939824,7.79784473951687,0.05425106490643914
evogym,best_many,1.0,3,27,1.0,0.8374870749966759,9.564998200939824,8.01056236565356,0.05196939235018037
evogym,best_many,1.0,3,28,1.0,0.8049693408901971,9.564998200939824,7.699530297426447,0.05172703734468873
evogym,best_many,1.0,3,29,1.0,0.8142975659881566,9.564998200939824,7.788754753706398,0.05723423219257425
evogym,best_many,1.0,3,30,1.0,0.8645619542905548,9.564998200939824,8.269533537390172,0.05139157108712009
evogym,similar,0.0,1,0,0.20487049393943355,0.1754861107777144,3.617113177974104,1.7486635956220258,0.2440300919195483
evogym,similar,0.0,1,1,0.20487049393943355,0.1754861107777144,3.617113177974104,1.7486635956220258,0.2440300919195483
evogym,similar,0.0,1,2,0.20487049393943355,0.17493939750372395,3.633592287101382,1.9292913030084347,0.22461946725579648
evogym,similar,0.0,1,3,0.21350641199786388,0.17589636998871644,4.166355553924884,1.8094516151477666,0.2263074136237882
evogym,similar,0.0,1,4,0.21350641199786388,0.17247522144584065,5.357895460675333,2.0037822982586504,0.21650650702419774
evogym,similar,0.0,1,5,0.2165684764234738,0.17279538349461204,6.092207325952362,1.6684590421793408,0.22126339215425844
evogym,similar,0.0,1,6,0.2165684764234738,0.17162241841688372,6.092207325952362,1.7740765278498618,0.22567778329655072
evogym,similar,0.0,1,7,0.2165684764234738,0.16760580219319854,6.092207325952362,1.9853309689536485,0.21464883794169717
evogym,similar,0.0,1,8,0.2165684764234738,0.17713470543344517,6.092207325952362,1.8712048203706986,0.22033134673059035
evogym,similar,0.0,1,9,0.2165684764234738,0.1730180415568141,6.092207325952362,2.002067438516385,0.22151633751471192
evogym,similar,0.0,1,10,0.22427682857336542,0.16976849822675197,6.092207325952362,1.977283467486826,0.22107582837573028
evogym,similar,0.0,1,11,0.22427682857336542,0.1865173038392761,6.092207325952362,2.0434808810365857,0.22828970523162545
evogym,similar,0.0,1,12,0.22427682857336542,0.18273823254155142,6.092207325952362,1.7059607540067236,0.23459250130913975
evogym,similar,0.0,1,13,0.2184298168368546,0.17389515538461203,6.092207325952362,2.029495341475717,0.23274148941351175
evogym,similar,0.0,1,14,0.19554353339509045,0.15792335021791667,6.559376274376395,2.0424501613334054,0.21866835471443408
evogym,similar,0.0,1,15,0.19554353339509045,0.15491259596176082,3.86300662564803,1.7088281596293444,0.20795029692440647
evogym,similar,0.0,1,16,0.19554353339509045,0.16990326000427505,3.0198276215066393,1.3737992832628867,0.2108430030241689
evogym,similar,0.0,1,17,0.19554353339509045,0.17442447210698625,3.146131395275628,1.403359238484175,0.21772789749526944
evogym,similar,0.0,1,18,0.19766614740550062,0.16337511798354148,3.0198276215066393,1.4464427984476762,0.22124356637425172
evogym,similar,0.0,1,19,0.20304104096056125,0.15962461733903285,3.6886572072118304,1.5253207013985925,0.2110664603800514
evogym,similar,0.0,1,20,0.20304104096056125,0.16352987895351134,3.9186285956929003,1.4933151780133318,0.20707216658791827
evogym,similar,0.0,1,21,0.20440961981944336,0.16540455165559947,2.786401987446532,1.427024032095121,0.2124565530498455
evogym,similar,0.0,1,22,0.19963065941346633,0.15431978964888823,2.9422014765949713,1.5538439084321198,0.2083556241081403
evogym,similar,0.0,1,23,0.19963065941346633,0.16589490855886543,2.6434245667423606,1.3812054846938673,0.20988509785407103
evogym,similar,0.0,1,24,0.23491190972754902,0.16382555204793123,2.6434245667423606,1.5378259143665132,0.20892129560598982
evogym,similar,0.0,1,25,0.23491190972754902,0.16657106855578993,3.2273866750681113,1.4676437321690359,0.21197867811014465
evogym,similar,0.0,1,26,0.23491190972754902,0.165422629319223,3.3069074003083814,1.3642599639903321,0.20474539687060805
evogym,similar,0.0,1,27,0.25046265050406274,0.17652140493339977,3.089456446867511,1.1445477600629472,0.20761071544267354
evogym,similar,0.0,1,28,0.2805423395753413,0.17174623172140574,3.089456446867511,1.023327676557224,0.2022767362585845
evogym,similar,0.0,1,29,0.3029419513067601,0.19935717725160634,3.982480596984186,1.084475528089331,0.21796632322939313
evogym,similar,0.0,1,30,0.3029419513067601,0.20755794086228113,3.982480596984186,1.2406648900355257,0.21815809640828077
evogym,similar,0.0,2,0,0.21517910566693924,0.17028118058629074,4.68746998981894,1.7424025598863095,0.23392148951686337
evogym,similar,0.0,2,1,0.21517910566693924,0.17028118058629074,4.68746998981894,1.7424025598863095,0.23392148951686337
evogym,similar,0.0,2,2,0.21657156955923365,0.17357075919931841,4.68746998981894,1.7390811649028575,0.2163189074188041
evogym,similar,0.0,2,3,0.21657156955923365,0.18504885370379384,5.5230389997407014,1.9318105510858943,0.23108488326767737
evogym,similar,0.0,2,4,0.21657156955923365,0.1800191750838725,4.68746998981894,1.7027878287607998,0.22549068005871287
evogym,similar,0.0,2,5,0.22494027627836993,0.17964385795861745,5.324908034596967,1.596128701823696,0.22204114893294377
evogym,similar,0.0,2,6,0.22494027627836993,0.19033657762829137,5.450423675235462,1.8515389194968765,0.22879674899905353
evogym,similar,0.0,2,7,0.21603880642436432,0.17862671666021263,5.450423675235462,2.081392160822386,0.22989458500519575
evogym,similar,0.0,2,8,0.208007108100995,0.16100965774183595,5.450423675235462,2.3329589626062877,0.21968411886426428
evogym,similar,0.0,2,9,0.208007108100995,0.16116237009253856,5.450423675235462,1.7051948237472518,0.22147552227488934
evogym,similar,0.0,2,10,0.208007108100995,0.14861457362712355,5.450423675235462,1.865949211741296,0.21429389788752048
evogym,similar,0.0,2,11,0.208007108100995,0.14498369577677855,5.450423675235462,1.6155797574944617,0.20024414068995583
evogym,similar,0.0,2,12,0.208007108100995,0.15577715068043732,5.611485535668525,1.7154458740662182,0.2030865418976254
evogym,similar,0.0,2,13,0.21152717646838667,0.16478622830627015,5.611485535668525,1.3628467346049926,0.2026385102913014
evogym,similar,0.0,2,14,0.21152717646838667,0.16257214074145865,5.667280670989268,1.6375491065821166,0.20515572836808152
evogym,similar,0.0,2,15,0.21152717646838667,0.17046252144016072,5.611485535668525,1.287196361424477,0.21372111873961894
evogym,similar,0.0,2,16,0.2136027671509015,0.17074673052492817,3.4921764568096894,1.192612606477869,0.2215864443613078
evogym,similar,0.0,2,17,0.21797151926427685,0.17687886718599563,4.396979502397999,0.9596719996551352,0.22830633460993854
evogym,similar,0.0,2,18,0.21797151926427685,0.18337654400612977,4.552228958195938,1.050531690401708,0.22884527053038398
evogym,similar,0.0,2,19,0.21797151926427685,0.1734000010190407,4.552228958195938,1.049407808002871,0.22319939047302154
evogym,similar,0.0,2,20,0.2213097512973121,0.18379873725033946,4.552228958195938,0.8166093810770993,0.23212345961730882
evogym,similar,0.0,2,21,0.22227075657787904,0.18393536079483408,4.092000187484858,0.8756664607753908,0.2332575631349775
evogym,similar,0.0,2,22,0.2250179468508822,0.1809368029385679,4.092000187484858,0.7523970550963824,0.23738945780565782
evogym,similar,0.0,2,23,0.22468702760336864,0.1719681251034468,4.092000187484858,1.098009585704007,0.2389390377046366
evogym,similar,0.0,2,24,0.20380376297064678,0.1714781248838137,2.2984147814677964,0.6568593741588613,0.22884738623083772
evogym,similar,0.0,2,25,0.20598588661079661,0.17944950386256445,2.2812405237018263,0.6560691040532081,0.21563206003532662
evogym,similar,0.0,2,26,0.3200915646480607,0.18878504706332158,2.780053321118152,0.7907326712896767,0.22087905653079115
evogym,similar,0.0,2,27,0.3200915646480607,0.17746091498342603,2.23284785067351,0.852677804741883,0.2165278208205101
evogym,similar,0.0,2,28,0.3200915646480607,0.17838405143832342,1.8709706953748344,0.605758348128421,0.22367167610848018
evogym,similar,0.0,2,29,0.3200915646480607,0.16982955945138317,2.5568052857709045,0.6584576595697118,0.21132804929100932
evogym,similar,0.0,2,30,0.3200915646480607,0.19511323754896862,2.0685766210035563,0.582480839178934,0.21156099923549493
evogym,similar,0.0,3,0,0.2033711208720345,0.1699289023959104,3.6973398216571507,1.5574518439762701,0.2253221657837067
evogym,similar,0.0,3,1,0.2033711208720345,0.1699289023959104,3.6973398216571507,1.5574518439762701,0.2253221657837067
evogym,similar,0.0,3,2,0.2058009205596051,0.17021435415172256,4.852018743892269,1.8096591587508246,0.2130443834128249
evogym,similar,0.0,3,3,0.20657853123776196,0.17995530075665017,4.852018743892269,2.1090042851719244,0.23020683529642616
evogym,similar,0.0,3,4,0.20076169955933715,0.1696798307914936,4.741839011687047,2.0723545208147556,0.22319302049484874
evogym,similar,0.0,3,5,0.19957945506400493,0.15965628289271544,4.741839011687047,2.142062093125081,0.21892633029136074
evogym,similar,0.0,3,6,0.20739908328310688,0.1585622796576978,3.698181601698347,1.9657021453656163,0.21205556881171822
evogym,similar,0.0,3,7,0.20739908328310688,0.16951721313492896,4.656409074704957,2.419532292652522,0.21707297183736757
evogym,similar,0.0,3,8,0.20869255355876176,0.1672478535470635,4.44045153720484,2.512658976385858,0.21581811653880384
evogym,similar,0.0,3,9,0.20076853543952028,0.162290605888149,4.44045153720484,2.3825369322736742,0.21411240267945045
evogym,similar,0.0,3,10,0.2052834310446009,0.15365443177403695,5.063293642401767,2.0518347793518594,0.20362074570560637
evogym,similar,0.0,3,11,0.2052834310446009,0.16504365637594615,5.780379567820652,2.139503426651756,0.20880975194039347
evogym,similar,0.0,3,12,0.2070344838489491,0.16217041221266806,4.381543249595929,1.995243558940755,0.21130061107639597
evogym,similar,0.0,3,13,0.21324284457116463,0.1705999526521224,4.539788453992608,1.8947800840882134,0.21381348714446752
evogym,similar,0.0,3,14,0.21324284457116463,0.162717063002693,4.7639955358453765,1.9025429306327264,0.20558614706236683
evogym,similar,0.0,3,15,0.21324284457116463,0.16507167890188484,4.7639955358453765,1.289586064515613,0.2055474265917096
evogym,similar,0.0,3,16,0.21475558744172527,0.17229067113005964,4.7639955358453765,1.8588883615793865,0.20966030620845424
evogym,similar,0.0,3,17,0.21475558744172527,0.17657056821873313,4.1871977179546,1.5059129734009613,0.21210929985690868
evogym,similar,0.0,3,18,0.21475558744172527,0.17539441066447486,6.100068570606568,1.7187967494007288,0.22171930914056945
evogym,similar,0.0,3,19,0.20700342927043375,0.17021884779498658,3.4328510993458563,1.500493365681324,0.21758018623278058
evogym,similar,0.0,3,20,0.28214106546455064,0.16765527611510164,3.3876590007800824,1.2556024992820778,0.21672865231199712
evogym,similar,0.0,3,21,0.28214106546455064,0.1594287753662627,3.5568058635582642,1.4173577391909697,0.20481978786550115
evogym,similar,0.0,3,22,0.28214106546455064,0.1639738830490244,3.700463402119039,1.630152474273589,0.2107197273692972
evogym,similar,0.0,3,23,0.28214106546455064,0.16737971806424284,3.3876590007800824,1.529946823091472,0.21253449485903192
evogym,similar,0.0,3,24,0.28214106546455064,0.173651418434599,3.3876590007800824,1.5473929069491699,0.20807816346256386
evogym,similar,0.0,3,25,0.28214106546455064,0.17307260868075292,3.3876590007800824,1.467857727972754,0.21340919926950397
evogym,similar,0.0,3,26,0.28214106546455064,0.1696353962984042,3.4218485703269015,1.5813902890881062,0.21506962526685083
evogym,similar,0.0,3,27,0.28214106546455064,0.17909687776560965,4.051434045192175,1.3503697199244231,0.22159622828193842
evogym,similar,0.0,3,28,0.28214106546455064,0.16804638351765805,4.15611790440197,1.37887730977788,0.20931809011525493
evogym,similar,0.0,3,29,0.28214106546455064,0.18559237939916973,3.19418378316293,1.5488209160272448,0.21351169394981667
evogym,similar,0.0,3,30,0.3198880481968531,0.2022650560638568,3.6644226815893264,1.525960682305313,0.21412433982177284
evogym,similar,0.5,1,0,0.32950301662710024,0.2310185052581255,3.625005852841352,1.5325854067519,0.24658354665798127
evogym,similar,0.5,1,1,0.32950301662710024,0.2310185052581255,3.625005852841352,1.5325854067519,0.24658354665798127
evogym,similar,0.5,1,2,0.3306797055928973,0.24265583471100557,5.169209762761452,1.8401531718042414,0.21725558665785433
evogym,similar,0.5,1,3,0.3306797055928973,0.26954491752935056,5.169209762761452,2.72252902815289,0.18627352944907224
evogym,similar,0.5,1,4,0.5328932298479613,0.26933386126464626,9.044377314095678,3.648945465608133,0.15854280705857576
evogym,similar,0.5,1,5,0.5328932298479613,0.29856701549783027,9.044377314095678,4.250834825442529,0.14368496320572885
evogym,similar,0.5,1,6,0.5328932298479613,0.335818116217214,9.044377314095678,4.981868262555098,0.1367562307912407
evogym,similar,0.5,1,7,0.5328932298479613,0.3560075368676559,9.044377314095678,5.4658449202226205,0.1225949050861426
evogym,similar,0.5,1,8,0.5328932298479613,0.3922587285467492,9.044377314095678,6.139916713361401,0.11970024594253068
evogym,similar,0.5,1,9,0.5328932298479613,0.4109397336721396,9.044377314095678,6.66860873657473,0.10307547284468502
evogym,similar,0.5,1,10,0.5328932298479613,0.40462265895211,9.044377314095678,6.606756719410248,0.10091029047133213
evogym,similar,0.5,1,11,0.5328932298479613,0.427039975552144,9.086420329728396,7.107590853866846,0.0959180162937478
evogym,similar,0.5,1,12,0.5328932298479613,0.4506387931336965,9.086420329728396,7.669309687188653,0.09094641598469776
evogym,similar,0.5,1,13,0.5328932298479613,0.4489960591864883,9.418872559134153,7.69772472285963,0.0945774892665552
evogym,similar,0.5,1,14,0.5521032244850569,0.4444443513288732,9.418872559134153,7.532838124529117,0.09832931484902177
evogym,similar,0.5,1,15,0.5777457223369753,0.45934280254205173,9.443611431083832,7.8388277878283885,0.0962091041824378
evogym,similar,0.5,1,16,0.5777457223369753,0.447947874274974,9.591071554627812,7.611216791635933,0.10394553704274605
evogym,similar,0.5,1,17,0.5777457223369753,0.46298281185625745,9.591071554627812,7.8746719478035345,0.10864907121166859
evogym,similar,0.5,1,18,0.5777457223369753,0.45630763006530817,9.591071554627812,7.756548454093268,0.11093680718955386
evogym,similar,0.5,1,19,0.5777457223369753,0.4510443818889899,9.591071554627812,7.571111898329212,0.11970494706894663
evogym,similar,0.5,1,20,0.5777457223369753,0.4732542983002722,9.591071554627812,8.099322636582873,0.1154323543387005
evogym,similar,0.5,1,21,0.5777457223369753,0.4668821869980251,9.591071554627812,7.887237381645507,0.12413190873536428
evogym,similar,0.5,1,22,0.5777457223369753,0.4687374080844412,9.591071554627812,7.999421495857318,0.11673630883878423
evogym,similar,0.5,1,23,0.5777457223369753,0.4672273572598842,9.591071554627812,7.994066595572622,0.11618053359426248
evogym,similar,0.5,1,24,0.5777457223369753,0.47250159580069273,9.591071554627812,8.03028749340098,0.12084276563728898
evogym,similar,0.5,1,25,0.5777457223369753,0.4714134375073811,9.585365871525081,7.990577000802949,0.12159509337978933
evogym,similar,0.5,1,26,0.5777457223369753,0.48456661070665935,9.588398419825026,8.29405710396804,0.11677754294772083
evogym,similar,0.5,1,27,0.5777457223369753,0.4710469081518546,9.588398419825026,8.003774080895912,0.11809530612749286
evogym,similar,0.5,1,28,0.5777457223369753,0.4846475270709091,9.588398419825026,8.227206471866035,0.1197707057316441
evogym,similar,0.5,1,29,0.5777457223369753,0.48085622815053536,9.588398419825026,8.08974466384957,0.12400338664802146
evogym,similar,0.5,1,30,0.5777457223369753,0.463478463415827,9.588398419825026,7.670327912178239,0.12952028676402605
evogym,similar,0.5,2,0,0.4087132510557274,0.22816208854614956,4.8682473574641625,1.7051107657358386,0.22990289773851874
evogym,similar,0.5,2,1,0.4087132510557274,0.22816208854614956,4.8682473574641625,1.7051107657358386,0.22990289773851874
evogym,similar,0.5,2,2,0.4087132510557274,0.2500584177943651,5.61700623029476,2.020492233523023,0.2022311256950285
evogym,similar,0.5,2,3,0.4087132510557274,0.2953072568559768,6.152344257062095,2.717310197217486,0.19342490516795774
evogym,similar,0.5,2,4,0.4087132510557274,0.3302524944498885,6.152344257062095,3.470461571215074,0.1773136124568658
evogym,similar,0.5,2,5,0.4227671065403607,0.34716546622294725,6.152344257062095,4.114089089870429,0.15976304171815353
evogym,similar,0.5,2,6,0.49928902041454654,0.33368361632495624,8.212728747517064,4.594543032360808,0.13783704183092554
evogym,similar,0.5,2,7,0.49928902041454654,0.354205830657711,8.22442354199803,4.748637186702726,0.15729632805632482
evogym,similar,0.5,2,8,0.49928902041454654,0.3727137953802443,8.22442354199803,5.156038882487929,0.1416673134846272
evogym,similar,0.5,2,9,0.5,0.3769579039011515,8.22442354199803,5.285061915559427,0.13269208408452984
evogym,similar,0.5,2,10,0.5,0.4103848728051739,8.22442354199803,6.020644304921255,0.10843361204485898
evogym,similar,0.5,2,11,0.5,0.4060854262468914,8.22442354199803,5.9257743962560925,0.1024694261505467
evogym,similar,0.5,2,12,0.5255733543392049,0.4246353568101825,8.22442354199803,6.394058547950904,0.09381720342458559
evogym,similar,0.5,2,13,0.5255733543392049,0.41101226211295244,8.22442354199803,6.135649663983724,0.10112399485804727
evogym,similar,0.5,2,14,0.5255733543392049,0.4353128822041281,8.22442354199803,6.650072924630251,0.0942369502593174
evogym,similar,0.5,2,15,0.5255733543392049,0.44259538855904423,8.22442354199803,6.6179223334309,0.11902684202767518
evogym,similar,0.5,2,16,0.5255733543392049,0.42790686240006776,8.22442354199803,6.502536649971543,0.10294489952503569
evogym,similar,0.5,2,17,0.5255733543392049,0.4236415891400898,8.22442354199803,6.3786304990161975,0.11201732427817992
evogym,similar,0.5,2,18,0.5255733543392049,0.4349347901536156,8.22442354199803,6.625860747287452,0.11151973609050343
evogym,similar,0.5,2,19,0.5255733543392049,0.4390796109502797,8.22442354199803,6.880624656744554,0.09247888766162579
evogym,similar,0.5,2,20,0.5255733543392049,0.4308560788005761,8.605668570704273,6.714594916639326,0.11408000769534965
evogym,similar,0.5,2,21,0.5255733543392049,0.4005583941074142,8.605668570704273,6.0713074604862864,0.12104214104150154
evogym,similar,0.5,2,22,0.5255733543392049,0.4350470382272043,8.605668570704273,6.7663282632291155,0.11415625888078788
evogym,similar,0.5,2,23,0.5255733543392049,0.42556745806895685,8.605668570704273,6.560790658764901,0.11757554747437338
evogym,similar,0.5,2,24,0.5255733543392049,0.42238753176660354,8.605668570704273,6.554237214883893,0.11492342400658287
evogym,similar,0.5,2,25,0.5255733543392049,0.42237293778602975,8.605668570704273,6.5803314502357555,0.11411661106015221
evogym,similar,0.5,2,26,0.5255733543392049,0.4377076214573621,8.605668570704273,6.930269574418896,0.1126212223690067
evogym,similar,0.5,2,27,0.5255733543392049,0.4253604976555872,8.605668570704273,6.652153393393183,0.11322521002670213
evogym,similar,0.5,2,28,0.5255733543392049,0.43858843103005335,8.750113762947004,6.953499630698223,0.12484269094479099
evogym,similar,0.5,2,29,0.5255733543392049,0.4323333091367176,8.750113762947004,6.964133782686839,0.11512651940297396
evogym,similar,0.5,2,30,0.5366737591095281,0.4247692251706562,9.306481086388294,6.907503383850395,0.11825174879567715
evogym,similar,0.5,3,0,0.3701681305393969,0.2252951558589466,4.031134913396612,1.5135116957685035,0.2284549640995444
evogym,similar,0.5,3,1,0.3701681305393969,0.2252951558589466,4.031134913396612,1.5135116957685035,0.2284549640995444
evogym,similar,0.5,3,2,0.3988626098694546,0.24856706248405575,5.339273955975362,1.8872583580864568,0.20094456710823186
evogym,similar,0.5,3,3,0.40837967657606516,0.32155583481985,5.339273955975362,3.0547505428582666,0.16811278765375862
evogym,similar,0.5,3,4,0.4758300649082352,0.3494165889614145,6.262079963954842,3.8921585178557203,0.14285534395357585
evogym,similar,0.5,3,5,0.495733165439322,0.3606803189322181,6.929651416100582,4.321249940603293,0.13008397224398066
evogym,similar,0.5,3,6,0.495733165439322,0.38566679803036324,7.256689107243858,4.852019860126554,0.1162132380887843
evogym,similar,0.5,3,7,0.495733165439322,0.38426501937505875,7.256689107243858,4.837131209448357,0.11161995310843478
evogym,similar,0.5,3,8,0.495733165439322,0.41127530097356,7.256689107243858,5.2501831821094695,0.11161053410640176
evogym,similar,0.5,3,9,0.495733165439322,0.4083866863413899,7.256689107243858,5.295672184331244,0.10589514774410336
evogym,similar,0.5,3,10,0.495733165439322,0.4119722624178629,7.509514543219384,5.466076086376922,0.1034674652820603
evogym,similar,0.5,3,11,0.495733165439322,0.4250186855214169,7.509514543219384,5.873565909923308,0.08324603310934311
evogym,similar,0.5,3,12,0.495733165439322,0.43345028014333187,7.520115252848861,6.140407635580234,0.07358816972035306
evogym,similar,0.5,3,13,0.495733165439322,0.4308164987410616,7.520115252848861,6.186919209646026,0.0710435984525794
evogym,similar,0.5,3,14,0.495733165439322,0.4115053763818849,7.534417675535906,5.947562487254325,0.06650049058337298
evogym,similar,0.5,3,15,0.495733165439322,0.42532739506681894,7.566026028085888,6.226732302088882,0.0650085636077218
evogym,similar,0.5,3,16,0.49503278057565203,0.41848462051037716,7.829796354849052,6.306914064938438,0.06033744297277038
evogym,similar,0.5,3,17,0.4988121171921192,0.408177616066003,8.18210048429862,6.179568746575747,0.07150162537812169
evogym,similar,0.5,3,18,0.4988121171921192,0.4106736381153725,8.18210048429862,6.202039237276665,0.07364579340279893
evogym,similar,0.5,3,19,0.5182994671688611,0.4241304707391597,8.18210048429862,6.44229432172302,0.0734076993033125
evogym,similar,0.5,3,20,0.5256580630897023,0.4208075513703456,8.262938238768248,6.394866533833907,0.07762233239807442
evogym,similar,0.5,3,21,0.5256580630897023,0.4050591715620321,8.262938238768248,6.0665887521571715,0.08302390237351186
evogym,similar,0.5,3,22,0.5256580630897023,0.4153336069806189,8.262938238768248,6.182511738927054,0.08896047964792057
evogym,similar,0.5,3,23,0.5256580630897023,0.4276120784446496,8.262938238768248,6.502322220909788,0.0742911877436759
evogym,similar,0.5,3,24,0.5256580630897023,0.429868726773996,8.262938238768248,6.5295320089613345,0.07359590065455021
evogym,similar,0.5,3,25,0.5256580630897023,0.419159606908664,8.262938238768248,6.368718922668532,0.07173947396921444
evogym,similar,0.5,3,26,0.5256580630897023,0.42545094644543796,8.262938238768248,6.545588437473462,0.06351192777429054
evogym,similar,0.5,3,27,0.5256580630897023,0.42838855326815867,8.262938238768248,6.576402159713704,0.06557256548972847
evogym,similar,0.5,3,28,0.5256580630897023,0.41713809722645817,8.262938238768248,6.33808281154451,0.07205289672459193
evogym,similar,0.5,3,29,0.5256580630897023,0.4324271938181261,8.262938238768248,6.657884741958961,0.06460965239384521
evogym,similar,0.5,3,30,0.5256580630897023,0.4186652703450586,8.262938238768248,6.334526018858918,0.07585989352353209
evogym,similar,1.0,1,0,0.72516334549359,0.28006824380800543,3.808914231037532,1.4430059046902177,0.25053295154710287
evogym,similar,1.0,1,1,0.72516334549359,0.28006824380800543,3.808914231037532,1.4430059046902177,0.25053295154710287
evogym,similar,1.0,1,2,0.8400689811167579,0.35331308484465157,5.121884479670603,1.8480275851834698,0.21961105250544102
evogym,similar,1.0,1,3,0.8400689811167579,0.48793225842960747,5.121884479670603,2.5745543316698507,0.20171753020139213
evogym,similar,1.0,1,4,0.8475293186385281,0.6325506364587585,5.2524913934321305,3.4491066235399908,0.17268140433717644
evogym,similar,1.0,1,5,0.8549284123222745,0.7318109704166804,5.2524913934321305,4.097686637497665,0.1428954707163592
evogym,similar,1.0,1,6,0.8695182256414385,0.740963622843534,5.801286782307652,4.410830412932313,0.11791384847454087
evogym,similar,1.0,1,7,0.8695182256414385,0.7446792774915464,5.801286782307652,4.5251116023366045,0.10686014818977745
evogym,similar,1.0,1,8,0.8769555546956712,0.7686317816149209,5.838413245776358,4.794425328187392,0.0798795949248449
evogym,similar,1.0,1,9,0.8475293186385281,0.7218970172671599,6.09698083705192,4.814012432274163,0.08042485843938917
evogym,similar,1.0,1,10,0.8258747998507355,0.7144152343874401,6.402848806607257,5.0620053411367305,0.09189613700930617
evogym,similar,1.0,1,11,0.7702845611865855,0.6323819029232157,7.2583618139871255,4.874338177097846,0.1040243565767482
evogym,similar,1.0,1,12,0.8018993808135507,0.6525952515105559,7.556267044208752,5.232608339867694,0.09830383362355541
evogym,similar,1.0,1,13,0.8251695194791919,0.6628945676065326,7.775540666461662,5.547866723173948,0.09569392234777271
evogym,similar,1.0,1,14,0.9144509535991292,0.652944665249027,8.740971727020002,5.805130905341939,0.09407194322650116
evogym,similar,1.0,1,15,0.9144509535991292,0.6754169425595337,8.740971727020002,6.06622629432888,0.09280360384725211
evogym,similar,1.0,1,16,0.9217333749683726,0.7274309844264493,8.810582282995984,6.661750392856915,0.08941315343830451
evogym,similar,1.0,1,17,0.9838866308300399,0.7540326108016453,9.422961564757284,7.114904323888252,0.08320028785203441
evogym,similar,1.0,1,18,0.9838866308300399,0.7626009080834879,9.422961564757284,7.2063463803528744,0.09348692276541473
evogym,similar,1.0,1,19,0.9838866308300399,0.7797434391015776,9.422961564757284,7.380224024725168,0.09459218442540887
evogym,similar,1.0,1,20,0.9838866308300399,0.7295574285203834,9.422961564757284,6.912303629005992,0.10062242300154838
evogym,similar,1.0,1,21,0.9838866308300399,0.8139656403957847,9.422961564757284,7.7335956348957495,0.09068046761591932
evogym,similar,1.0,1,22,0.9980606610621234,0.8339903268059008,9.558710275949704,7.97430064458589,0.08569056992123407
evogym,similar,1.0,1,23,0.9980606610621234,0.827705847246398,9.558710275949704,7.9147316902279226,0.07341987820238181
evogym,similar,1.0,1,24,0.9980606610621234,0.827217423465543,9.558710275949704,7.911090868623601,0.06898769823712016
evogym,similar,1.0,1,25,0.9980606610621234,0.8115814737943964,9.558710275949704,7.762748742025012,0.06109136303848996
evogym,similar,1.0,1,26,0.9980606610621234,0.8279178737402513,9.558710275949704,7.920506891014199,0.05839836633621376
evogym,similar,1.0,1,27,0.9986442857847906,0.8414159785929064,9.56429981559544,8.053025595421815,0.05926005034671124
evogym,similar,1.0,1,28,0.9994435055343625,0.828581318064391,9.571954170015987,7.933186274731741,0.06783567545133609
evogym,similar,1.0,1,29,0.9994435055343625,0.8308621353453024,9.571954170015987,7.9556158419685845,0.062169058398094376
evogym,similar,1.0,1,30,1.0,0.8300209893604384,9.577283875488536,7.949346637718769,0.06735624877135563
evogym,similar,1.0,2,0,0.42321050239401914,0.22714554887859745,3.618013233283021,1.399843918986814,0.23761407279778904
evogym,similar,1.0,2,1,0.42321050239401914,0.22714554887859745,3.618013233283021,1.399843918986814,0.23761407279778904
evogym,similar,1.0,2,2,0.5233030514634792,0.271429370910503,4.908706026546645,1.7966435497848507,0.20702744747325103
evogym,similar,1.0,2,3,0.7427905344082092,0.3402792623980241,6.967550375474622,2.720674501419393,0.1736527907977079
evogym,similar,1.0,2,4,0.8350827007510851,0.41806347484272754,8.019716090058374,3.6304891753914488,0.15118905028904936
evogym,similar,1.0,2,5,0.8901930670477602,0.5174213599720504,8.548968451436405,4.724614893852947,0.13218138541033322
evogym,similar,1.0,2,6,0.9767518665098749,0.6115770231058926,9.38023581712139,5.787896000297978,0.11001793374574413
evogym,similar,1.0,2,7,0.9767518665098749,0.7059637020576066,9.38023581712139,6.713114668580505,0.08260101990124531
evogym,similar,1.0,2,8,0.9996583469230411,0.7505761843801662,9.600218184581344,7.207114081799321,0.05708898361288946
evogym,similar,1.0,2,9,0.9999668690219333,0.7668777923242328,9.603499249649559,7.364714280325217,0.0568665593320559
evogym,similar,1.0,2,10,0.9999668690219333,0.7843350041110627,9.603499249649559,7.532372554954085,0.06076099158832012
evogym,similar,1.0,2,11,0.9999668690219333,0.8167657816085706,9.603499249649559,7.843825479483494,0.062087358164278864
evogym,similar,1.0,2,12,0.9999883182472301,0.8445065650409076,9.603499249649559,8.11024998102678,0.06479626706626242
evogym,similar,1.0,2,13,0.9999907381711083,0.8354234013384723,9.603499249649559,8.023031756725613,0.06702598267531937
evogym,similar,1.0,2,14,0.9999907381711083,0.8637140414815578,9.603499249649559,8.294732829611451,0.06861304409483007
evogym,similar,1.0,2,15,0.9999907381711083,0.8724020510916366,9.603499249649559,8.378199940715092,0.058001709551953815
evogym,similar,1.0,2,16,0.9999907381711083,0.8858968481520592,9.603499249649559,8.507836985824413,0.04897393600246647
evogym,similar,1.0,2,17,1.0,0.9059502501283896,9.603499249649559,8.700451633989315,0.047810059652540864
evogym,similar,1.0,2,18,0.9999668690219333,0.8511025188249797,9.603817433514305,8.174164073941753,0.04147365820150477
evogym,similar,1.0,2,19,0.9999668690219333,0.8595902085187103,9.603817433514305,8.256009162135149,0.04571489347192963
evogym,similar,1.0,2,20,0.9999668690219333,0.9046240876713659,9.603817433514305,8.689002614753942,0.03402077991215482
evogym,similar,1.0,2,21,1.0,0.8688428274215705,9.603817433514305,8.345531356745077,0.04045173959815232
evogym,similar,1.0,2,22,0.9997243879781956,0.903568825972618,9.603817433514305,8.679033507025824,0.037791366153619305
evogym,similar,1.0,2,23,0.9997243879781956,0.868726613785717,9.603817433514305,8.344415262203059,0.04621367588349497
evogym,similar,1.0,2,24,0.9997243879781956,0.8541034185897793,9.603817433514305,8.203976765246631,0.04662978748564343
evogym,similar,1.0,2,25,0.9997692642311866,0.8672877428788489,9.603817433514305,8.330596608703106,0.04584630703788351
evogym,similar,1.0,2,26,0.9997243879781956,0.8920835868224977,9.603817433514305,8.568731367047814,0.04037370133287068
evogym,similar,1.0,2,27,1.0,0.8661539230135011,9.606465090780368,8.320677424671661,0.04216542761480337
evogym,similar,1.0,2,28,1.0,0.8995716295543799,9.606465090780368,8.641703455970553,0.039671978610862024
evogym,similar,1.0,2,29,1.0,0.8872207257477227,9.606465090780368,8.52305492971232,0.048827378830403625
evogym,similar,1.0,2,30,1.0,0.8784738390032946,9.606465090780368,8.43902826754896,0.050516073614390145
evogym,similar,1.0,3,0,0.6158855696081496,0.27317111286148044,3.9913094401950127,1.6594696283049366,0.23498729897615567
evogym,similar,1.0,3,1,0.6158855696081496,0.27317111286148044,3.9913094401950127,1.6594696283049366,0.23498729897615567
evogym,similar,1.0,3,2,0.7501165714280627,0.3131010276217522,5.723067374057761,1.9559943491976313,0.2005879409778341
evogym,similar,1.0,3,3,0.8221134645295199,0.4363653259267049,6.272372756230604,2.888014293007492,0.16581855636423992
evogym,similar,1.0,3,4,0.8494058975488561,0.5480668540359884,6.480602302038737,3.7712863596705555,0.14880769808601196
evogym,similar,1.0,3,5,0.8494058975488561,0.6202914684277767,6.480602302038737,4.36078018834296,0.13418307396547904
evogym,similar,1.0,3,6,0.8494058975488561,0.6712448257761526,7.201875249469272,5.043828144216103,0.12121827473404254
evogym,similar,1.0,3,7,0.8494058975488561,0.6818582163845553,7.629570645482817,5.343617884153306,0.10409498263819897
evogym,similar,1.0,3,8,0.8494058975488561,0.7188860327424513,7.629570645482817,5.836039812067996,0.09895118735861178
evogym,similar,1.0,3,9,0.8578569454757814,0.6900475818769345,7.629570645482817,5.867053540811341,0.09578010659416582
evogym,similar,1.0,3,10,0.9586041381074965,0.6691529817450864,9.189469960223361,6.198377843632268,0.08999059367750055
evogym,similar,1.0,3,11,0.9586041381074965,0.6932223205730852,9.189469960223361,6.467718084888977,0.08780502285956214
evogym,similar,1.0,3,12,0.9586041381074965,0.719687005286725,9.189469960223361,6.77208886250425,0.08470062085735114
evogym,similar,1.0,3,13,0.9937146694840507,0.7293735394277495,9.535099923711257,6.973308082752494,0.09200069496730989
evogym,similar,1.0,3,14,0.9974975097111514,0.7758060724390966,9.571397827595042,7.429964218604836,0.08556498938686617
evogym,similar,1.0,3,15,0.9974975097111514,0.7782620190147918,9.571397827595042,7.455067922931232,0.08082446335718563
evogym,similar,1.0,3,16,0.9974975097111514,0.7951521675436504,9.571397827595042,7.618283664241828,0.08488879412136352
evogym,similar,1.0,3,17,0.9977914996631143,0.8360659605750582,9.586303245430877,8.016143891042706,0.07516394452316577
evogym,similar,1.0,3,18,0.9977914996631143,0.8558099356505073,9.586303245430877,8.20632383900892,0.07992188088823919
evogym,similar,1.0,3,19,0.9977914996631143,0.8287256837853656,9.586547264533598,7.947538726151519,0.07933426726717854
evogym,similar,1.0,3,20,0.997942298176934,0.8606182743965546,9.586547264533598,8.255308842676586,0.06887143185191803
evogym,similar,1.0,3,21,0.997942298176934,0.8522749622834296,9.586547264533598,8.17791601481068,0.07516277178191438
evogym,similar,1.0,3,22,0.9981821908491805,0.8424276770517587,9.595410248559581,8.088549622150389,0.06731142158031708
evogym,similar,1.0,3,23,0.9981821908491805,0.7992827007909674,9.595410248559581,7.675746547327274,0.0609420921253012
evogym,similar,1.0,3,24,0.9985036212562404,0.8463709132676348,9.598500121981864,8.12966117905115,0.060453600217305094
evogym,similar,1.0,3,25,0.9994420843887087,0.8230566494390397,9.607521459811506,7.909139755208129,0.066145829914608
evogym,similar,1.0,3,26,0.9994420843887087,0.8485443260939611,9.607521459811506,8.1542138528741,0.06139633724938166
evogym,similar,1.0,3,27,0.9994420843887087,0.8803424630905106,9.607521459811506,8.460585079343858,0.05631932833936175
evogym,similar,1.0,3,28,1.0,0.8671827230631426,9.612884638220711,8.336127477064093,0.06559912528547596
evogym,similar,1.0,3,29,1.0,0.8124330523346682,9.612884638220711,7.809825208370697,0.08394756666569839
evogym,similar,1.0,3,30,1.0,0.8587848254470032,9.612884638220711,8.255399456076544,0.06722740828339636
evogym,similar_many,0.0,1,0,0.18995726154763568,0.16352387891931414,4.090457582496102,1.542921562784337,0.22513208020160894
evogym,similar_many,0.0,1,1,0.18995726154763568,0.16352387891931414,4.090457582496102,1.542921562784337,0.22513208020160894
evogym,similar_many,0.0,1,2,0.20290349372384006,0.16272843083021066,4.090457582496102,1.625097197311294,0.2071275201265122
evogym,similar_many,0.0,1,3,0.20387010927291588,0.1676935176206919,3.4720947950851233,1.5919933624465532,0.21530726538763073
evogym,similar_many,0.0,1,4,0.20481012267995602,0.16903427065658044,3.7924113219141784,1.7966994063469783,0.2173157020365232
evogym,similar_many,0.0,1,5,0.20481012267995602,0.1732144227463657,4.5083516105207195,1.7242160804481894,0.21813653171968297
evogym,similar_many,0.0,1,6,0.20478457017330318,0.16299989532139772,3.3911421390901353,1.8503028924566647,0.21431098076695512
evogym,similar_many,0.0,1,7,0.20478457017330318,0.16954401203194408,3.655873715366663,1.8463393700436346,0.21259830911091754
evogym,similar_many,0.0,1,8,0.20478457017330318,0.1773869918454312,5.078907393923937,1.9848871350818649,0.21715401596106315
evogym,similar_many,0.0,1,9,0.20478457017330318,0.1737200894816013,5.078907393923937,2.032967781620255,0.22033032500599523
evogym,similar_many,0.0,1,10,0.20478457017330318,0.16821681189326468,5.078907393923937,1.7882884992547823,0.21709217790102006
evogym,similar_many,0.0,1,11,0.19865727831915064,0.15680110032468847,5.078907393923937,1.979884790467091,0.20506933656574972
evogym,similar_many,0.0,1,12,0.19531730545872283,0.16041921586802252,4.581236703952957,1.819486067264192,0.20704436473544616
evogym,similar_many,0.0,1,13,0.19580239333675,0.15527130301320496,4.581236703952957,1.6829257908756001,0.19888745250768092
evogym,similar_many,0.0,1,14,0.2053232986505872,0.16054981084675626,4.212175243536382,1.9220643181351864,0.20162280485726983
evogym,similar_many,0.0,1,15,0.2201149288864491,0.172779138529129,3.9648894370582544,1.6126743608364595,0.21026507969471733
evogym,similar_many,0.0,1,16,0.2201149288864491,0.17644196076332855,3.4579125914268007,1.0712998413221133,0.217489766282635
evogym,similar_many,0.0,1,17,0.2201149288864491,0.1732119006363908,3.8618349565653056,1.2699411207249587,0.22053296001351655
evogym,similar_many,0.0,1,18,0.2201149288864491,0.18319173889720503,3.081213928226847,1.234097716014559,0.23534774803738118
evogym,similar_many,0.0,1,19,0.22199429526893502,0.18342868835866927,3.34271604470793,1.2727036346402554,0.23833931807778122
evogym,similar_many,0.0,1,20,0.21255186513760943,0.16998217760420048,2.9989094610123193,0.8912708558286792,0.21948779950472125
evogym,similar_many,0.0,1,21,0.21996212272994606,0.1758408775110491,3.914973218706266,1.0755088478687322,0.2137803636281291
evogym,similar_many,0.0,1,22,0.21996212272994606,0.18397644320117196,4.024651514974896,1.1809416199490221,0.22937798439587836
evogym,similar_many,0.0,1,23,0.2175323767416106,0.1773201200171234,4.0421985032539265,1.0160079847249226,0.22628976194941203
evogym,similar_many,0.0,1,24,0.24365283086269518,0.17806288468777876,3.602477998280732,1.3573528650964364,0.22555730730409468
evogym,similar_many,0.0,1,25,0.2846093903622871,0.18002025492347448,3.8765142980938108,1.538788123191283,0.2367839519608132
evogym,similar_many,0.0,1,26,0.2866376696248636,0.17236457157581397,3.5176873683656322,1.0860862444563786,0.23468573515186875
evogym,similar_many,0.0,1,27,0.2866376696248636,0.17015158808847478,4.130153956352436,1.603743101092115,0.221189544574882
evogym,similar_many,0.0,1,28,0.2866376696248636,0.18967403964488347,4.130153956352436,1.7452306761038041,0.23622743350930114
evogym,similar_many,0.0,1,29,0.3836224208971661,0.196648151313944,4.394874749365598,1.4646302427574505,0.22726276124816458
evogym,similar_many,0.0,1,30,0.3836224208971661,0.2144751337034156,3.7092738327259345,1.7906741597654168,0.22749784725844466
evogym,similar_many,0.0,2,0,0.19030094690371974,0.16739862665385602,3.5173008363320704,1.6148151423030932,0.2284409749989354
evogym,similar_many,0.0,2,1,0.19030094690371974,0.16739862665385602,3.5173008363320704,1.6148151423030932,0.2284409749989354
evogym,similar_many,0.0,2,2,0.1997859687333859,0.169078764442332,3.5173008363320704,1.6003501726143547,0.2144493530194259
evogym,similar_many,0.0,2,3,0.1997859687333859,0.16850996804946722,3.9339368986138616,1.603347279135542,0.2214795135386311
evogym,similar_many,0.0,2,4,0.20599403172272066,0.16432907923606635,3.7257099354357264,1.4295586379787073,0.21574607891692316
evogym,similar_many,0.0,2,5,0.21135942923242876,0.16993458697882058,4.496630987247901,1.6762043171132646,0.21863607148065584
evogym,similar_many,0.0,2,6,0.21646930425650124,0.17840972488012022,4.8002410758904475,1.7449087658891815,0.2281835046267966
evogym,similar_many,0.0,2,7,0.2182144844467824,0.17555265279256788,5.131064601889009,1.9249703045217266,0.2315909175176054
evogym,similar_many,0.0,2,8,0.22006792689583757,0.18100662384746377,5.131064601889009,2.1604612047665257,0.23145027965271575
evogym,similar_many,0.0,2,9,0.22006792689583757,0.17552255006156509,5.602506585982228,2.5473101377905207,0.22877671530815374
evogym,similar_many,0.0,2,10,0.21646930425650124,0.17346269663479846,4.1425371380625995,1.6592411772693723,0.2281562401104996
evogym,similar_many,0.0,2,11,0.21978819328344854,0.16825960004947618,4.592343594552591,2.1312797232489187,0.22949087886692698
evogym,similar_many,0.0,2,12,0.20792421916346335,0.16656278377719033,4.534357172650636,1.6795410140091576,0.22394332464655098
evogym,similar_many,0.0,2,13,0.21359460658220827,0.17047591348836696,4.6060266614774745,1.9728290092768828,0.2155234332673809
evogym,similar_many,0.0,2,14,0.22155334900533286,0.1796126417838993,6.634847017521913,1.6787731505219565,0.21478527231782468
evogym,similar_many,0.0,2,15,0.22155334900533286,0.18186789904374526,6.634847017521913,1.8609344747997483,0.21935108806328524
evogym,similar_many,0.0,2,16,0.22155334900533286,0.17803768758640906,6.634847017521913,1.6178834669656332,0.22715861026262005
evogym,similar_many,0.0,2,17,0.20115811686747304,0.16405426804940643,8.343166254347976,2.3048985435140334,0.22330393518192895
evogym,similar_many,0.0,2,18,0.206762597074063,0.1475972061641722,8.00605219611262,1.1912056076620765,0.19811982666974526
evogym,similar_many,0.0,2,19,0.206762597074063,0.1657752300440083,8.00605219611262,1.8930430168208936,0.21390162460473575
evogym,similar_many,0.0,2,20,0.20738691527561512,0.17152313009586465,8.00605219611262,1.839469448443938,0.21438762306863896
evogym,similar_many,0.0,2,21,0.2099488803703057,0.18378376200845364,6.671059436151021,1.5908544671984608,0.22522193444715843
evogym,similar_many,0.0,2,22,0.21898313961526616,0.18238175503293283,6.93091768150293,1.7906788816313,0.22315836669654732
evogym,similar_many,0.0,2,23,0.2729210685143063,0.18414963710533502,7.2544403618014055,1.9179678429179283,0.2158664140901659
evogym,similar_many,0.0,2,24,0.2729210685143063,0.19161878697389223,5.561986855011198,1.9606811385664895,0.23004469893586346
evogym,similar_many,0.0,2,25,0.2729210685143063,0.18085599855843343,5.561986855011198,1.2148714122474398,0.22909532380268854
evogym,similar_many,0.0,2,26,0.2729898076328287,0.1870342277043135,5.561986855011198,1.8229552184327578,0.2250177566826923
evogym,similar_many,0.0,2,27,0.3206304932006089,0.20097490302868168,5.698972586467491,1.735028676771653,0.23548170046213315
evogym,similar_many,0.0,2,28,0.48996942333583154,0.20594144992728375,6.54169591588627,1.9932866482474598,0.23636160123974803
evogym,similar_many,0.0,2,29,0.48996942333583154,0.20120483639819678,5.0989793173208895,1.3951793785135638,0.22576087594128474
evogym,similar_many,0.0,2,30,0.48996942333583154,0.2254989924442564,5.0989793173208895,1.4703088378540703,0.23310267444681593
evogym,similar_many,0.0,3,0,0.20211765920330635,0.1661766972283587,3.4603736427067844,1.7522394729050632,0.22845180700187498
evogym,similar_many,0.0,3,1,0.20211765920330635,0.1661766972283587,3.4603736427067844,1.7522394729050632,0.22845180700187498
evogym,similar_many,0.0,3,2,0.20468166073962804,0.16624404122860315,3.4603736427067844,1.8547457300820027,0.21123395071914355
evogym,similar_many,0.0,3,3,0.20468166073962804,0.1650929498107701,4.171900502771673,1.7919499940155812,0.2126370075024389
evogym,similar_many,0.0,3,4,0.2365747160888248,0.17715591464077568,6.56309348429339,2.141832310165584,0.2107038131842902
evogym,similar_many,0.0,3,5,0.2365747160888248,0.17668707688172167,4.479805991943126,1.9677973330051217,0.21440772592583443
evogym,similar_many,0.0,3,6,0.2365747160888248,0.16910395082523139,5.216946623245871,2.193819249130176,0.20793662898752135
evogym,similar_many,0.0,3,7,0.2365747160888248,0.17634140616205066,4.54595139442062,1.9264027112693873,0.21726502645300821
evogym,similar_many,0.0,3,8,0.2365747160888248,0.17465886893634602,5.111114881521643,2.127184903602666,0.21394677793324127
evogym,similar_many,0.0,3,9,0.2365747160888248,0.18968969854879192,5.111114881521643,2.2780301952105835,0.22646811529077687
evogym,similar_many,0.0,3,10,0.2365747160888248,0.1792089534413786,5.111114881521643,2.1873614870171987,0.22724344318202433
evogym,similar_many,0.0,3,11,0.2365747160888248,0.1786816031000474,5.111114881521643,2.379874225789757,0.22710658461535776
evogym,similar_many,0.0,3,12,0.24335927914047628,0.1864422914531512,3.4277577802692374,1.6900118972003253,0.2321014247358603
evogym,similar_many,0.0,3,13,0.24335927914047628,0.1883032190706796,4.349142584749796,1.933697635098779,0.23936624499517167
evogym,similar_many,0.0,3,14,0.24489837182987612,0.19316480555100338,4.349142584749796,1.9613781470065834,0.2421662429531553
evogym,similar_many,0.0,3,15,0.24489837182987612,0.1964398051962474,4.349142584749796,1.857881575646965,0.2484521174394918
evogym,similar_many,0.0,3,16,0.23695787198103554,0.1924153743285223,4.627093398238351,1.9400858535722878,0.24843756926648672
evogym,similar_many,0.0,3,17,0.2354372254503908,0.17783466841932302,4.349142584749796,1.9422366014984849,0.2418452473556766
evogym,similar_many,0.0,3,18,0.22860224809517155,0.16407891654425286,4.349142584749796,2.159711140036798,0.2349483266620152
evogym,similar_many,0.0,3,19,0.21339199604544323,0.17167660499728535,3.9993073906418073,1.532935440333875,0.23290800405071854
evogym,similar_many,0.0,3,20,0.21339199604544323,0.17853922301922326,3.9993073906418073,1.606829402414462,0.2332327396797338
evogym,similar_many,0.0,3,21,0.21505558354811743,0.18156834758307178,3.4567821285438414,1.1303372404871836,0.2343768701079937
evogym,similar_many,0.0,3,22,0.21732417900353515,0.1767095951578584,3.4567821285438414,1.2342082694165284,0.2170020207511126
evogym,similar_many,0.0,3,23,0.21916763779596254,0.19278127987657317,3.3981236588399546,1.2401361274116098,0.23001329261551376
evogym,similar_many,0.0,3,24,0.222640217583065,0.1893379324213757,3.2669975989125826,0.9071127620158267,0.22910527497461528
evogym,similar_many,0.0,3,25,0.222640217583065,0.18954021199343776,3.5385600135565185,0.8784509510127837,0.23168042798763433
evogym,similar_many,0.0,3,26,0.2167150071618555,0.18200421519212456,3.5385600135565185,0.8098244449657457,0.22414201908511325
evogym,similar_many,0.0,3,27,0.27700223944856034,0.18507333160537526,3.431438322556056,0.912203453864761,0.22737433457908218
evogym,similar_many,0.0,3,28,0.30128725455743643,0.19178150975781788,3.647882659983471,1.109267915885153,0.2277254791408831
evogym,similar_many,0.0,3,29,0.30128725455743643,0.19956466838316506,4.086865172803228,1.1438108834878074,0.22583254072243691
evogym,similar_many,0.0,3,30,0.35002392229277796,0.2290214765787983,4.086865172803228,1.2622388764632935,0.24003014984536994
evogym,similar_many,0.5,1,0,0.32454271772051213,0.24223396601349564,4.117700804844437,1.5036026858098757,0.22725727906051935
evogym,similar_many,0.5,1,1,0.32454271772051213,0.24223396601349564,4.117700804844437,1.5036026858098757,0.22725727906051935
evogym,similar_many,0.5,1,2,0.3687140912157934,0.25552699144671803,4.117700804844437,1.7025529124795789,0.19575700732869467
evogym,similar_many,0.5,1,3,0.37480206493520507,0.29717549839564483,4.861152113848354,2.515731221119678,0.17201545581781555
evogym,similar_many,0.5,1,4,0.4103910833357117,0.3151601187951523,5.871300826661214,3.228685610426864,0.14534147769585987
evogym,similar_many,0.5,1,5,0.4280975867360365,0.32820791102444646,6.104976770926729,3.75771782615148,0.13774696216686266
evogym,similar_many,0.5,1,6,0.470352210911382,0.33135939519074414,7.65290260755854,4.3420609565246755,0.13182789991773872
evogym,similar_many,0.5,1,7,0.4732643598891065,0.35787392052847783,8.122567458538905,4.8580609143583295,0.13959336373040152
evogym,similar_many,0.5,1,8,0.4756441490883243,0.3746172232444687,8.297688938220356,5.224852985187756,0.140368999022708
evogym,similar_many,0.5,1,9,0.5374809056938914,0.3978650127296316,8.544947180944845,5.801498140096674,0.13076894028626987
evogym,similar_many,0.5,1,10,0.5374809056938914,0.4192317785141375,8.544947180944845,6.241430657978859,0.12336481190860767
evogym,similar_many,0.5,1,11,0.5374809056938914,0.4172722360682314,8.621594903222377,6.385864420390227,0.10671930179349842
evogym,similar_many,0.5,1,12,0.5374809056938914,0.4309457912206648,8.621594903222377,6.588614717565308,0.11370079311020125
evogym,similar_many,0.5,1,13,0.5374809056938914,0.4260494187476547,8.651020930156388,6.611014093879516,0.11310924173237705
evogym,similar_many,0.5,1,14,0.5374809056938914,0.4176971262301269,8.651020930156388,6.568173220306809,0.10524102044364159
evogym,similar_many,0.5,1,15,0.5374809056938914,0.43619620127248443,8.651020930156388,6.945743015758559,0.10505517826777266
evogym,similar_many,0.5,1,16,0.5374809056938914,0.42506059936384927,8.858678884599609,6.925933096467557,0.10418550895138132
evogym,similar_many,0.5,1,17,0.5374809056938914,0.4249850286827449,9.083681740783812,7.089501044228177,0.09889042987262922
evogym,similar_many,0.5,1,18,0.5374809056938914,0.4324222142661232,9.558471587499852,7.352378913679351,0.10425072118788789
evogym,similar_many,0.5,1,19,0.5374809056938914,0.43735015565576124,9.558471587499852,7.48816059932968,0.09844733360017602
evogym,similar_many,0.5,1,20,0.5374809056938914,0.42018716898474046,9.558471587499852,7.157646516377906,0.10330873088286412
evogym,similar_many,0.5,1,21,0.5374809056938914,0.4536106432523148,9.566805766960174,7.883411778525978,0.092972202169779
evogym,similar_many,0.5,1,22,0.5482683244345121,0.4535161267388294,9.566805766960174,7.836843677020862,0.09628606336946635
evogym,similar_many,0.5,1,23,0.5504670988787128,0.456801892166797,9.566805766960174,7.944618761789447,0.09274916158415661
evogym,similar_many,0.5,1,24,0.5504670988787128,0.4710180158995227,9.566805766960174,8.28263928935548,0.08626393455008569
evogym,similar_many,0.5,1,25,0.5504670988787128,0.46156327731401536,9.569300079209983,7.965576179758541,0.10125761727461938
evogym,similar_many,0.5,1,26,0.5504670988787128,0.46832418649988516,9.57104490159195,8.110973401306357,0.09711082002270663
evogym,similar_many,0.5,1,27,0.5535926317467953,0.47675063326046957,9.572031274451591,8.292247469480063,0.09377699594912267
evogym,similar_many,0.5,1,28,0.5535926317467953,0.4753847947101808,9.572031274451591,8.259182217494427,0.09117709757085547
evogym,similar_many,0.5,1,29,0.5535926317467953,0.47263593521950575,9.57520149853631,8.076860299280682,0.10217777603052906
evogym,similar_many,0.5,1,30,0.5660149806743655,0.46831872971345667,9.57520149853631,8.040544269159753,0.09610346007058147
evogym,similar_many,0.5,2,0,0.35756809406269235,0.27719554510035893,3.923609166897383,1.6976660992650068,0.23540206973494496
evogym,similar_many,0.5,2,1,0.35756809406269235,0.27719554510035893,3.923609166897383,1.6976660992650068,0.23540206973494496
evogym,similar_many,0.5,2,2,0.3721581306531274,0.2830371861339497,3.9346689960398713,1.8361316086309016,0.21081786385382592
evogym,similar_many,0.5,2,3,0.3874469987782335,0.3258232603281283,4.5385975851877305,2.6339732856601477,0.1825040681902275
evogym,similar_many,0.5,2,4,0.44728220349500836,0.3293222409351195,5.41338923568904,3.255460942319668,0.15742197473128783
evogym,similar_many,0.5,2,5,0.44728220349500836,0.32774421207515825,6.169049179665131,3.7109210759415667,0.12866360623046835
evogym,similar_many,0.5,2,6,0.44728220349500836,0.32998956900073123,7.414608247913961,4.105168311204801,0.1182997182980063
evogym,similar_many,0.5,2,7,0.44728220349500836,0.33090695289123806,7.414608247913961,4.127927193397783,0.11547172029299975
evogym,similar_many,0.5,2,8,0.44728220349500836,0.33956265522961737,7.414608247913961,4.221047783975226,0.11516611149084269
evogym,similar_many,0.5,2,9,0.45644379665196333,0.3587780544041722,7.414608247913961,4.57813176145622,0.11433814069466239
evogym,similar_many,0.5,2,10,0.46751086007589526,0.381450787877838,7.414608247913961,5.013235169293763,0.1105465513995568
evogym,similar_many,0.5,2,11,0.46751086007589526,0.3968389777109243,7.488112914178196,5.352046546727972,0.10597273419438227
evogym,similar_many,0.5,2,12,0.47119905007828056,0.40872519559100595,7.488112914178196,5.593963402442108,0.10267975305665185
evogym,similar_many,0.5,2,13,0.47119905007828056,0.40967158359752875,7.693496258089761,5.908055999774199,0.09071273656626369
evogym,similar_many,0.5,2,14,0.47119905007828056,0.4110749647851037,7.693496258089761,5.919557634445004,0.09532788656623567
evogym,similar_many,0.5,2,15,0.47119905007828056,0.3976484430523735,8.104905212849621,5.872049404828259,0.10492727616493147
evogym,similar_many,0.5,2,16,0.47119905007828056,0.40379065202772757,8.104905212849621,6.009314565806485,0.11027890060607007
evogym,similar_many,0.5,2,17,0.48111939910364315,0.3943082367115501,8.682198334225056,6.159678411313164,0.10684058619369832
evogym,similar_many,0.5,2,18,0.48111939910364315,0.3973150642299066,8.682198334225056,6.291859884370477,0.10617089093040415
evogym,similar_many,0.5,2,19,0.48701503747914987,0.39357556709790426,8.682198334225056,6.391822275887874,0.09956417196763087
evogym,similar_many,0.5,2,20,0.48701503747914987,0.4118662130637832,8.682198334225056,6.681385230232259,0.1157947558294379
evogym,similar_many,0.5,2,21,0.5146318843798298,0.41151561129153186,9.4752210301469,7.193707271135153,0.08388976199608045
evogym,similar_many,0.5,2,22,0.5146318843798298,0.41527267123845757,9.4752210301469,7.115874898982986,0.09830907428765182
evogym,similar_many,0.5,2,23,0.516341532299203,0.41547345798094293,9.611006933826205,7.166331372872842,0.09537991562650162
evogym,similar_many,0.5,2,24,0.516341532299203,0.42159876917892436,9.611006933826205,7.305601974415707,0.0905031813947647
evogym,similar_many,0.5,2,25,0.521353567797537,0.4386614142326176,9.611006933826205,7.65633479394126,0.08723302686935575
evogym,similar_many,0.5,2,26,0.5371795251012639,0.42242205365431423,9.611006933826205,7.256161597433248,0.10015256793547456
evogym,similar_many,0.5,2,27,0.5371795251012639,0.4441673910488763,9.611006933826205,7.793778230012902,0.09237656066698686
evogym,similar_many,0.5,2,28,0.5564062508067,0.46010360581427295,9.611006933826205,8.061641683541746,0.09605851353349573
evogym,similar_many,0.5,2,29,0.5564062508067,0.45823734932031907,9.611006933826205,8.047737994004706,0.09451681470492317
evogym,similar_many,0.5,2,30,0.5564062508067,0.44667219524564744,9.611006933826205,7.734070318606209,0.09733925175599692
evogym,similar_many,0.5,3,0,0.3706575838424071,0.2528330521170195,3.7565829443255843,1.6532418921687018,0.23438670361823574
evogym,similar_many,0.5,3,1,0.3706575838424071,0.2528330521170195,3.7565829443255843,1.6532418921687018,0.23438670361823574
evogym,similar_many,0.5,3,2,0.376351569465406,0.2679557239974698,3.922044021345225,1.899824249598245,0.21075636735656383
evogym,similar_many,0.5,3,3,0.3984351858916304,0.3016715436297371,6.113929218131345,2.8688280691242403,0.18511986280090695
evogym,similar_many,0.5,3,4,0.434656802768029,0.3497334668851682,6.393558399861861,3.74945707719473,0.16598675934401325
evogym,similar_many,0.5,3,5,0.434656802768029,0.3721894474433381,6.397143442529516,4.242069582266383,0.15672528510741413
evogym,similar_many,0.5,3,6,0.434656802768029,0.37890778844021,7.312015193575496,4.762057016262348,0.14423632238286138
evogym,similar_many,0.5,3,7,0.434656802768029,0.388473761911269,7.4592811933860945,5.077894543927559,0.14598260902177038
evogym,similar_many,0.5,3,8,0.4356699820316794,0.39727944040584917,7.4592811933860945,5.280460409851446,0.1484716151307974
evogym,similar_many,0.5,3,9,0.44638773463875137,0.3892744125725566,8.09217600873379,5.533588547898764,0.13781947025851818
evogym,similar_many,0.5,3,10,0.46047308455106334,0.3961093488805217,8.09217600873379,5.784953097800221,0.139331266469798
evogym,similar_many,0.5,3,11,0.5070646670220309,0.397986341991751,8.935387441925748,6.191886033117115,0.13030015691416874
evogym,similar_many,0.5,3,12,0.519895536376574,0.41315121915710373,8.935387441925748,6.641705387453359,0.11278765484233652
evogym,similar_many,0.5,3,13,0.5289575409577361,0.4237042168988519,9.361514461992122,7.076535309857547,0.09976174396917299
evogym,similar_many,0.5,3,14,0.5289575409577361,0.4360890830812879,9.361514461992122,7.302135058957198,0.10020441294294273
evogym,similar_many,0.5,3,15,0.5289575409577361,0.45076640696622994,9.361514461992122,7.678233989931407,0.09370156878034959
evogym,similar_many,0.5,3,16,0.5289575409577361,0.42165357902199957,9.361514461992122,7.051471397177833,0.1042063453787629
evogym,similar_many,0.5,3,17,0.5289575409577361,0.4362205425710828,9.598566717798533,7.490761589590012,0.09615350167577916
evogym,similar_many,0.5,3,18,0.5289575409577361,0.43192928928409363,9.598566717798533,7.350801900889847,0.10472151291189388
evogym,similar_many,0.5,3,19,0.5792932918080759,0.4518797743399333,9.598740624856013,7.757537251116292,0.10525217393734858
evogym,similar_many,0.5,3,20,0.5792932918080759,0.4313050213612872,9.613145638175764,7.3081057714201405,0.11198870714651714
evogym,similar_many,0.5,3,21,0.5792932918080759,0.4664114334426932,9.613145638175764,8.148422115697688,0.09574906071118001
evogym,similar_many,0.5,3,22,0.5792932918080759,0.44981170801303616,9.613145638175764,7.759263937058156,0.10384746498935822
evogym,similar_many,0.5,3,23,0.5792932918080759,0.45533978529390895,9.613145638175764,7.866580242092169,0.10447164900936456
evogym,similar_many,0.5,3,24,0.5792932918080759,0.4593623276244402,9.613145638175764,7.936638822086889,0.11024076663330713
evogym,similar_many,0.5,3,25,0.5792932918080759,0.4544114429450145,9.613145638175764,7.877052332029097,0.10640863049081942
evogym,similar_many,0.5,3,26,0.5792932918080759,0.46449666733952133,9.613145638175764,7.9842706615368,0.11136243640315549
evogym,similar_many,0.5,3,27,0.6086311347841638,0.48396479477082244,9.613145638175764,8.274366074095676,0.11476870879791723
evogym,similar_many,0.5,3,28,0.6244403424777889,0.49065408110852704,9.613145638175764,8.340673228824254,0.11744792329422375
evogym,similar_many,0.5,3,29,0.6244403424777889,0.45260870208480125,9.613145638175764,7.571526381957523,0.12109029629674695
evogym,similar_many,0.5,3,30,0.6244403424777889,0.4875283764826313,9.60023014065598,8.259531536380129,0.11573989227801315
evogym,similar_many,1.0,1,0,0.5870081056230986,0.271824313069286,4.228908755598997,1.6566878576206594,0.2229882519160161
evogym,similar_many,1.0,1,1,0.5870081056230986,0.271824313069286,4.228908755598997,1.6566878576206594,0.2229882519160161
evogym,similar_many,1.0,1,2,0.7536288848294629,0.3113746268740419,5.58208507594737,1.9013698480481618,0.18926749664606693
evogym,similar_many,1.0,1,3,0.7536288848294629,0.4034489912780728,5.58208507594737,2.6250091716655493,0.15579688506480627
evogym,similar_many,1.0,1,4,0.8642089777227304,0.4518691826494857,7.204174380369222,3.283516449337662,0.1477171169471158
evogym,similar_many,1.0,1,5,0.8681790292796863,0.5722154350323609,7.204174380369222,4.213641493566065,0.1359370086456648
evogym,similar_many,1.0,1,6,0.908432938315451,0.6539579904349287,7.204174380369222,4.846241875392614,0.11610818108982987
evogym,similar_many,1.0,1,7,0.908432938315451,0.6934695237809991,7.406941517654977,5.203135855046858,0.11104091790375888
evogym,similar_many,1.0,1,8,0.908432938315451,0.7699464573537151,7.406941517654977,5.860347860472038,0.08326895773059433
evogym,similar_many,1.0,1,9,0.9180636065007773,0.7467291223571497,7.406941517654977,5.790964062174975,0.08431040413386356
evogym,similar_many,1.0,1,10,0.9180636065007773,0.763153971651475,7.406941517654977,6.041811756216262,0.06873407727174621
evogym,similar_many,1.0,1,11,0.9249079111227987,0.7422863935568176,7.596643789202803,5.990590408681824,0.06443090352614925
evogym,similar_many,1.0,1,12,0.925436520683243,0.7309342725348623,8.394754757930995,6.158017035264783,0.06065710675317894
evogym,similar_many,1.0,1,13,0.925436520683243,0.7573561336191801,8.394754757930995,6.383677303412279,0.04933369656011447
evogym,similar_many,1.0,1,14,0.925436520683243,0.7324375405938975,8.394754757930995,6.1827955211170895,0.06348085837863457
evogym,similar_many,1.0,1,15,0.93082085233022,0.715207401006978,8.443596728937681,6.0590731592651315,0.07053042378595478
evogym,similar_many,1.0,1,16,0.93082085233022,0.729471960577777,8.443596728937681,6.214947064872264,0.07080238498777791
evogym,similar_many,1.0,1,17,0.93082085233022,0.7557355850934488,8.443596728937681,6.454306892406744,0.06781987744865632
evogym,similar_many,1.0,1,18,0.93082085233022,0.7606673833279046,8.443596728937681,6.505360341293596,0.06028445989423015
evogym,similar_many,1.0,1,19,0.93082085233022,0.742716690563318,8.443596728937681,6.413456416303299,0.055642345347635194
evogym,similar_many,1.0,1,20,0.93082085233022,0.7325915296932142,8.443596728937681,6.393273323774199,0.05839820092152744
evogym,similar_many,1.0,1,21,0.9417223364337001,0.7582686571067987,8.542485505748253,6.697606085513073,0.05674290004906026
evogym,similar_many,1.0,1,22,0.9417223364337001,0.7239032086570493,8.743103853631313,6.477609236433722,0.055456819758630385
evogym,similar_many,1.0,1,23,0.9707136720462182,0.7613433113278503,9.065136885689775,6.913609752387922,0.05579369302673698
evogym,similar_many,1.0,1,24,0.9707136720462182,0.7573036595270594,9.065136885689775,6.8866514809069965,0.06310400654912125
evogym,similar_many,1.0,1,25,0.9713554007907815,0.7923640288947376,9.071129753700674,7.225542427720541,0.055052234132932844
evogym,similar_many,1.0,1,26,0.9713554007907815,0.7534048574049613,9.071129753700674,6.887791397148346,0.0664714428681706
evogym,similar_many,1.0,1,27,0.9713554007907815,0.7768683182719124,9.071129753700674,7.132026518926456,0.0673922504479835
evogym,similar_many,1.0,1,28,0.9713554007907815,0.7995285004836863,9.071129753700674,7.350128011819862,0.0510116173620362
evogym,similar_many,1.0,1,29,0.9713554007907815,0.7484809273010784,9.071129753700674,6.9153365851777435,0.050997281700782215
evogym,similar_many,1.0,1,30,1.0,0.784018901547081,9.338631098685257,7.32166329594462,0.04908191001144474
evogym,similar_many,1.0,2,0,0.6910718498784238,0.3493963939919861,5.054104554244201,1.94603333087827,0.24841174673182662
evogym,similar_many,1.0,2,1,0.6910718498784238,0.3493963939919861,5.054104554244201,1.94603333087827,0.24841174673182662
evogym,similar_many,1.0,2,2,0.6910718498784238,0.35912950714547226,5.054104554244201,2.02017583534919,0.2220594780027619
evogym,similar_many,1.0,2,3,0.6910718498784238,0.4321205734523412,5.054104554244201,2.6015762755825023,0.18823308973967032
evogym,similar_many,1.0,2,4,0.7783334329120397,0.4783040807091246,6.352224030232748,3.273477502220193,0.16999469078835697
evogym,similar_many,1.0,2,5,0.7897508704129033,0.5680040598058347,6.966537196721429,4.169813211703409,0.134672550601007
evogym,similar_many,1.0,2,6,0.7980564266345868,0.6783094874097931,7.313428488128029,5.256431217578246,0.10874907072163671
evogym,similar_many,1.0,2,7,0.7980564266345868,0.7016808233788916,7.313428488128029,5.6809565837599205,0.10290515716184474
evogym,similar_many,1.0,2,8,0.8513845626894144,0.6854068730677404,8.167715602952446,5.936452764367278,0.10785381880921474
evogym,similar_many,1.0,2,9,0.8686616113798498,0.6943281407156053,8.33346211322047,6.201931614778248,0.09191593353623051
evogym,similar_many,1.0,2,10,0.96398229888376,0.6787752037703566,9.247916404182119,6.406461492867523,0.1053979026407342
evogym,similar_many,1.0,2,11,0.9982052344311294,0.7129232418057074,9.576232440082638,6.834302799651178,0.10402523309666992
evogym,similar_many,1.0,2,12,1.0,0.7860630494130907,9.593450434609341,7.541056903022358,0.10233336979589683
evogym,similar_many,1.0,2,13,1.0,0.8121405815387895,9.593450434609341,7.791230414927187,0.09112401683095779
evogym,similar_many,1.0,2,14,1.0,0.8199617180580768,9.593450434609341,7.866262100467277,0.08558022119185442
evogym,similar_many,1.0,2,15,1.0,0.7912916584203957,9.593450434609341,7.5912173043758955,0.08150546634319396
evogym,similar_many,1.0,2,16,1.0,0.8409661815255014,9.593450434609341,8.067767379647576,0.07987563678799778
evogym,similar_many,1.0,2,17,1.0,0.8676710153436176,9.593450434609341,8.323958879246154,0.06710902668882114
evogym,similar_many,1.0,2,18,1.0,0.8720934751930264,9.593450434609341,8.366385528610506,0.0533293534854448
evogym,similar_many,1.0,2,19,1.0,0.8204629260934888,9.593450434609341,7.871070414912434,0.0612389765652397
evogym,similar_many,1.0,2,20,1.0,0.9021011078040143,9.593450434609341,8.654262264723988,0.04482700331742552
evogym,similar_many,1.0,2,21,1.0,0.8785699819106165,9.593450434609341,8.42851757479512,0.043143663365104924
evogym,similar_many,1.0,2,22,1.0,0.9179439481588055,9.593450434609341,8.806249768411103,0.03084568937940867
evogym,similar_many,1.0,2,23,1.0,0.8346927345158006,9.593450434609341,8.007583376705862,0.05119965940606157
evogym,similar_many,1.0,2,24,1.0,0.8627138438807285,9.593450434609341,8.276402500521067,0.04432604731839511
evogym,similar_many,1.0,2,25,1.0,0.8743079241700784,9.593450434609341,8.387629735111826,0.04611697193602526
evogym,similar_many,1.0,2,26,1.0,0.884601741635454,9.593450434609341,8.486382962748822,0.044595819697302815
evogym,similar_many,1.0,2,27,1.0,0.8952156545783387,9.593450434609341,8.588207010483645,0.03781172617806523
evogym,similar_many,1.0,2,28,1.0,0.8681983389764664,9.593450434609341,8.329017732380887,0.037526116388984065
evogym,similar_many,1.0,2,29,1.0,0.8742514471315204,9.593450434609341,8.387087925441728,0.03651427654005859
evogym,similar_many,1.0,2,30,1.0,0.865749854002272,9.593450434609341,8.305528313141066,0.04325587876891209
evogym,similar_many,1.0,3,0,0.6677578460911681,0.31689447239765745,4.817489797277167,1.7819011461691356,0.2290757582902736
evogym,similar_many,1.0,3,1,0.6677578460911681,0.31689447239765745,4.817489797277167,1.7819011461691356,0.2290757582902736
evogym,similar_many,1.0,3,2,0.6677578460911681,0.35950302872294165,5.293050445756102,2.0241911157425285,0.1993545289326449
evogym,similar_many,1.0,3,3,0.6677578460911681,0.46761156710763424,5.293050445756102,2.6778109119179585,0.1647387578633959
evogym,similar_many,1.0,3,4,0.7408798392741195,0.5489096783260072,5.320670665665345,3.3087430978041574,0.15382942442139352
evogym,similar_many,1.0,3,5,0.7508671031573083,0.5875050168814145,6.299110778558841,4.066744413082896,0.14670332258130298
evogym,similar_many,1.0,3,6,0.7645758398033994,0.605036920467427,6.299110778558841,4.495626005256659,0.11930417240484267
evogym,similar_many,1.0,3,7,0.8724335209677604,0.5902039313419392,8.345579720432774,5.0161693505434055,0.09353204255747248
evogym,similar_many,1.0,3,8,0.8724335209677604,0.6191714017224038,8.345579720432774,5.329564554142513,0.0791331955020091
evogym,similar_many,1.0,3,9,0.8952587407761422,0.6218163774856098,8.596754679107544,5.465546907913328,0.08311186825685754
evogym,similar_many,1.0,3,10,0.8952587407761422,0.6566071833959068,8.596754679107544,5.866604145215004,0.09285591676351161
evogym,similar_many,1.0,3,11,0.9050541294684161,0.6812800351946214,8.690815255942548,6.194611121418047,0.09935563489293492
evogym,similar_many,1.0,3,12,0.9611949778285457,0.6970064810720833,9.239573350721141,6.537616466245029,0.09010319502175053
evogym,similar_many,1.0,3,13,0.9611949778285457,0.7218935823123382,9.239573350721141,6.800589181868934,0.08475313448161706
evogym,similar_many,1.0,3,14,0.9885839895162435,0.7489440383092592,9.505579615254252,7.150153255829271,0.07252415750470546
evogym,similar_many,1.0,3,15,0.9946544739782,0.7511178123913357,9.56586320889563,7.194591808293234,0.07906323002639666
evogym,similar_many,1.0,3,16,0.9946544739782,0.760775610798131,9.56586320889563,7.2893575752806,0.09467932536749335
evogym,similar_many,1.0,3,17,0.9946544739782,0.7979387749359671,9.56586320889563,7.651549002909158,0.09596808676077608
evogym,similar_many,1.0,3,18,0.9946544739782,0.7635448582684284,9.56586320889563,7.325802794920937,0.08953643192089661
evogym,similar_many,1.0,3,19,0.9984677409990258,0.8162514807325844,9.602536437292542,7.844127617360284,0.08276138653476768
evogym,similar_many,1.0,3,20,0.9995131191148942,0.8221286114644816,9.612590123592241,7.904509105754694,0.07496614047523562
evogym,similar_many,1.0,3,21,0.9995548210288738,0.8247127444703354,9.615348534934032,7.930623935537833,0.0571451246969501
evogym,similar_many,1.0,3,22,0.9995548210288738,0.800894054559261,9.615348534934032,7.701877238030386,0.06516576839130443
evogym,similar_many,1.0,3,23,0.9995548210288738,0.8087796164207222,9.615348534934032,7.777977977285657,0.06371923658033515
evogym,similar_many,1.0,3,24,0.9995548210288738,0.8568001317411366,9.615348534934032,8.24017582485782,0.04900815077655039
evogym,similar_many,1.0,3,25,0.9996053224039065,0.9118056570554665,9.616088534678887,8.77031304814065,0.04875805257669241
evogym,similar_many,1.0,3,26,0.9996053224039065,0.8832150625063908,9.61727258978306,8.496869588816127,0.057738454700169736
evogym,similar_many,1.0,3,27,0.9994280888250544,0.8522208158750232,9.61727258978306,8.19878947024729,0.049073629729358116
evogym,similar_many,1.0,3,28,0.9994280888250544,0.8284263990103129,9.61727258978306,7.969952077144446,0.05341756108329907
evogym,similar_many,1.0,3,29,1.0,0.8936035151952073,9.622775962890234,8.598946426374656,0.050111293608207555
evogym,similar_many,1.0,3,30,1.0,0.8582699194888775,9.622775962890234,8.258939150929304,0.053480607847465035
evogym,novelty,0.0,1,0,0.20597882608069543,0.1744966364017158,3.171181137086918,1.5253504460869827,0.25487523283583746
evogym,novelty,0.0,1,1,0.20597882608069543,0.1744966364017158,3.171181137086918,1.5253504460869827,0.25487523283583746
evogym,novelty,0.0,1,2,0.20597882608069543,0.1703895968661345,3.911064899471363,1.6034570356939057,0.2224050360877014
evogym,novelty,0.0,1,3,0.20708035761535737,0.17156893049162686,3.868248944979616,1.4917502471321646,0.22549750969489124
evogym,novelty,0.0,1,4,0.2127628116603052,0.17134544642157992,5.288330074204768,1.6251007146385814,0.22483938428735847
evogym,novelty,0.0,1,5,0.2131521970316235,0.18379194758154466,4.796483602941075,1.377534771529111,0.23363648868696624
evogym,novelty,0.0,1,6,0.20997200981962177,0.18371095772426066,4.796483602941075,1.453714493960456,0.22710585715282602
evogym,novelty,0.0,1,7,0.20997200981962177,0.1794802263625428,4.796483602941075,1.62325475303524,0.22268175944456092
evogym,novelty,0.0,1,8,0.20997200981962177,0.175419912469379,5.266279585510225,1.759546535230594,0.2161491108202791
evogym,novelty,0.0,1,9,0.20997200981962177,0.17852902082219818,6.561360860088221,1.8500524693382125,0.21933043132743513
evogym,novelty,0.0,1,10,0.20997200981962177,0.18190482642738143,5.055293799821864,1.6806461509820807,0.22602290008769743
evogym,novelty,0.0,1,11,0.20795767714355431,0.1770298003477596,5.122433153037089,1.9594065666288014,0.22191154464681023
evogym,novelty,0.0,1,12,0.20795767714355431,0.1750653863650185,5.040844615006201,1.4170596101518003,0.2237865166547246
evogym,novelty,0.0,1,13,0.2097036639802133,0.1678530839983238,4.623919431410345,1.2600564621909351,0.20759525919464422
evogym,novelty,0.0,1,14,0.2097036639802133,0.1796545588666326,3.7769838700647664,1.4642650593938555,0.21427289131924215
evogym,novelty,0.0,1,15,0.21558951015034555,0.18094161900837766,4.488364278815295,1.5305751125874658,0.22044563537259654
evogym,novelty,0.0,1,16,0.21558951015034555,0.18452014209644016,3.7283613422009827,1.592128120692684,0.22637379034777702
evogym,novelty,0.0,1,17,0.2162228187592454,0.18148448611155737,3.747567824840808,1.3627625460376689,0.22623960154503853
evogym,novelty,0.0,1,18,0.20966665809392915,0.1801366643347207,3.772408318179683,1.4160966472060983,0.22544225875542007
evogym,novelty,0.0,1,19,0.2069518931875533,0.17909643465003117,3.772408318179683,1.1179119552661643,0.22527828534677533
evogym,novelty,0.0,1,20,0.25178741425095236,0.17077924544278084,3.772408318179683,1.2447694747498126,0.22010548403225255
evogym,novelty,0.0,1,21,0.25178741425095236,0.1704315434715306,2.7937995815368812,0.9751906565294168,0.2200722589807016
evogym,novelty,0.0,1,22,0.25178741425095236,0.1807127088348243,4.122172924430558,1.058524698193986,0.22790874277298284
evogym,novelty,0.0,1,23,0.25178741425095236,0.16816213397720262,4.122172924430558,1.0492680633005922,0.22932482302800272
evogym,novelty,0.0,1,24,0.25178741425095236,0.162797526343335,4.122172924430558,0.6688958761619093,0.22178968114799558
evogym,novelty,0.0,1,25,0.3092720292769589,0.16541476049612608,4.122172924430558,0.94873307229123,0.21623553625389383
evogym,novelty,0.0,1,26,0.3092720292769589,0.17410673553638198,4.122172924430558,0.8546532149239902,0.221958253579947
evogym,novelty,0.0,1,27,0.3092720292769589,0.18204850802092384,5.543597297462847,0.8665121064629382,0.22807769156093527
evogym,novelty,0.0,1,28,0.3092720292769589,0.1793725433641324,3.342634410308704,0.8017904196999872,0.22419054748246575
evogym,novelty,0.0,1,29,0.3092720292769589,0.1979395479196711,3.342634410308704,1.1964032589936013,0.2235381415301272
evogym,novelty,0.0,1,30,0.3909013153839116,0.20718426233524662,4.014874547485873,1.1293755462935553,0.22108476307528196
evogym,novelty,0.0,2,0,0.19212849130381776,0.1546761720483903,3.1932961373552207,1.5952510222518743,0.21334562329991638
evogym,novelty,0.0,2,1,0.19212849130381776,0.1546761720483903,3.1932961373552207,1.5952510222518743,0.21334562329991638
evogym,novelty,0.0,2,2,0.1962879924803376,0.15778837731850742,3.4452338327483893,1.6871562091707113,0.20248519196127573
evogym,novelty,0.0,2,3,0.1962879924803376,0.16136893243245534,3.497726986424613,1.65761481936148,0.2107764626330367
evogym,novelty,0.0,2,4,0.1962879924803376,0.16267744154767982,3.7443343254663484,1.6171035932847295,0.21428623080080259
evogym,novelty,0.0,2,5,0.1962879924803376,0.16592351897972024,3.0703259356581416,1.4672164783559065,0.21819881791332213
evogym,novelty,0.0,2,6,0.1962879924803376,0.16232394588279614,4.511992870559989,1.4398983554548548,0.21223166241677416
evogym,novelty,0.0,2,7,0.20347491791579567,0.16263082535622617,4.216650625413137,1.315919758601883,0.20912052665210795
evogym,novelty,0.0,2,8,0.20347491791579567,0.16724951828647666,4.280412164555615,1.0787761093410244,0.21078231565852215
evogym,novelty,0.0,2,9,0.20347491791579567,0.16763185263908628,4.216650625413137,1.2020329894450013,0.21153963639563128
evogym,novelty,0.0,2,10,0.20347491791579567,0.16172625802342397,4.2406247501377825,0.9667754970091323,0.21146240763821633
evogym,novelty,0.0,2,11,0.20347491791579567,0.16829287609318777,4.2406247501377825,1.176846810480096,0.21637391226337419
evogym,novelty,0.0,2,12,0.2290597638806753,0.1553110263449961,2.601337941388084,1.056638311588856,0.21518954149534655
evogym,novelty,0.0,2,13,0.2290597638806753,0.1467297074033291,2.735587219647443,1.0623316121471877,0.19889992968820314
evogym,novelty,0.0,2,14,0.2290597638806753,0.14834537434692005,2.735587219647443,1.2008925841923574,0.19963245148437775
evogym,novelty,0.0,2,15,0.2290597638806753,0.1470199963468996,2.3672377375661484,0.986056542952937,0.2035439082484028
evogym,novelty,0.0,2,16,0.2290597638806753,0.14553280258851117,2.394352028051336,0.9353797884431705,0.195187654896927
evogym,novelty,0.0,2,17,0.27670303886513925,0.1489774502745561,3.0058633714385667,0.8140246463961727,0.1931666476113974
evogym,novelty,0.0,2,18,0.27670303886513925,0.16103004187257638,3.010006955798326,0.7141078657844061,0.18850137744374149
evogym,novelty,0.0,2,19,0.27670303886513925,0.17108410897670573,3.0058633714385667,0.5769951345178063,0.19060584972188
evogym,novelty,0.0,2,20,0.27670303886513925,0.18778920251883757,2.5170137620132897,0.5387068075150578,0.2051690179894813
evogym,novelty,0.0,2,21,0.27670303886513925,0.19289570547899398,2.5170137620132897,0.6544127677807473,0.21874194424347082
evogym,novelty,0.0,2,22,0.27670303886513925,0.18634210642940843,2.510823406183075,0.45163540967046983,0.2258566627819128
evogym,novelty,0.0,2,23,0.27670303886513925,0.17172834965721098,3.3214267379507447,0.5354050646307921,0.2196719874489442
evogym,novelty,0.0,2,24,0.27670303886513925,0.16476259894534045,3.3214267379507447,0.7180675027459869,0.2116173786713679
evogym,novelty,0.0,2,25,0.27670303886513925,0.17563715643943104,3.3214267379507447,0.649677113118126,0.22119280616967485
evogym,novelty,0.0,2,26,0.27670303886513925,0.16574414673041954,3.3214267379507447,0.8516997185377673,0.2253540586601403
evogym,novelty,0.0,2,27,0.28596523828850245,0.16215672714459312,2.481118095649625,0.7288576199766734,0.21552989358441904
evogym,novelty,0.0,2,28,0.28596523828850245,0.15545336615164024,2.2315516930800947,0.8018752381958111,0.21100192486400915
evogym,novelty,0.0,2,29,0.3106446638335836,0.1654533800438356,2.1276548637529413,0.5831216349341634,0.20907155845357442
evogym,novelty,0.0,2,30,0.3106446638335836,0.16642018731948094,2.4136052002332122,0.6775149807263446,0.18854564902541854
evogym,novelty,0.0,3,0,0.20098483621493918,0.15573986968404913,3.5606525789783743,1.717188242353486,0.21916228571874163
evogym,novelty,0.0,3,1,0.20098483621493918,0.15573986968404913,3.5606525789783743,1.717188242353486,0.21916228571874163
evogym,novelty,0.0,3,2,0.20414957205627637,0.15747517832881477,4.876106498203194,1.7464914810548877,0.20111671699223438
evogym,novelty,0.0,3,3,0.20414957205627637,0.16838571837204105,5.522653773410168,1.469026582318362,0.21745905122650194
evogym,novelty,0.0,3,4,0.22265724640627077,0.17049895902379547,5.522653773410168,1.8601749467583975,0.20883965607049718
evogym,novelty,0.0,3,5,0.22265724640627077,0.18088219253197585,5.522653773410168,1.8089286892727934,0.22175458432559392
evogym,novelty,0.0,3,6,0.22265724640627077,0.1817406760433275,4.832290675916856,1.6198053004895088,0.22245534845579407
evogym,novelty,0.0,3,7,0.22265724640627077,0.19026203591166915,4.832290675916856,1.6111026054847417,0.22437197038418494
evogym,novelty,0.0,3,8,0.22265724640627077,0.19002040486143593,4.730086902087849,1.5066927906284018,0.23072955213277496
evogym,novelty,0.0,3,9,0.2323039319695353,0.18520028393163426,4.730086902087849,1.688181530079357,0.23273554989952094
evogym,novelty,0.0,3,10,0.2323039319695353,0.18773848634860246,4.469028182931144,1.3327465398393665,0.24083077886129325
evogym,novelty,0.0,3,11,0.2323039319695353,0.19223796027107198,4.7201031611754365,1.7363599791341477,0.2489463192978892
evogym,novelty,0.0,3,12,0.24618529740929931,0.20610016538988146,4.652568475807746,1.695461430086923,0.26100663594196505
evogym,novelty,0.0,3,13,0.2475349164855557,0.2018588829153248,4.4362204808029055,1.4493086383343479,0.26607076972018145
evogym,novelty,0.0,3,14,0.2564744853868231,0.19037847509434222,4.4362204808029055,1.7437151108598314,0.25700189870601686
evogym,novelty,0.0,3,15,0.2564744853868231,0.20258066772715266,4.008213789807431,1.2434474443793853,0.26279055946993557
evogym,novelty,0.0,3,16,0.2564744853868231,0.19744896879874874,4.690682712619184,1.3377592539754746,0.2632870621819729
evogym,novelty,0.0,3,17,0.24250541658900648,0.19060573673791134,5.3621967719396135,1.7211546737818815,0.2546300341061021
evogym,novelty,0.0,3,18,0.24250541658900648,0.19591645147605669,4.008213789807431,1.1020049316294007,0.2613505511945992
evogym,novelty,0.0,3,19,0.24497581747018243,0.19454983220569777,4.008213789807431,1.3489976348524115,0.2486968432991
evogym,novelty,0.0,3,20,0.24497581747018243,0.20338022760630206,4.008213789807431,1.3119005315137948,0.25829106506953814
evogym,novelty,0.0,3,21,0.24249199396178073,0.19509763330264826,4.008213789807431,1.4094502928552695,0.2524507895203651
evogym,novelty,0.0,3,22,0.24249199396178073,0.18861251917095084,3.214686482718157,1.0443867687113824,0.2454034150239282
evogym,novelty,0.0,3,23,0.31587688061659863,0.19570086932459596,3.3143983118717264,1.2745743821676874,0.2587690223122969
evogym,novelty,0.0,3,24,0.31587688061659863,0.19469049154686918,5.106523980576741,1.2743046641754456,0.25484397976728634
evogym,novelty,0.0,3,25,0.31587688061659863,0.18450541761349337,5.106523980576741,1.2062918293847025,0.2500265347157044
evogym,novelty,0.0,3,26,0.31587688061659863,0.1830162887820032,3.613982003885231,1.0382783435338472,0.2523473602630342
evogym,novelty,0.0,3,27,0.3732074164483642,0.18638622839500368,3.613982003885231,1.4278561370464544,0.24501662386658976
evogym,novelty,0.0,3,28,0.3732074164483642,0.20758280319684377,3.613982003885231,1.3107988297167903,0.24587291641395276
evogym,novelty,0.0,3,29,0.3732074164483642,0.20800969271960068,3.613982003885231,0.8709516489737197,0.2485112257686156
evogym,novelty,0.0,3,30,0.3732074164483642,0.21974042816297662,3.613982003885231,1.24375965135058,0.24320467611557825
evogym,novelty,0.5,1,0,0.30663782445542975,0.19842392934977943,3.6551914131839136,1.395791651383718,0.23292207547034124
evogym,novelty,0.5,1,1,0.30663782445542975,0.19842392934977943,3.6551914131839136,1.395791651383718,0.23292207547034124
evogym,novelty,0.5,1,2,0.4014203518928454,0.21975308860928244,5.942592712004332,1.7657650727895196,0.21121195189237554
evogym,novelty,0.5,1,3,0.42880340573493386,0.2699578725979591,6.27583445699297,2.7480459410272595,0.18305869077912196
evogym,novelty,0.5,1,4,0.43383043700329443,0.28975011377856547,7.344689007815465,3.429104077434366,0.16306932983151443
evogym,novelty,0.5,1,5,0.45126304176868637,0.3253078505721119,8.238587063649142,4.388799037407521,0.14572353311516598
evogym,novelty,0.5,1,6,0.45126304176868637,0.35357702549823833,8.238587063649142,5.066440073224688,0.12259969599793215
evogym,novelty,0.5,1,7,0.4631236329039962,0.36743105874801757,8.284210691663377,5.41486944660071,0.12430394741435472
evogym,novelty,0.5,1,8,0.48561163965425613,0.3780925272573976,8.562431262125255,5.925338819248223,0.12286337000731111
evogym,novelty,0.5,1,9,0.5386802790349581,0.37380073166153116,9.56609783057091,6.188030674772397,0.11606706782761533
evogym,novelty,0.5,1,10,0.5386802790349581,0.3858956273308042,9.56609783057091,6.362933257622725,0.11965898367838486
evogym,novelty,0.5,1,11,0.5386802790349581,0.381069927869284,9.56609783057091,6.3155869351398675,0.11248056523378724
evogym,novelty,0.5,1,12,0.5533058282401608,0.42491289685088474,9.56609783057091,7.19584259774142,0.10606668591006108
evogym,novelty,0.5,1,13,0.5533058282401608,0.44036908838007294,9.56609783057091,7.538277178194955,0.10231560360922728
evogym,novelty,0.5,1,14,0.5533058282401608,0.43024920402925676,9.56609783057091,7.224572800517383,0.11017115131061239
evogym,novelty,0.5,1,15,0.5533058282401608,0.43130739820342967,9.56609783057091,7.195969438208671,0.11407742810812652
evogym,novelty,0.5,1,16,0.5533058282401608,0.4264076914916937,9.56609783057091,7.102177387080696,0.11604547948425237
evogym,novelty,0.5,1,17,0.5533058282401608,0.4461090240872069,9.56609783057091,7.472955711873041,0.11727433506546274
evogym,novelty,0.5,1,18,0.5600615938866993,0.4432863627138497,9.57256906396932,7.485899536663361,0.10991521147046038
evogym,novelty,0.5,1,19,0.5600615938866993,0.4451821180444888,9.57256906396932,7.575488382090564,0.1006915618301237
evogym,novelty,0.5,1,20,0.5600615938866993,0.4238515744452414,9.57256906396932,7.165650469522613,0.10219590164972
evogym,novelty,0.5,1,21,0.6012817156293577,0.44931253337460325,9.57256906396932,7.621219997930896,0.10945460661094013
evogym,novelty,0.5,1,22,0.6012817156293577,0.4693431496086835,9.573627250209062,8.003207270501573,0.11574346529109995
evogym,novelty,0.5,1,23,0.6012817156293577,0.4685464477403965,9.573627250209062,8.02774944534903,0.11708108456185048
evogym,novelty,0.5,1,24,0.6012817156293577,0.4520919517586261,9.573627250209062,7.680705025329862,0.11721040216817565
evogym,novelty,0.5,1,25,0.6012817156293577,0.4327979060318463,9.573627250209062,7.330310967130392,0.11282645062726315
evogym,novelty,0.5,1,26,0.6012817156293577,0.45209368536330363,9.573627250209062,7.62207449213364,0.12153862441747791
evogym,novelty,0.5,1,27,0.6012817156293577,0.443893688762532,9.573627250209062,7.532901329482885,0.1123080863112353
evogym,novelty,0.5,1,28,0.6012817156293577,0.4492584022614766,9.573627250209062,7.570379000113616,0.11496437151575711
evogym,novelty,0.5,1,29,0.6012817156293577,0.47699605865796907,9.573627250209062,8.103226190043667,0.11115850906532768
evogym,novelty,0.5,1,30,0.6012817156293577,0.44335642034387535,9.57256906396932,7.272264874211035,0.12584112974469158
evogym,novelty,0.5,2,0,0.3977569503528932,0.26442471056452377,4.479172708842542,1.7812565671039038,0.2284154735964976
evogym,novelty,0.5,2,1,0.3977569503528932,0.26442471056452377,4.479172708842542,1.7812565671039038,0.2284154735964976
evogym,novelty,0.5,2,2,0.3977569503528932,0.28317665555560395,4.479172708842542,2.0260176386892335,0.2063312949020113
evogym,novelty,0.5,2,3,0.4059549270561742,0.3334477831654212,5.081922083077743,2.8525746215929932,0.1821942024453469
evogym,novelty,0.5,2,4,0.41476003116765,0.356912547150554,5.081922083077743,3.4038147332109823,0.16548550992133182
evogym,novelty,0.5,2,5,0.4513068499844255,0.3352008596770643,6.640080454718584,3.612198736913548,0.16263838189204816
evogym,novelty,0.5,2,6,0.4513068499844255,0.35518304578910687,6.640080454718584,4.123266238240303,0.14904086522399224
evogym,novelty,0.5,2,7,0.4516857340124694,0.3622185147717811,7.101426539463947,4.552835426939395,0.1426903726174628
evogym,novelty,0.5,2,8,0.4737813487958164,0.3802837315898995,8.03486232054906,5.184808188984068,0.13567317641092216
evogym,novelty,0.5,2,9,0.4737813487958164,0.37126729293061644,8.03486232054906,5.100199623688935,0.12615661488106147
evogym,novelty,0.5,2,10,0.4737813487958164,0.38483356174999905,8.03486232054906,5.376716544806545,0.12128015733059598
evogym,novelty,0.5,2,11,0.4737813487958164,0.3890362071803157,8.03486232054906,5.442631373583396,0.12275326976234288
evogym,novelty,0.5,2,12,0.4737813487958164,0.39593537804548756,8.03486232054906,5.638759751219773,0.1171031859485917
evogym,novelty,0.5,2,13,0.4737813487958164,0.3896835203658008,8.03486232054906,5.503143085994389,0.12667570973044054
evogym,novelty,0.5,2,14,0.4737813487958164,0.3977630737072824,8.03486232054906,5.650712432628739,0.12821418035394713
evogym,novelty,0.5,2,15,0.4737813487958164,0.3897933033937456,8.03486232054906,5.5926012779893,0.11930341513259804
evogym,novelty,0.5,2,16,0.4737813487958164,0.388060351286573,8.03486232054906,5.528215304850571,0.126626002811848
evogym,novelty,0.5,2,17,0.4881933015260726,0.3876376841490981,8.202919976478588,5.6394371566506685,0.12199206069874147
evogym,novelty,0.5,2,18,0.4881933015260726,0.3849447423682927,8.202919976478588,5.603615741311185,0.12632225034325553
evogym,novelty,0.5,2,19,0.4881933015260726,0.40732897726403977,8.202919976478588,5.936042656115198,0.13346859803283356
evogym,novelty,0.5,2,20,0.4881933015260726,0.4081550453018389,8.202919976478588,6.084732077117252,0.12614143331505398
evogym,novelty,0.5,2,21,0.5126007909952722,0.37339542179813506,8.818734281359111,5.720541081657647,0.12452744190406181
evogym,novelty,0.5,2,22,0.5126007909952722,0.403117004710825,8.818734281359111,6.230425191971311,0.13066360717075237
evogym,novelty,0.5,2,23,0.5126007909952722,0.3962013787596832,8.818734281359111,6.183534872785616,0.12988102073236166
evogym,novelty,0.5,2,24,0.5662546501462223,0.40390291787443644,9.5424877281329,6.513801093407703,0.1298936092842893
evogym,novelty,0.5,2,25,0.5662546501462223,0.3973585785304422,9.5424877281329,6.387719457661618,0.13007945521141867
evogym,novelty,0.5,2,26,0.5662546501462223,0.3931266588751357,9.5424877281329,6.2884450714486,0.12979506677971275
evogym,novelty,0.5,2,27,0.5662546501462223,0.42192903308891616,9.5424877281329,6.885329952759863,0.12550693360937018
evogym,novelty,0.5,2,28,0.5662546501462223,0.39366775300400647,9.5424877281329,6.386445066461426,0.1219991161274117
evogym,novelty,0.5,2,29,0.5662546501462223,0.4044140316664252,9.5424877281329,6.4740788903684905,0.13186584656421874
evogym,novelty,0.5,2,30,0.5662546501462223,0.41316220337230625,9.5424877281329,6.674070702948709,0.12957242887053547
evogym,novelty,0.5,3,0,0.38783059919016294,0.2719074133751489,4.264120876671658,1.7640219158428596,0.2186381062811391
evogym,novelty,0.5,3,1,0.38783059919016294,0.2719074133751489,4.264120876671658,1.7640219158428596,0.2186381062811391
evogym,novelty,0.5,3,2,0.3926548214164574,0.27834386527341093,4.264120876671658,1.824233935960331,0.20239170506680404
evogym,novelty,0.5,3,3,0.40287209165590376,0.32560623657176363,4.264120876671658,2.394357831323192,0.1915236812999166
evogym,novelty,0.5,3,4,0.42425909629616065,0.3323689055086553,5.326338967716077,2.8097535562118066,0.18187754177740145
evogym,novelty,0.5,3,5,0.439569494677695,0.3598055633275098,5.326338967716077,3.2244028147499497,0.1778000378486704
evogym,novelty,0.5,3,6,0.439569494677695,0.370567061217804,5.891444387101029,3.6695971477272877,0.1683595582248028
evogym,novelty,0.5,3,7,0.439569494677695,0.34527409147720894,5.891444387101029,3.3989993501111178,0.1674806247060229
evogym,novelty,0.5,3,8,0.4572952292927118,0.3549771169614308,6.349931352026519,3.725721411258238,0.15351317827753458
evogym,novelty,0.5,3,9,0.4577892103849901,0.36842704100576845,6.447548216291849,3.9864590148358117,0.14663714414091228
evogym,novelty,0.5,3,10,0.4577892103849901,0.38606578095108546,6.447548216291849,4.420074279435532,0.13231169922139996
evogym,novelty,0.5,3,11,0.4577892103849901,0.39359634558713696,6.735106042044291,4.773541892967709,0.12751802728261044
evogym,novelty,0.5,3,12,0.4577892103849901,0.3820333346081838,7.124810604145508,4.946317513061752,0.11602806755602588
evogym,novelty,0.5,3,13,0.4577892103849901,0.3828295282475339,7.443543113517022,5.282450208978862,0.09956470812909693
evogym,novelty,0.5,3,14,0.4587280821875242,0.4041278428141791,7.565184151807609,5.768031968634705,0.0989041488676269
evogym,novelty,0.5,3,15,0.4587280821875242,0.4014781708573503,7.565184151807609,5.89041638693959,0.09897489629957798
evogym,novelty,0.5,3,16,0.4587280821875242,0.39259955699145405,7.8212980211368635,5.964998666176076,0.10426846550176767
evogym,novelty,0.5,3,17,0.5393913680824173,0.3552293311389437,9.521222967586674,5.7949575613045,0.10489925662748238
evogym,novelty,0.5,3,18,0.5393913680824173,0.37501821613881725,9.521222967586674,6.204610279603334,0.09882382459030628
evogym,novelty,0.5,3,19,0.5393913680824173,0.3850881220480351,9.521222967586674,6.394873422397044,0.09902358029716814
evogym,novelty,0.5,3,20,0.5424359485946958,0.40198466559742696,9.521222967586674,6.751938807385372,0.09646215078982161
evogym,novelty,0.5,3,21,0.5424359485946958,0.3913703371014049,9.521222967586674,6.591312828853695,0.09361133657429963
evogym,novelty,0.5,3,22,0.5424359485946958,0.4167332290538586,9.521222967586674,6.967098080090724,0.10224311908108834
evogym,novelty,0.5,3,23,0.5424359485946958,0.42023966297898563,9.524855859771147,7.101956358789235,0.10201659806367917
evogym,novelty,0.5,3,24,0.5424359485946958,0.42369534783486457,9.524855859771147,7.161813661738106,0.10364992295981482
evogym,novelty,0.5,3,25,0.5424359485946958,0.4248728184039128,9.524855859771147,7.152474280706512,0.10454154613999096
evogym,novelty,0.5,3,26,0.5424359485946958,0.44248404987889184,9.524855859771147,7.47405904599732,0.10597576045580241
evogym,novelty,0.5,3,27,0.5424359485946958,0.4517308417826271,9.526136578682816,7.717438711971601,0.10050479905432204
evogym,novelty,0.5,3,28,0.5424359485946958,0.4582507043530374,9.52762592332759,7.857246430782666,0.09944147836463238
evogym,novelty,0.5,3,29,0.5454596054721079,0.45729449692810187,9.528420249073067,7.953065968535678,0.086556305767451
evogym,novelty,0.5,3,30,0.5454596054721079,0.44068232034295846,9.542670845661075,7.462966231807572,0.10208818832485611
evogym,novelty,1.0,1,0,0.7140489068043847,0.3280078773431303,3.607327493129781,1.4189905129365765,0.21899718512698438
evogym,novelty,1.0,1,1,0.7140489068043847,0.3280078773431303,3.607327493129781,1.4189905129365765,0.21899718512698438
evogym,novelty,1.0,1,2,0.7240042949955869,0.3596630409045664,3.65762145084708,1.588225821224387,0.19304296826094777
evogym,novelty,1.0,1,3,0.7598713005311135,0.506481033953621,4.49980555411314,2.508959508755669,0.16954255907469987
evogym,novelty,1.0,1,4,0.7626829389908658,0.5816843272355736,5.051933360242531,3.041815022425838,0.14099419666100776
evogym,novelty,1.0,1,5,0.7626829389908658,0.6100387996394308,5.051933360242531,3.320641094693529,0.12603195046621446
evogym,novelty,1.0,1,6,0.7713006532524092,0.6557829769809073,5.051933360242531,3.758040958725597,0.11092498379453841
evogym,novelty,1.0,1,7,0.7176799241955751,0.6301482313953091,6.133399214501811,4.077581892936555,0.10108897596235158
evogym,novelty,1.0,1,8,0.7176799241955751,0.651875630255385,6.237983098603566,4.455326677681105,0.10538231187067884
evogym,novelty,1.0,1,9,0.7373497298081495,0.6631384516066936,6.862372600466155,4.897767411349196,0.10693766664650824
evogym,novelty,1.0,1,10,0.7601771354537071,0.6430629557931254,7.321732481356732,5.073516291533297,0.12055890100920692
evogym,novelty,1.0,1,11,0.7610864618411837,0.6459593863847558,7.330490761811152,5.2904438754785215,0.11959272330928157
evogym,novelty,1.0,1,12,0.9037831789200675,0.6447017944220852,8.728238413391882,5.79715835298691,0.10335070425573951
evogym,novelty,1.0,1,13,0.9071429861627823,0.6612476004272626,8.7606855747481,6.057572733247762,0.08403510702332753
evogym,novelty,1.0,1,14,0.9633393159778542,0.6575727275198741,9.306808320458286,6.206370981416161,0.07017466077526256
evogym,novelty,1.0,1,15,0.9633393159778542,0.699662280239901,9.306808320458286,6.640733752055074,0.07323089567653039
evogym,novelty,1.0,1,16,0.9969596229847221,0.733324020244914,9.631613659343753,7.065278900117036,0.05750020559470305
evogym,novelty,1.0,1,17,0.9969596229847221,0.7560834986533467,9.631613659343753,7.28781748639706,0.06134232440673411
evogym,novelty,1.0,1,18,0.9969596229847221,0.7843976608268608,9.631613659343753,7.5632863088556075,0.06884643179436042
evogym,novelty,1.0,1,19,0.9969596229847221,0.8146906328150079,9.631613659343753,7.856029561843637,0.07169611441507925
evogym,novelty,1.0,1,20,0.9969596229847221,0.8173127766413939,9.631613659343753,7.882556724833698,0.06260442947385453
evogym,novelty,1.0,1,21,0.9969596229847221,0.8176095860913373,9.631613659343753,7.886367350924351,0.0677395282757328
evogym,novelty,1.0,1,22,0.9969596229847221,0.8341375093590365,9.631613659343753,8.047201021463898,0.065850597460302
evogym,novelty,1.0,1,23,0.9995452814236162,0.8248645497694549,9.657447291529891,7.9673034734211985,0.06916136691706776
evogym,novelty,1.0,1,24,0.9995452814236162,0.8628926366152433,9.657447291529891,8.335163055501251,0.061006898123485774
evogym,novelty,1.0,1,25,0.9999116101420773,0.8754616644020322,9.660986701255155,8.457908776392644,0.05148871159571168
evogym,novelty,1.0,1,26,0.9999116101420773,0.8794626005157886,9.660986701255155,8.49660445034361,0.04950290138188588
evogym,novelty,1.0,1,27,0.9999116101420773,0.8063391951637726,9.660986701255155,7.790202889094134,0.06298619177963453
evogym,novelty,1.0,1,28,0.9999116101420773,0.8318049624782052,9.660986701255155,8.0363233700218,0.05414579643806315
evogym,novelty,1.0,1,29,0.9999116101420773,0.8764069517882017,9.660986701255155,8.46738266749923,0.05233937036334407
evogym,novelty,1.0,1,30,1.0,0.8966952908593685,9.661840709982782,8.663727065674902,0.04685994354139349
evogym,novelty,1.0,2,0,0.6927839431732669,0.3388270134678787,4.745670776640654,1.7330152344063503,0.21213568990917983
evogym,novelty,1.0,2,1,0.6927839431732669,0.3388270134678787,4.745670776640654,1.7330152344063503,0.21213568990917983
evogym,novelty,1.0,2,2,0.6927839431732669,0.3786632387133561,4.745670776640654,1.9152155917064548,0.19347767968657664
evogym,novelty,1.0,2,3,0.7419093315779816,0.4865597027751562,4.745670776640654,2.5654544195065907,0.17699514499817276
evogym,novelty,1.0,2,4,0.7837715381858592,0.5183653711218332,5.368949036685547,2.963803834869272,0.15947028023280957
evogym,novelty,1.0,2,5,0.7837715381858592,0.5461074507778552,5.790529471430029,3.316425489569137,0.14434082988103497
evogym,novelty,1.0,2,6,0.7837715381858592,0.5973307310119436,6.036520850687457,3.789575549525169,0.14226483731010914
evogym,novelty,1.0,2,7,0.8155345062859346,0.607125233145964,6.036520850687457,3.893682279910858,0.12580699355070632
evogym,novelty,1.0,2,8,0.8249200069054979,0.669275994120923,6.036520850687457,4.450317292286519,0.12592062616747318
evogym,novelty,1.0,2,9,0.8249200069054979,0.6485683312155033,6.850145450691761,4.681878063625325,0.12591761956283093
evogym,novelty,1.0,2,10,0.8249200069054979,0.6727584751305451,6.850145450691761,4.9580546804901,0.12070893958261582
evogym,novelty,1.0,2,11,0.8272050550508163,0.6875237844038272,6.850145450691761,5.2151183178914255,0.1188303654092101
evogym,novelty,1.0,2,12,0.8272050550508163,0.6501624236792224,6.850145450691761,5.106891945105074,0.10502179578271158
evogym,novelty,1.0,2,13,0.7918603879114505,0.6040574198283586,7.5831500360749855,5.111656924318553,0.10450514077844708
evogym,novelty,1.0,2,14,0.932591153568708,0.6203719652510864,8.957734199459875,5.6782638165603325,0.10232642212609289
evogym,novelty,1.0,2,15,0.9337969952597308,0.6425508206476959,8.969316562549505,5.938234615661313,0.09893996933510447
evogym,novelty,1.0,2,16,0.9367272871748662,0.6645496052809265,8.997462632777776,6.2018368935373624,0.09393274551542805
evogym,novelty,1.0,2,17,0.996997686043399,0.6716547571695035,9.576372491716265,6.434879221827215,0.08436486351416807
evogym,novelty,1.0,2,18,0.996997686043399,0.6973580782979304,9.576372491716265,6.681583957113131,0.07690467714335834
evogym,novelty,1.0,2,19,0.996997686043399,0.7319946235729314,9.576372491716265,7.014779373350775,0.06329651903998722
evogym,novelty,1.0,2,20,0.996997686043399,0.7668564052461136,9.576372491716265,7.350344749025609,0.05669387114138319
evogym,novelty,1.0,2,21,0.996997686043399,0.7644560100797406,9.576372491716265,7.329030378010927,0.06355831093406991
evogym,novelty,1.0,2,22,0.996997686043399,0.7285286920437293,9.576372491716265,6.986192213267531,0.05722024683101253
evogym,novelty,1.0,2,23,0.9980215996070366,0.769575656663229,9.586207396873997,7.383623272734836,0.05995108180039586
evogym,novelty,1.0,2,24,0.9980215996070366,0.7769892573966753,9.586207396873997,7.455826838613911,0.06126982890562758
evogym,novelty,1.0,2,25,0.9980215996070366,0.83331812637793,9.586207396873997,7.9973994166308415,0.062565105898473
evogym,novelty,1.0,2,26,1.0,0.8131653046037123,9.605210348802563,7.810623799066766,0.0717272107138381
evogym,novelty,1.0,2,27,1.0,0.8285029050592378,9.605210348802563,7.957944677687986,0.06795627485103113
evogym,novelty,1.0,2,28,1.0,0.7758465365191626,9.605210348802563,7.452169181656485,0.07116057987292307
evogym,novelty,1.0,2,29,1.0,0.8051038759428957,9.605210348802563,7.733192081067753,0.07123403153290064
evogym,novelty,1.0,2,30,1.0,0.7823559224139659,9.605210348802563,7.514693202417594,0.06644724104818263
evogym,novelty,1.0,3,0,0.6746489008069929,0.366027182879668,3.7303618550808677,1.6846241536120499,0.22196299371681377
evogym,novelty,1.0,3,1,0.6746489008069929,0.366027182879668,3.7303618550808677,1.6846241536120499,0.22196299371681377
evogym,novelty,1.0,3,2,0.7520386276348966,0.43578293721501354,4.5222378782733825,2.0810435671232037,0.1899860160264806
evogym,novelty,1.0,3,3,0.7520386276348966,0.528314908514037,4.526146381775456,2.562460516009462,0.15505211836546548
evogym,novelty,1.0,3,4,0.7638865469333614,0.5679753509389334,4.618595402621941,2.8512002958489258,0.14399824527838948
evogym,novelty,1.0,3,5,0.7638865469333614,0.5426843713351792,4.709475810997343,2.7850669952933416,0.13636966453106608
evogym,novelty,1.0,3,6,0.7638865469333614,0.5637801245511376,4.709475810997343,2.9125138624524904,0.13503884575920874
evogym,novelty,1.0,3,7,0.7638865469333614,0.5802230849099255,5.037454105710689,3.1193943550541197,0.13479730087196073
evogym,novelty,1.0,3,8,0.7638865469333614,0.5600090823663086,5.037454105710689,3.0299632886942334,0.13691192143740266
evogym,novelty,1.0,3,9,0.7638865469333614,0.5971904773165485,5.037454105710689,3.2691925874856893,0.14017200885438116
evogym,novelty,1.0,3,10,0.8372237826431295,0.6010237350557806,5.529338075877291,3.4567435600840826,0.13077890077896254
evogym,novelty,1.0,3,11,0.8372237826431295,0.616259291670606,5.529338075877291,3.5922574458487597,0.13074766141482172
evogym,novelty,1.0,3,12,0.8372237826431295,0.6558167763358778,5.529338075877291,3.9297059295331294,0.11729497579624822
evogym,novelty,1.0,3,13,0.8534735243141123,0.6702639381416142,6.032539282068144,4.262306449859845,0.11235297653452544
evogym,novelty,1.0,3,14,0.9121067968028174,0.6293118796908287,6.604372917383066,4.168526232236482,0.09858728251564096
evogym,novelty,1.0,3,15,0.9121067968028174,0.6699178903933241,6.604372917383066,4.471438186803356,0.0954714911043663
evogym,novelty,1.0,3,16,0.9121067968028174,0.7042363663062489,6.604372917383066,4.7390982005679145,0.08886203812944676
evogym,novelty,1.0,3,17,0.9121067968028174,0.7139484218528743,6.604372917383066,4.84068744218458,0.09055396206532836
evogym,novelty,1.0,3,18,0.9121067968028174,0.7613034165674246,6.604372917383066,5.212122760768555,0.07741758040413846
evogym,novelty,1.0,3,19,0.9121067968028174,0.7761709047021298,6.604372917383066,5.317290207389187,0.06216602710899355
evogym,novelty,1.0,3,20,0.9121067968028174,0.8030003092694343,6.604372917383066,5.552412511799548,0.050106611025631596
evogym,novelty,1.0,3,21,0.9678601132769971,0.785871050102471,7.0794119216069324,5.633781161382438,0.04853482528556394
evogym,novelty,1.0,3,22,0.9678601132769971,0.7716761030153572,7.126094173785212,5.566455735755865,0.048632942225901254
evogym,novelty,1.0,3,23,0.9834043393705012,0.793993212908862,7.240789061690134,5.772169264206843,0.043367252540703526
evogym,novelty,1.0,3,24,0.9834043393705012,0.7946478484414562,7.240789061690134,5.7845590375317375,0.04416219132961297
evogym,novelty,1.0,3,25,0.9834043393705012,0.810580643439536,7.240789061690134,5.9129300528002755,0.039314002468496985
evogym,novelty,1.0,3,26,0.9934152325112159,0.8158831107077056,7.3144990939210635,5.980156448222339,0.03854122506189449
evogym,novelty,1.0,3,27,0.9934152325112159,0.8044897370771352,7.3144990939210635,5.903321528239038,0.04097636364024759
evogym,novelty,1.0,3,28,0.9934152325112159,0.8192463605822405,7.3144990939210635,6.015995033821473,0.04626240620621911
evogym,novelty,1.0,3,29,1.0,0.8293771225508658,7.362982622514278,6.106689340852918,0.03431415943768106
evogym,novelty,1.0,3,30,1.0,0.8569239352825866,7.362982622514278,6.309516044302233,0.028092922432199807
evogym,novelty_many,0.0,1,0,0.20140650496541046,0.1632538841765712,4.065423033499158,1.8183683100965677,0.22271357419802632
evogym,novelty_many,0.0,1,1,0.20140650496541046,0.1632538841765712,4.065423033499158,1.8183683100965677,0.22271357419802632
evogym,novelty_many,0.0,1,2,0.20140650496541046,0.1576217564471793,4.065423033499158,1.695207254046322,0.20527148024569883
evogym,novelty_many,0.0,1,3,0.20140650496541046,0.1569298510627099,4.401999543541663,1.5188123564212213,0.2131471623670361
evogym,novelty_many,0.0,1,4,0.20406717117252265,0.15318291988750807,2.982841852126425,1.3974105012129698,0.21177653755166745
evogym,novelty_many,0.0,1,5,0.21802843048701173,0.1583161690778028,3.2952849037910794,1.393942918168671,0.2130202699136396
evogym,novelty_many,0.0,1,6,0.2273716969916154,0.1717856223063321,3.3572826041256745,1.2962427225151723,0.2291347507251483
evogym,novelty_many,0.0,1,7,0.2273716969916154,0.17483004550595155,3.3572826041256745,1.283272421734092,0.23034004478058812
evogym,novelty_many,0.0,1,8,0.2273716969916154,0.18068503224631896,3.3572826041256745,1.4339503264255449,0.23215846376779545
evogym,novelty_many,0.0,1,9,0.22935311458444005,0.19089875632888068,3.510442676142942,1.3120509784290924,0.22545961489841018
evogym,novelty_many,0.0,1,10,0.2312918719242368,0.19833584734719184,3.510442676142942,1.2817597296618708,0.23680819666814404
evogym,novelty_many,0.0,1,11,0.2312918719242368,0.18451978944108566,2.987254412773643,1.077661957163213,0.2289234323995669
evogym,novelty_many,0.0,1,12,0.23799772922658624,0.20230321604470358,3.770373921169079,1.560396883479243,0.24073573015910235
evogym,novelty_many,0.0,1,13,0.242250936930358,0.2132553534952827,3.912717322409807,1.3637472279244407,0.24996232553382436
evogym,novelty_many,0.0,1,14,0.2426454592851461,0.21459501812771445,4.090633448598419,1.4363506594908548,0.2537443055110919
evogym,novelty_many,0.0,1,15,0.24280896359266066,0.21065626433487245,4.217521824907437,1.4719850439289885,0.25874824189240186
evogym,novelty_many,0.0,1,16,0.24182157177420074,0.20122315111580438,3.2841602128500207,1.3624441491543664,0.26085994263454826
evogym,novelty_many,0.0,1,17,0.2352918893318568,0.19474246571869705,3.942997199112202,1.4037236149927854,0.2524040544820939
evogym,novelty_many,0.0,1,18,0.2270455117740071,0.19355225059742903,3.942997199112202,1.3212034906002765,0.2521941712290717
evogym,novelty_many,0.0,1,19,0.2198101812055424,0.17322708618364052,3.24579644478198,1.2059411330715541,0.22720786602326784
evogym,novelty_many,0.0,1,20,0.2198101812055424,0.19097718837876318,4.2125651568931115,1.2352422262300429,0.23989224615533739
evogym,novelty_many,0.0,1,21,0.22174606005861713,0.18324974013490186,3.24579644478198,1.2102038124757188,0.23780674097385557
evogym,novelty_many,0.0,1,22,0.2151338105545363,0.18201076475390504,2.7414955901469242,1.1588596562474125,0.239607021333881
evogym,novelty_many,0.0,1,23,0.21510672973863365,0.17509409213049848,2.7414955901469242,1.1453061122756163,0.2317900581088578
evogym,novelty_many,0.0,1,24,0.20864929402792928,0.17801275529232655,3.1243946349607676,0.9676992869791652,0.2339975966174488
evogym,novelty_many,0.0,1,25,0.20864929402792928,0.1752457562773218,3.5618239665049236,0.8754459453220239,0.23296730562847964
evogym,novelty_many,0.0,1,26,0.2644451081663436,0.17552060475365208,4.0041961376976785,1.2022809138790167,0.22673517960397577
evogym,novelty_many,0.0,1,27,0.2644451081663436,0.16822673492936938,3.9573782237030755,0.8765696241641839,0.21109634750195788
evogym,novelty_many,0.0,1,28,0.3248954703871665,0.1820659961332153,3.9573782237030755,1.3543728596455542,0.2173996342715873
evogym,novelty_many,0.0,1,29,0.4305780259938606,0.2033376141866297,2.834893941355566,0.7777903432552279,0.22458874965610054
evogym,novelty_many,0.0,1,30,0.4305780259938606,0.21169932549447598,4.714109960270986,1.0745777095593656,0.21709747109318767
evogym,novelty_many,0.0,2,0,0.20657923722596477,0.17276452652389412,3.7285652109006517,1.68305682052512,0.24399809495376784
evogym,novelty_many,0.0,2,1,0.20657923722596477,0.17276452652389412,3.7285652109006517,1.68305682052512,0.24399809495376784
evogym,novelty_many,0.0,2,2,0.20657923722596477,0.17189016723677078,3.7285652109006517,1.5815903841028847,0.22584947731904464
evogym,novelty_many,0.0,2,3,0.211329085553261,0.1667499486880989,3.7285652109006517,1.3189822645446323,0.2235056790461607
evogym,novelty_many,0.0,2,4,0.21191229388323637,0.17621446542485786,3.907503385750487,1.4364528586430487,0.22996814421411482
evogym,novelty_many,0.0,2,5,0.2143056626214437,0.17816473758521806,3.907503385750487,1.5262664703945146,0.2358278402143678
evogym,novelty_many,0.0,2,6,0.23217162595584367,0.17279288847260776,4.175813724211751,1.085054828819965,0.23612825916094032
evogym,novelty_many,0.0,2,7,0.23217162595584367,0.16866615788051306,4.175813724211751,1.6362543979040698,0.2226039802322218
evogym,novelty_many,0.0,2,8,0.23217162595584367,0.1886804403934001,3.408659435873968,1.4496817576144092,0.2326651103354148
evogym,novelty_many,0.0,2,9,0.23217162595584367,0.1835507241750295,3.7462534274504575,1.334828179531816,0.2269524496574215
evogym,novelty_many,0.0,2,10,0.23217162595584367,0.18330404893750024,5.453967421917429,1.5693404557540136,0.23533546578065404
evogym,novelty_many,0.0,2,11,0.2306390163352077,0.18491409068878567,5.453967421917429,1.302865867550975,0.24184955573670944
evogym,novelty_many,0.0,2,12,0.22349438982353695,0.18604692706175224,3.7462534274504575,1.440821858876535,0.24619156861494793
evogym,novelty_many,0.0,2,13,0.22307666040264043,0.17476395196320896,3.7462534274504575,1.3430458877221736,0.23004316500151
evogym,novelty_many,0.0,2,14,0.22355426502442252,0.19077467693075306,4.017443761035236,1.5405660285013576,0.23943225870050652
evogym,novelty_many,0.0,2,15,0.22299549961863366,0.20340083708679346,3.335045332980823,0.941088261351697,0.24348521023681752
evogym,novelty_many,0.0,2,16,0.23020862450954563,0.2005083114917357,3.335045332980823,1.11080835810799,0.24272059594292233
evogym,novelty_many,0.0,2,17,0.23020862450954563,0.19930988081703999,3.3171694480210245,1.344549754089243,0.24088717230776066
evogym,novelty_many,0.0,2,18,0.2320841356769439,0.1981073094321889,3.835094732273204,1.4973790183480067,0.23635495801511847
evogym,novelty_many,0.0,2,19,0.2320841356769439,0.1929542763548982,3.376049513012187,1.3846588032508822,0.23656033449703412
evogym,novelty_many,0.0,2,20,0.2320841356769439,0.1911234711831002,3.894077594738008,1.393162240079742,0.23998417509543457
evogym,novelty_many,0.0,2,21,0.2320841356769439,0.18639851290603768,3.894077594738008,1.5455015746213288,0.23201106247601327
evogym,novelty_many,0.0,2,22,0.226066283857893,0.18852744107892017,4.238841485116517,1.5462896930375833,0.23616493276884767
evogym,novelty_many,0.0,2,23,0.3006107134511921,0.191551007125965,4.238841485116517,1.332808104643649,0.23716638963785835
evogym,novelty_many,0.0,2,24,0.3006107134511921,0.1871031235712038,5.023995738147463,1.7770044739669877,0.23587463148252413
evogym,novelty_many,0.0,2,25,0.3006107134511921,0.18826593311156703,5.023995738147463,1.823301361836052,0.24348149908921735
evogym,novelty_many,0.0,2,26,0.3006107134511921,0.1734128871616017,4.335430926031297,1.5534805792958797,0.22798568205836708
evogym,novelty_many,0.0,2,27,0.3006107134511921,0.19863808185837656,4.839727472741365,1.817738522668374,0.23823781865422006
evogym,novelty_many,0.0,2,28,0.3392906781219317,0.19991783095181875,4.335430926031297,1.7660549371737049,0.2359954939098723
evogym,novelty_many,0.0,2,29,0.3515215978642385,0.20906786076127815,4.335430926031297,1.5233669690059768,0.23386516110441424
evogym,novelty_many,0.0,2,30,0.3515215978642385,0.22749121628865496,6.532554746462859,1.4618283063279842,0.2371207173641396
evogym,novelty_many,0.0,3,0,0.2065877966048974,0.1674284027126252,4.4807661438288795,1.5975678776633697,0.23235583251665606
evogym,novelty_many,0.0,3,1,0.2065877966048974,0.1674284027126252,4.4807661438288795,1.5975678776633697,0.23235583251665606
evogym,novelty_many,0.0,3,2,0.20962727024650693,0.1666491934725693,4.4807661438288795,1.5548295434684951,0.21749696455009765
evogym,novelty_many,0.0,3,3,0.2111187640842624,0.16661194882091995,3.9854444238771625,1.3660865576436452,0.22120224085288703
evogym,novelty_many,0.0,3,4,0.20962727024650693,0.16263737244526114,3.9854444238771625,1.218965066537929,0.2222275504163908
evogym,novelty_many,0.0,3,5,0.20962727024650693,0.14465612549291743,3.9854444238771625,1.0967125011846945,0.20085136199915943
evogym,novelty_many,0.0,3,6,0.20962727024650693,0.15873714736907293,3.9854444238771625,1.1158090453146374,0.20713815994333737
evogym,novelty_many,0.0,3,7,0.2145958551186936,0.15604817879419314,3.9854444238771625,1.0814233544663443,0.20179386424532422
evogym,novelty_many,0.0,3,8,0.2145958551186936,0.16317406921869573,3.9854444238771625,1.3480966011463262,0.19981031474932562
evogym,novelty_many,0.0,3,9,0.21830040616801533,0.1762104795514759,2.8069924884845103,1.212635248876,0.2077180962419843
evogym,novelty_many,0.0,3,10,0.21830040616801533,0.1771209580473707,3.1554713295190577,1.1436470933892031,0.21778397309863545
evogym,novelty_many,0.0,3,11,0.22061987179334414,0.1732360833030791,3.3780635789495252,1.0225970184963198,0.23322449463927103
evogym,novelty_many,0.0,3,12,0.19511814588861862,0.16111743776253437,3.3780635789495252,1.1227086719236397,0.22186102509284203
evogym,novelty_many,0.0,3,13,0.20825856192541659,0.16534381192662834,2.8163155115501497,1.1297937357523908,0.2137192443174679
evogym,novelty_many,0.0,3,14,0.2160169593363544,0.16559973314180929,2.8163155115501497,1.2667292088714908,0.21071495865135187
evogym,novelty_many,0.0,3,15,0.22416474786578258,0.1696301426563491,3.329939403016489,1.3287985628364614,0.205851979166273
evogym,novelty_many,0.0,3,16,0.23314023751846252,0.1834241571221839,3.329939403016489,1.1127881840443856,0.21029226149421065
evogym,novelty_many,0.0,3,17,0.23314023751846252,0.19835481439132024,3.329939403016489,1.169476922712996,0.22215965268233587
evogym,novelty_many,0.0,3,18,0.23530909014383888,0.1966118710133337,2.2052246392531076,0.8269563575895938,0.22833132021183747
evogym,novelty_many,0.0,3,19,0.23530909014383888,0.1900493247344765,2.6345758859843427,0.8188958720937503,0.23477975815975438
evogym,novelty_many,0.0,3,20,0.2232502616383713,0.1851137165611792,2.6345758859843427,0.7606327101580427,0.2307938025297862
evogym,novelty_many,0.0,3,21,0.2232502616383713,0.19275133163299213,2.6345758859843427,1.0011543347334835,0.23645997076854366
evogym,novelty_many,0.0,3,22,0.2232502616383713,0.18779164600999343,2.659307628567832,1.0680119085368276,0.24930510671173217
evogym,novelty_many,0.0,3,23,0.22139190181013452,0.16928191722331756,2.670166006711129,0.8204502485578473,0.23452309825803225
evogym,novelty_many,0.0,3,24,0.2346836530601402,0.18204506314989496,2.9232860926507693,0.9730943613030888,0.2341998540950938
evogym,novelty_many,0.0,3,25,0.2346836530601402,0.1823755087322913,2.9232860926507693,0.9296575455242344,0.24636424589875922
evogym,novelty_many,0.0,3,26,0.3431187340119405,0.1702622079139136,2.950505008793669,1.1741406063161792,0.22653139000876849
evogym,novelty_many,0.0,3,27,0.3431187340119405,0.17811186508888435,2.7803064655716723,0.8247835993961561,0.2273928008919417
evogym,novelty_many,0.0,3,28,0.3431187340119405,0.19450849864665087,2.7803064655716723,0.6923906266072986,0.23241303191095972
evogym,novelty_many,0.0,3,29,0.3431187340119405,0.2149518494584619,2.8820651063175386,0.7527326338766166,0.2395038343816252
evogym,novelty_many,0.0,3,30,0.3431187340119405,0.2062398386114952,3.4321355185639857,0.7342414643513809,0.22156953482412006
evogym,novelty_many,0.5,1,0,0.38615695551802126,0.17835590075537652,7.371858699131623,1.6197087854642376,0.24516505329102914
evogym,novelty_many,0.5,1,1,0.38615695551802126,0.17835590075537652,7.371858699131623,1.6197087854642376,0.24516505329102914
evogym,novelty_many,0.5,1,2,0.4975970885436472,0.20457438769560748,9.507271542505872,2.158482278574082,0.21852858664867164
evogym,novelty_many,0.5,1,3,0.49830091075078,0.28762842806634326,9.507271542505872,3.9207920204570264,0.188788558206085
evogym,novelty_many,0.5,1,4,0.5231658268541578,0.36061932800585283,9.524125936141703,5.681979768868364,0.14585408679201012
evogym,novelty_many,0.5,1,5,0.5387719084429453,0.43082144116709015,9.545158508465079,7.3487227469005365,0.11231568509271908
evogym,novelty_many,0.5,1,6,0.5387719084429453,0.46615289024373113,9.545879746887739,8.224500127589142,0.09384983370865464
evogym,novelty_many,0.5,1,7,0.5387719084429453,0.4568723261896122,9.553182445592157,8.098059102289298,0.08720044342345544
evogym,novelty_many,0.5,1,8,0.5433180062200247,0.4820771344372189,9.565761478415153,8.63739348161811,0.07928266494026352
evogym,novelty_many,0.5,1,9,0.5433180062200247,0.4519139849255085,9.565761478415153,7.868532403119775,0.10409900919108847
evogym,novelty_many,0.5,1,10,0.5433180062200247,0.45914395253873536,9.565761478415153,8.100505608451785,0.09103707759712981
evogym,novelty_many,0.5,1,11,0.5433180062200247,0.46711148642158495,9.565761478415153,8.202433063108447,0.09241267326121064
evogym,novelty_many,0.5,1,12,0.5789659598544522,0.4747113740958587,9.565761478415153,8.307980519118491,0.09009171395848552
evogym,novelty_many,0.5,1,13,0.5789659598544522,0.48983090688170466,9.565761478415153,8.493279555408273,0.0993555902507673
evogym,novelty_many,0.5,1,14,0.5789659598544522,0.4590649856728537,9.565761478415153,7.851053507193176,0.10294512669998193
evogym,novelty_many,0.5,1,15,0.5789659598544522,0.4642775543468661,9.565761478415153,7.951460245070459,0.10340353312841688
evogym,novelty_many,0.5,1,16,0.5789659598544522,0.47229369038649055,9.565761478415153,8.097231111650895,0.10597615262032511
evogym,novelty_many,0.5,1,17,0.5789659598544522,0.4835542229835797,9.565761478415153,8.32673838787788,0.10431207353782204
evogym,novelty_many,0.5,1,18,0.5789659598544522,0.4734904339270877,9.565761478415153,8.119644724595132,0.10504465384303618
evogym,novelty_many,0.5,1,19,0.5789659598544522,0.4716209342573392,9.565761478415153,8.064449123839086,0.10807251661560627
evogym,novelty_many,0.5,1,20,0.5789659598544522,0.4548749838629343,9.565761478415153,7.7202387843601725,0.11109693375463929
evogym,novelty_many,0.5,1,21,0.5789659598544522,0.4909702782351091,9.565761478415153,8.428702514724346,0.113425361628714
evogym,novelty_many,0.5,1,22,0.5789659598544522,0.48579305577586795,9.565761478415153,8.349362525878032,0.11243255683793991
evogym,novelty_many,0.5,1,23,0.5789659598544522,0.47856342930953116,9.565761478415153,8.167531453172312,0.1148085680355572
evogym,novelty_many,0.5,1,24,0.5789659598544522,0.4753289886801758,9.565761478415153,8.046589165332186,0.12304796158326499
evogym,novelty_many,0.5,1,25,0.5789659598544522,0.46857071444470666,9.565761478415153,7.921401873329744,0.12086431130105642
evogym,novelty_many,0.5,1,26,0.5789659598544522,0.46054694332880475,9.565761478415153,7.71037313238331,0.12631498740254182
evogym,novelty_many,0.5,1,27,0.5789659598544522,0.49300956498585113,9.565761478415153,8.386692081337928,0.12030777106249198
evogym,novelty_many,0.5,1,28,0.5789659598544522,0.4746478348787019,9.565761478415153,7.99746832618969,0.12208200100020188
evogym,novelty_many,0.5,1,29,0.5789659598544522,0.484725192383313,9.565761478415153,8.187612825163306,0.12125210654663539
evogym,novelty_many,0.5,1,30,0.5789659598544522,0.49695886383913246,9.55928148210537,8.375938844180055,0.1235538519835339
evogym,novelty_many,0.5,2,0,0.393674614072438,0.27676535779247546,3.866118667983052,1.7787593488707412,0.2283862825581479
evogym,novelty_many,0.5,2,1,0.393674614072438,0.27676535779247546,3.866118667983052,1.7787593488707412,0.2283862825581479
evogym,novelty_many,0.5,2,2,0.426143212859062,0.28159644609537,3.9184755424844657,1.9248314175356593,0.2030420233467241
evogym,novelty_many,0.5,2,3,0.426143212859062,0.3039628200655418,5.7793490339131335,2.538427999839033,0.19552909091062784
evogym,novelty_many,0.5,2,4,0.43661422250767057,0.346966189344516,5.7793490339131335,3.1763709865582443,0.18269697120129064
evogym,novelty_many,0.5,2,5,0.44352836602954787,0.37631855669195174,5.7959549059516995,3.8086530914238397,0.16004084712197222
evogym,novelty_many,0.5,2,6,0.44475636961068377,0.3883363045874592,5.7959549059516995,4.039898796028701,0.14871718541042325
evogym,novelty_many,0.5,2,7,0.44475636961068377,0.39406089960097457,6.534380609311204,4.578085997462208,0.1485531645452912
evogym,novelty_many,0.5,2,8,0.45742233787816144,0.39871005615459393,6.78920712558218,4.899451041503411,0.14799524741732956
evogym,novelty_many,0.5,2,9,0.45742233787816144,0.382108963628179,7.368842768928202,4.965540262562181,0.13834788516052646
evogym,novelty_many,0.5,2,10,0.45742233787816144,0.3760020709810142,7.368842768928202,4.78139435859999,0.1479215409801639
evogym,novelty_many,0.5,2,11,0.5067565305820383,0.3750247868503762,7.368842768928202,4.8796694851441655,0.1474787283069978
evogym,novelty_many,0.5,2,12,0.5067565305820383,0.38690478067452866,7.368842768928202,5.156901341174616,0.14937243951773455
evogym,novelty_many,0.5,2,13,0.5067565305820383,0.3816142155715866,7.554008947303209,5.295000669242414,0.14578630954543353
evogym,novelty_many,0.5,2,14,0.516669244661154,0.3698243034760528,9.165322588797446,5.733900649365497,0.12455020569864898
evogym,novelty_many,0.5,2,15,0.516669244661154,0.37555487984178526,9.165322588797446,5.856952348318325,0.12191075312375374
evogym,novelty_many,0.5,2,16,0.516669244661154,0.3859622719744874,9.165322588797446,6.289803956566231,0.09988710226095766
evogym,novelty_many,0.5,2,17,0.516669244661154,0.37333996998408947,9.165322588797446,5.892876807708043,0.11143525712889266
evogym,novelty_many,0.5,2,18,0.516669244661154,0.36795564205592995,9.165322588797446,5.89224655987437,0.1019923419840277
evogym,novelty_many,0.5,2,19,0.516669244661154,0.3758658984751814,9.165322588797446,5.991322907499938,0.10631007542098121
evogym,novelty_many,0.5,2,20,0.516669244661154,0.3798086002245712,9.165322588797446,6.111580061496221,0.10195829983308194
evogym,novelty_many,0.5,2,21,0.516669244661154,0.3969217943424384,9.165322588797446,6.477148676942349,0.09772824516197992
evogym,novelty_many,0.5,2,22,0.516669244661154,0.3845785169290035,9.165322588797446,6.2476383825891695,0.09592218598477263
evogym,novelty_many,0.5,2,23,0.516669244661154,0.3864272241199966,9.165322588797446,6.299499565569064,0.09446600422056964
evogym,novelty_many,0.5,2,24,0.516669244661154,0.3930487372200061,9.165322588797446,6.486860684907889,0.08778205152295152
evogym,novelty_many,0.5,2,25,0.516669244661154,0.39606058943667766,9.165322588797446,6.495375262438239,0.09137464541014888
evogym,novelty_many,0.5,2,26,0.516669244661154,0.36522522974001004,9.165322588797446,5.941306078123938,0.0875740541219003
evogym,novelty_many,0.5,2,27,0.516669244661154,0.38107533355300305,9.165322588797446,6.31133144703762,0.07928805783602277
evogym,novelty_many,0.5,2,28,0.516669244661154,0.3764906572223141,9.165322588797446,6.2038854201078255,0.08180723024360982
evogym,novelty_many,0.5,2,29,0.516669244661154,0.3877126127810922,9.165322588797446,6.397012607171718,0.08403793678712626
evogym,novelty_many,0.5,2,30,0.516669244661154,0.4112217828755919,9.165322588797446,6.947741273689834,0.07184859234320524
evogym,novelty_many,0.5,3,0,0.3836668602964894,0.23808739865188108,3.264561029809992,1.3714941142008332,0.2322352829923881
evogym,novelty_many,0.5,3,1,0.3836668602964894,0.23808739865188108,3.264561029809992,1.3714941142008332,0.2322352829923881
evogym,novelty_many,0.5,3,2,0.3836668602964894,0.25068132201103976,4.691395281941517,1.5657258762597275,0.2037047029511838
evogym,novelty_many,0.5,3,3,0.3836668602964894,0.2938843175685,4.691395281941517,2.131371983169781,0.1820804358496274
evogym,novelty_many,0.5,3,4,0.3889683813445062,0.3248811111036087,4.916323265291496,2.707947095672091,0.1622866399325137
evogym,novelty_many,0.5,3,5,0.40834115255469233,0.33815259750825777,4.916323265291496,3.0651416077554225,0.14695995153294875
evogym,novelty_many,0.5,3,6,0.40834115255469233,0.3215731382392496,5.846591222590688,3.2332315763620443,0.13209960068911575
evogym,novelty_many,0.5,3,7,0.40834115255469233,0.3447796411815436,5.846591222590688,3.6185523101919372,0.1364019619849482
evogym,novelty_many,0.5,3,8,0.40834115255469233,0.35239115541203225,6.232352885639794,3.954122444141601,0.12820543430442974
evogym,novelty_many,0.5,3,9,0.40834115255469233,0.3491527470576696,6.232352885639794,4.0227523257361275,0.12942005478855703
evogym,novelty_many,0.5,3,10,0.43785010572056166,0.35184669625403053,7.224423359232164,4.483258253085608,0.12507197074836468
evogym,novelty_many,0.5,3,11,0.45507740183247014,0.36664913215281336,7.224423359232164,4.911912855848123,0.12445583011328806
evogym,novelty_many,0.5,3,12,0.46237287083436235,0.36324596320441577,8.127370907885036,5.262164635067942,0.12250768622743072
evogym,novelty_many,0.5,3,13,0.4880212102534044,0.37484865680888974,8.127370907885036,5.5646872457696945,0.13273797596219633
evogym,novelty_many,0.5,3,14,0.5098251271606923,0.3787040022220056,9.588946092943099,6.108982292123789,0.13002137724673785
evogym,novelty_many,0.5,3,15,0.5098251271606923,0.38548394729450886,9.588946092943099,6.193268782390166,0.13488972001790128
evogym,novelty_many,0.5,3,16,0.5113711199189979,0.42461671439025706,9.588946092943099,7.013711840028364,0.12894577413461167
evogym,novelty_many,0.5,3,17,0.5497846389339192,0.42969550925737965,9.588946092943099,7.1010860225444485,0.12422371224573978
evogym,novelty_many,0.5,3,18,0.5497846389339192,0.44573515279615405,9.588946092943099,7.480786566721323,0.12065682513773272
evogym,novelty_many,0.5,3,19,0.5497846389339192,0.4670995655122937,9.588946092943099,7.9519559890800435,0.11471365144983312
evogym,novelty_many,0.5,3,20,0.5650636425234079,0.4707798151615357,9.588946092943099,8.05709203987862,0.110637440601726
evogym,novelty_many,0.5,3,21,0.5650636425234079,0.46732585187866366,9.589077687843833,8.01615731441745,0.10974646027504464
evogym,novelty_many,0.5,3,22,0.5650636425234079,0.46877955993935955,9.592075578821026,8.08371936252276,0.10533505612496903
evogym,novelty_many,0.5,3,23,0.5650636425234079,0.48251159081394424,9.593217038481274,8.291080770074348,0.11384814484351387
evogym,novelty_many,0.5,3,24,0.5650636425234079,0.4923851255692858,9.593217038481274,8.551670835301474,0.1089485449258103
evogym,novelty_many,0.5,3,25,0.5650636425234079,0.491751020973508,9.596389309854525,8.384372083915975,0.11677086588551719
evogym,novelty_many,0.5,3,26,0.5650636425234079,0.49971705909530983,9.596389309854525,8.504821791003732,0.11788719308035064
evogym,novelty_many,0.5,3,27,0.5658879603319175,0.4863175824538707,9.596389309854525,8.189889731180953,0.1234860208367343
evogym,novelty_many,0.5,3,28,0.5755786477058158,0.47763585952235116,9.59632454743058,8.064026470068901,0.11812510299039472
evogym,novelty_many,0.5,3,29,0.5755786477058158,0.4982968448749852,9.60270855018713,8.43160522603075,0.1213474658451574
evogym,novelty_many,0.5,3,30,0.5755786477058158,0.5044449718966412,9.60270855018713,8.54694370035486,0.11966522259477715
evogym,novelty_many,1.0,1,0,0.5845977465077141,0.3137060841748838,4.116570784473393,1.6610590616353023,0.2288810770798611
evogym,novelty_many,1.0,1,1,0.5845977465077141,0.3137060841748838,4.116570784473393,1.6610590616353023,0.2288810770798611
evogym,novelty_many,1.0,1,2,0.5950123495053566,0.37023198752272535,4.862746785463984,2.014564154758999,0.19359779949285877
evogym,novelty_many,1.0,1,3,0.6505441644979831,0.4916610526530575,4.862746785463984,2.89883501819106,0.16274551118245914
evogym,novelty_many,1.0,1,4,0.7052398878730436,0.5218198318139333,6.281923795236502,3.60804712338726,0.13921631787754948
evogym,novelty_many,1.0,1,5,0.7905378250394087,0.5570705297095252,7.0417151093466845,4.192922170125856,0.1374696886065449
evogym,novelty_many,1.0,1,6,0.7915774662845951,0.5998961795255423,7.0509757129922646,4.750647911624181,0.1276513747873967
evogym,novelty_many,1.0,1,7,0.869067502966463,0.59764030909761,8.318300820256162,5.190315146241961,0.11361304544327726
evogym,novelty_many,1.0,1,8,0.9305209299024393,0.6483516726161429,8.907499282524086,5.806121785692239,0.09217394780240705
evogym,novelty_many,1.0,1,9,0.9305209299024393,0.6796301037829482,8.907499282524086,6.121413509130277,0.09570579443815704
evogym,novelty_many,1.0,1,10,0.9305209299024393,0.7131848563551735,8.907499282524086,6.481183963376205,0.08845045521308986
evogym,novelty_many,1.0,1,11,0.9305209299024393,0.7737976760031542,8.907499282524086,7.135888155199298,0.07842261243439656
evogym,novelty_many,1.0,1,12,0.9442535119443368,0.7464410362617054,9.038955718112515,6.975423364202402,0.08084776309586236
evogym,novelty_many,1.0,1,13,0.9973795237291576,0.7593195419478304,9.552263107208528,7.262127057542036,0.07788356433031508
evogym,novelty_many,1.0,1,14,0.9993906524754197,0.747206307053971,9.571524411927255,7.152442325673451,0.08566262104834291
evogym,novelty_many,1.0,1,15,0.9993906524754197,0.7847647567342528,9.571524411927255,7.5121938488662225,0.09923091321903568
evogym,novelty_many,1.0,1,16,0.9995023550670717,0.7812371491497592,9.572594227899843,7.478882504407143,0.09983045679030612
evogym,novelty_many,1.0,1,17,0.9995023550670717,0.8052052588323011,9.572594227899843,7.708676115762707,0.09878646342863169
evogym,novelty_many,1.0,1,18,0.9995023550670717,0.8261140856067263,9.572594227899843,7.9092437607426875,0.0901372254390607
evogym,novelty_many,1.0,1,19,0.9995023550670717,0.7965463710507878,9.572594227899843,7.626323025246977,0.08262306092989949
evogym,novelty_many,1.0,1,20,0.9995023550670717,0.814341559698432,9.572594227899843,7.796907091558447,0.08762838105092695
evogym,novelty_many,1.0,1,21,0.9995023550670717,0.8678025283748942,9.572594227899843,8.308845453375483,0.07398986639900665
evogym,novelty_many,1.0,1,22,0.9995023550670717,0.8419985506117085,9.572594227899843,8.062191016064425,0.0779423085455675
evogym,novelty_many,1.0,1,23,0.9995023550670717,0.8689972230268543,9.572594227899843,8.32093560594946,0.06528698896633968
evogym,novelty_many,1.0,1,24,1.0,0.8081025348775267,9.577360352750217,7.739489178492974,0.07540201022065701
evogym,novelty_many,1.0,1,25,1.0,0.8636112192131057,9.577360352750217,8.271115851081879,0.06910228666539275
evogym,novelty_many,1.0,1,26,1.0,0.8619912311564455,9.577360352750217,8.255600641696088,0.06358432356140752
evogym,novelty_many,1.0,1,27,1.0,0.8313288515405057,9.577360352750217,7.961935982841406,0.06816914803131796
evogym,novelty_many,1.0,1,28,1.0,0.814494213968698,9.577360352750217,7.800704592408256,0.06630786109122026
evogym,novelty_many,1.0,1,29,1.0,0.8274789127944832,9.577360352750217,7.925063732134733,0.06301319706340514
evogym,novelty_many,1.0,1,30,1.0,0.7905680050738181,9.577360352750217,7.571554667946816,0.0706967511330152
evogym,novelty_many,1.0,2,0,0.8181802582296472,0.3364640676499017,4.596001311921057,1.7055171084882232,0.22660513611984284
evogym,novelty_many,1.0,2,1,0.8181802582296472,0.3364640676499017,4.596001311921057,1.7055171084882232,0.22660513611984284
evogym,novelty_many,1.0,2,2,0.833503762544082,0.3742955081524447,4.682078732176537,1.9219076443000724,0.20467430712023388
evogym,novelty_many,1.0,2,3,0.833503762544082,0.5133699419784776,5.24299977771158,2.807535957214631,0.1698904760150117
evogym,novelty_many,1.0,2,4,0.833503762544082,0.6128394819299253,5.250138287267648,3.3923109220583805,0.14658495196855328
evogym,novelty_many,1.0,2,5,0.833503762544082,0.6420840524972209,5.513776099853015,3.6881303309530926,0.1301162559282013
evogym,novelty_many,1.0,2,6,0.833503762544082,0.6606826631835193,5.617345646869726,3.929448027364404,0.12425196440050446
evogym,novelty_many,1.0,2,7,0.833503762544082,0.7010915225735738,5.617345646869726,4.325472572673582,0.12015755334996617
evogym,novelty_many,1.0,2,8,0.833503762544082,0.6589972547811265,5.617345646869726,4.245368745051385,0.10813054785312604
evogym,novelty_many,1.0,2,9,0.8445664038416681,0.6678962920641182,6.742072829139799,4.713756382848754,0.10170877358634436
evogym,novelty_many,1.0,2,10,0.9108347587506821,0.6584693323003641,7.271085199311719,4.822753988687691,0.10211709411668832
evogym,novelty_many,1.0,2,11,0.9108347587506821,0.6541369192353355,7.271085199311719,4.8132016417488455,0.09607476292772921
evogym,novelty_many,1.0,2,12,0.9108347587506821,0.6836391358339713,7.271085199311719,5.07533323942623,0.09057480038546997
evogym,novelty_many,1.0,2,13,0.9108347587506821,0.6883230055856328,7.271085199311719,5.150003302340431,0.09480283740128574
evogym,novelty_many,1.0,2,14,0.9108347587506821,0.6646404540674483,7.271085199311719,5.026366731285957,0.09295801743910756
evogym,novelty_many,1.0,2,15,0.9108347587506821,0.6916736797881061,7.271085199311719,5.292810938922408,0.09728288415237457
evogym,novelty_many,1.0,2,16,0.9749241169860514,0.7157912495562206,7.782702899033405,5.6536868045373,0.08896877514368039
evogym,novelty_many,1.0,2,17,1.0,0.7099724886413867,7.982880681107158,5.667625663692896,0.07617925249962512
evogym,novelty_many,1.0,2,18,1.0,0.6019939033485378,7.982880681107158,4.805645501185326,0.061121482788591364
evogym,novelty_many,1.0,2,19,1.0,0.6373534529608748,7.982880681107158,5.087916566678304,0.05970910364230644
evogym,novelty_many,1.0,2,20,1.0,0.6343327882832777,7.982880681107158,5.063802960979411,0.07092187946623393
evogym,novelty_many,1.0,2,21,1.0,0.646438619191833,7.982880681107158,5.160442364668068,0.0683801559034943
evogym,novelty_many,1.0,2,22,1.0,0.644383431170499,7.982880681107158,5.1440360439165165,0.06533460810944625
evogym,novelty_many,1.0,2,23,1.0,0.691943746838295,7.982880681107158,5.523704369048324,0.06770187365916842
evogym,novelty_many,1.0,2,24,1.0,0.6774375251541562,7.982880681107158,5.407902932210158,0.08224918888455468
evogym,novelty_many,1.0,2,25,1.0,0.7112943250701098,7.982880681107158,5.678177726183335,0.07122444084297626
evogym,novelty_many,1.0,2,26,1.0,0.7015992167573699,7.982880681107158,5.600782833332319,0.07327385513923841
evogym,novelty_many,1.0,2,27,1.0,0.6988785325580021,7.982880681107158,5.57906393599779,0.06169458680258795
evogym,novelty_many,1.0,2,28,1.0,0.7182611179294411,7.982880681107158,5.733792802309364,0.06440772216160669
evogym,novelty_many,1.0,2,29,1.0,0.7492272121423855,7.982880681107158,5.980991437571224,0.0583181909311418
evogym,novelty_many,1.0,2,30,1.0,0.7299311349734682,7.982880681107158,5.82695315591832,0.06320422902709052
evogym,novelty_many,1.0,3,0,0.6217441305606964,0.30993233609374987,4.204808241400908,1.511778876519756,0.24736828428463822
evogym,novelty_many,1.0,3,1,0.6217441305606964,0.30993233609374987,4.204808241400908,1.511778876519756,0.24736828428463822
evogym,novelty_many,1.0,3,2,0.6217441305606964,0.3353330914948232,4.204808241400908,1.6699249929658841,0.21330384057260585
evogym,novelty_many,1.0,3,3,0.6224515501197317,0.4292635752552094,4.996018523568709,2.328290957913274,0.17979594756921408
evogym,novelty_many,1.0,3,4,0.6766761892016923,0.481212836531893,4.996018523568709,2.8705427863224786,0.152254826314854
evogym,novelty_many,1.0,3,5,0.7727497375834002,0.5052443756196676,6.762923901845219,3.500596264363754,0.13603788652058318
evogym,novelty_many,1.0,3,6,0.7727497375834002,0.5546300831959524,6.762923901845219,3.990465679994094,0.12104265284614737
evogym,novelty_many,1.0,3,7,0.7727497375834002,0.6051197275120141,6.762923901845219,4.569973372869285,0.1125569172579352
evogym,novelty_many,1.0,3,8,0.8932221579426404,0.6447823016625928,8.026357268461616,5.313812175245284,0.09107480703066527
evogym,novelty_many,1.0,3,9,0.9021192595086795,0.6477512696027589,8.026357268461616,5.388768036357727,0.10528268405022487
evogym,novelty_many,1.0,3,10,0.9021192595086795,0.696709280011939,8.026357268461616,5.878083653426755,0.08493178884239874
evogym,novelty_many,1.0,3,11,0.9352020923054393,0.6785328339089738,8.751764734330072,5.979781335360598,0.08494969613829381
evogym,novelty_many,1.0,3,12,0.9352020923054393,0.7000618053295538,8.751764734330072,6.193838530785342,0.07035974731959041
evogym,novelty_many,1.0,3,13,0.9352020923054393,0.7418320936190204,8.751764734330072,6.615941264741169,0.07557565038984793
evogym,novelty_many,1.0,3,14,0.9352020923054393,0.785943587128902,8.751764734330072,7.0900634710505654,0.059617908636350095
evogym,novelty_many,1.0,3,15,0.9516728095079124,0.7649339668667892,8.98584657477456,7.037233991367802,0.05463530616924557
evogym,novelty_many,1.0,3,16,0.9516728095079124,0.7644302350668455,8.98584657477456,7.036760334133959,0.052231408699977735
evogym,novelty_many,1.0,3,17,0.9796274420072382,0.7702641413841783,9.339804826933548,7.201322029255491,0.0497952769333775
evogym,novelty_many,1.0,3,18,0.9796274420072382,0.7926952173408287,9.339804826933548,7.4254510199632175,0.04709908072152584
evogym,novelty_many,1.0,3,19,0.9796274420072382,0.769646278007113,9.339804826933548,7.211468653875282,0.05757258963746269
evogym,novelty_many,1.0,3,20,0.9815519859410985,0.7816174164204799,9.358153501084901,7.3312211380467645,0.05567033591686941
evogym,novelty_many,1.0,3,21,0.9815519859410985,0.8071889938383515,9.358153501084901,7.574790796103292,0.048031534167172
evogym,novelty_many,1.0,3,22,0.9815519859410985,0.775407555400552,9.358153501084901,7.281593055663672,0.05361676750315737
evogym,novelty_many,1.0,3,23,0.9815519859410985,0.8097416589105955,9.358153501084901,7.616779442102083,0.04672473230756557
evogym,novelty_many,1.0,3,24,0.9815519859410985,0.7908528002462959,9.358153501084901,7.448052558879226,0.05195012265837347
evogym,novelty_many,1.0,3,25,0.9815519859410985,0.7841854915318225,9.358153501084901,7.3982245992692075,0.05290486283633759
evogym,novelty_many,1.0,3,26,0.9903631658681327,0.8171002105168247,9.442159621457431,7.745154449317063,0.04622569082468131
evogym,novelty_many,1.0,3,27,0.9903631658681327,0.8220599686294188,9.442159621457431,7.8066813705911695,0.04687222570498875
evogym,novelty_many,1.0,3,28,1.0,0.8039083391353368,9.534037560030438,7.664492300137991,0.051934672640863475
evogym,novelty_many,1.0,3,29,1.0,0.8017170707850323,9.534037560030438,7.643600665382084,0.04924671290613392
evogym,novelty_many,1.0,3,30,1.0,0.8205944588129228,9.534037560030438,7.823578391875254,0.035667361650653
