domain,scheme,x,rep,gen,best_fitness,mean_fitness,best_distance,mean_distance,mean_novelty
evogym,darwinian,0.1,1,0,0.22706092104895614,0.19495482938650452,2.7306701818861505,1.509576101211944,0.2364754456005007
evogym,darwinian,0.1,1,1,0.22706092104895614,0.19495482938650452,2.7306701818861505,1.509576101211944,0.2364754456005007
evogym,darwinian,0.1,1,2,0.22706092104895614,0.19436033923761128,3.694489648607236,1.6451757195068761,0.20955721021897653
evogym,darwinian,0.1,1,3,0.22706092104895614,0.19963983003119368,3.694489648607236,1.7871625117948977,0.21270132382803367
evogym,darwinian,0.1,1,4,0.22607917001883818,0.19294996244965876,4.0534055505936415,1.7834733724414238,0.2136097672056878
evogym,darwinian,0.1,1,5,0.22203710218796507,0.19837184408444727,4.293171279350846,1.9114999204817817,0.2127791479414421
evogym,darwinian,0.1,1,6,0.22417147168651014,0.19505071519356615,5.442293943055208,1.9729907456358693,0.21165904101431363
evogym,darwinian,0.1,1,7,0.2264639947763376,0.19776609971583534,5.442293943055208,2.153739877197961,0.20482813130886995
evogym,darwinian,0.1,1,8,0.24719854808888556,0.2017555358410857,5.442293943055208,2.043743553150354,0.2102682807737811
evogym,darwinian,0.1,1,9,0.24719854808888556,0.20681998796438728,5.442293943055208,2.2211986602398333,0.21361641833962258
evogym,darwinian,0.1,1,10,0.24719854808888556,0.20844802352135808,5.442293943055208,1.9490555752697039,0.22475711643004187
evogym,darwinian,0.1,1,11,0.24719854808888556,0.20115995217439,5.442293943055208,1.8800374518718357,0.225434767599119
evogym,darwinian,0.1,1,12,0.24719854808888556,0.20390396225370305,5.442293943055208,2.1264115619010115,0.22208038836112437
evogym,darwinian,0.1,1,13,0.24719854808888556,0.20427243167446002,5.442293943055208,1.972923323916298,0.22453053773523166
evogym,darwinian,0.1,1,14,0.24719854808888556,0.20295226670317484,5.442293943055208,2.5896719746858547,0.20920414544842098
evogym,darwinian,0.1,1,15,0.24719854808888556,0.20930229278850487,5.442293943055208,1.9595674134331227,0.22531110713633523
evogym,darwinian,0.1,1,16,0.24719854808888556,0.2101293478656145,5.442293943055208,2.6949945321334,0.21470833387427501
evogym,darwinian,0.1,1,17,0.24719854808888556,0.2097418332246001,5.442293943055208,2.3723591015822456,0.22444483477523428
evogym,darwinian,0.1,1,18,0.24719854808888556,0.20635135267692212,5.442293943055208,2.0636808995209783,0.2224086614059631
evogym,darwinian,0.1,1,19,0.2635440881810298,0.21120226393422117,5.442293943055208,2.4533003731972043,0.21491825297771877
evogym,darwinian,0.1,1,20,0.271085539018578,0.2078826633575798,5.442293943055208,2.120856099896188,0.2265651401253855
evogym,darwinian,0.1,1,21,0.271085539018578,0.20890923054667193,5.442293943055208,2.567214229990676,0.21843338207591873
evogym,darwinian,0.1,1,22,0.271085539018578,0.20700677316721613,5.442293943055208,2.3498134941670905,0.22972360623771268
evogym,darwinian,0.1,1,23,0.271085539018578,0.18932747766821434,5.442293943055208,1.997904998747193,0.22930645587139895
evogym,darwinian,0.1,1,24,0.271085539018578,0.18292442174206164,4.883287637252652,1.9104030836239185,0.2208184202767262
evogym,darwinian,0.1,1,25,0.2833649353619875,0.19484522571416726,5.334388755168829,2.4274331571487138,0.20673363555301494
evogym,darwinian,0.1,1,26,0.28868712353198667,0.1997053336683659,5.334388755168829,1.7506624613860253,0.22558042460508218
evogym,darwinian,0.1,1,27,0.2925554417150125,0.20406942867385341,5.334388755168829,2.6144513694340157,0.19271744473819014
evogym,darwinian,0.1,1,28,0.33073072113233876,0.22248847894457158,5.334388755168829,2.3172474616449366,0.21466372188486788
evogym,darwinian,0.1,1,29,0.33859117898723456,0.22436461460701396,5.334388755168829,2.4649642583966953,0.21779653261409027
evogym,darwinian,0.1,1,30,0.34419505387712035,0.22715658927851212,5.334388755168829,2.2979199296076436,0.2143501194965353
evogym,darwinian,0.1,2,0,0.22994379468493206,0.18249836854336274,4.374979076051742,1.602120115053507,0.21596860944148338
evogym,darwinian,0.1,2,1,0.22994379468493206,0.18249836854336274,4.374979076051742,1.602120115053507,0.21596860944148338
evogym,darwinian,0.1,2,2,0.22994379468493206,0.18249445678831258,4.374979076051742,1.5538544953483426,0.20289259846428806
evogym,darwinian,0.1,2,3,0.22994379468493206,0.18987623765314826,4.374979076051742,1.8831783896870395,0.20486623577776863
evogym,darwinian,0.1,2,4,0.2755474653169244,0.19219650516815256,4.5397533820741645,1.9380534138211178,0.20220184018739878
evogym,darwinian,0.1,2,5,0.2755474653169244,0.18921907720121567,4.5397533820741645,1.8940045905523661,0.20596012849914444
evogym,darwinian,0.1,2,6,0.2755474653169244,0.19291057739370188,4.5397533820741645,2.1761148855836083,0.19956897249539543
evogym,darwinian,0.1,2,7,0.2755474653169244,0.18760000706688573,5.097589072630799,2.1936291727122907,0.20037007247448005
evogym,darwinian,0.1,2,8,0.2755474653169244,0.1931455329011461,5.097589072630799,2.527541911065135,0.1972721724501791
evogym,darwinian,0.1,2,9,0.2755474653169244,0.1922158443542126,5.097589072630799,2.4913897968179843,0.19125049774469532
evogym,darwinian,0.1,2,10,0.2755474653169244,0.2065746455767658,4.5397533820741645,2.3713074867451054,0.2021167356384926
evogym,darwinian,0.1,2,11,0.2755474653169244,0.21023386587767737,4.788496032379022,2.5380099702863568,0.20387444980200561
evogym,darwinian,0.1,2,12,0.2755474653169244,0.21523479382677926,4.788496032379022,2.5939258300681165,0.20945329718752018
evogym,darwinian,0.1,2,13,0.2755474653169244,0.21159196198848723,4.788496032379022,2.192419804838471,0.2149897142735891
evogym,darwinian,0.1,2,14,0.2755474653169244,0.21631308965696414,4.788496032379022,2.5287131434047567,0.2144574310661497
evogym,darwinian,0.1,2,15,0.2755474653169244,0.21769384206739056,4.788496032379022,2.4945593447151304,0.21823168900162293
evogym,darwinian,0.1,2,16,0.2755474653169244,0.2153110437316293,4.788496032379022,2.5281259793809423,0.22214129567296648
evogym,darwinian,0.1,2,17,0.2755474653169244,0.21229999273073372,4.769756425504099,2.3426157463370356,0.21994416179697218
evogym,darwinian,0.1,2,18,0.2755474653169244,0.2049534801045076,4.769756425504099,2.1672187906627522,0.2221138894697748
evogym,darwinian,0.1,2,19,0.2755474653169244,0.20160676373995418,4.769756425504099,2.6348110891059875,0.20631744554513634
evogym,darwinian,0.1,2,20,0.2755474653169244,0.20174077817330857,4.769756425504099,2.3566034006993974,0.21477978111279508
evogym,darwinian,0.1,2,21,0.2755474653169244,0.20728754218156614,4.5397533820741645,2.540306180266511,0.2138965911725267
evogym,darwinian,0.1,2,22,0.3338848240326743,0.21109523167493277,4.5397533820741645,2.1992780499743363,0.2217969602686153
evogym,darwinian,0.1,2,23,0.3338848240326743,0.21666306095706706,4.5397533820741645,2.4902950264572383,0.21096996998963252
evogym,darwinian,0.1,2,24,0.3338848240326743,0.21616168730545696,4.5397533820741645,2.628598324700804,0.20441705560073364
evogym,darwinian,0.1,2,25,0.3338848240326743,0.21285770553563582,4.5397533820741645,2.509254157847598,0.19961444851200622
evogym,darwinian,0.1,2,26,0.3338848240326743,0.22235817540102687,4.5397533820741645,2.508277195716457,0.20295496405622732
evogym,darwinian,0.1,2,27,0.3338848240326743,0.23418066266411675,4.5397533820741645,2.601950291100026,0.20702809082918874
evogym,darwinian,0.1,2,28,0.3338848240326743,0.24220620401578136,4.5397533820741645,2.6722700956432037,0.21485182992701596
evogym,darwinian,0.1,2,29,0.3338848240326743,0.2489793097081133,4.5397533820741645,2.5968509088057696,0.22509436367324165
evogym,darwinian,0.1,2,30,0.3338848240326743,0.2513142563188609,4.772356328221951,2.625011547817912,0.22452432681771284
evogym,darwinian,0.1,3,0,0.2045947720506503,0.17940984718460898,2.673996627972938,1.4875707375110712,0.2284956831002288
evogym,darwinian,0.1,3,1,0.2045947720506503,0.17940984718460898,2.673996627972938,1.4875707375110712,0.2284956831002288
evogym,darwinian,0.1,3,2,0.2283968030249392,0.18139552696271355,3.718649458822537,1.636730506381907,0.20228955193084186
evogym,darwinian,0.1,3,3,0.2283968030249392,0.18742213192019372,3.718649458822537,1.6447586447881413,0.20823394913313292
evogym,darwinian,0.1,3,4,0.22866059553170437,0.17537922141108453,4.8596876309796055,2.0776275637823973,0.18823073716578825
evogym,darwinian,0.1,3,5,0.22866059553170437,0.17967491236689273,4.8596876309796055,1.9955118631456306,0.1922261998740054
evogym,darwinian,0.1,3,6,0.22866059553170437,0.17950143734362922,4.8596876309796055,2.009832462479471,0.18968170734587142
evogym,darwinian,0.1,3,7,0.22866059553170437,0.18764096333901756,4.8596876309796055,2.147988596990361,0.19659151768226651
evogym,darwinian,0.1,3,8,0.22866059553170437,0.18382573699052138,4.995100050603363,2.406950449821742,0.1909998539967766
evogym,darwinian,0.1,3,9,0.23211035713983771,0.19197535263208318,4.995100050603363,2.266955961583954,0.1956885009017646
evogym,darwinian,0.1,3,10,0.23211035713983771,0.19300675858260002,4.995100050603363,2.348971420863974,0.1952784259859082
evogym,darwinian,0.1,3,11,0.23211035713983771,0.19337574138569077,5.177537638048971,2.2474375323048053,0.20347323542044218
evogym,darwinian,0.1,3,12,0.23211035713983771,0.18436701032397543,5.943793749898107,2.605938483071235,0.18576385956645497
evogym,darwinian,0.1,3,13,0.23211035713983771,0.18950138087016816,5.943793749898107,2.415404996968784,0.19033293763270404
evogym,darwinian,0.1,3,14,0.23211035713983771,0.1897663451630598,5.943793749898107,2.4542528656337765,0.1921717085851707
evogym,darwinian,0.1,3,15,0.23211035713983771,0.2062797521868283,5.943793749898107,2.44780758609282,0.20763670657744773
evogym,darwinian,0.1,3,16,0.2902071575032952,0.2101070826086299,5.943793749898107,2.521476065459024,0.21774076230845507
evogym,darwinian,0.1,3,17,0.2902071575032952,0.2035598035529628,6.3166634552421685,2.737563763660762,0.21058167814109843
evogym,darwinian,0.1,3,18,0.2902071575032952,0.20698280637268054,6.3166634552421685,2.658193144174254,0.21600407567267163
evogym,darwinian,0.1,3,19,0.2902071575032952,0.20500159891496664,6.3166634552421685,2.705109550280947,0.21484267899326195
evogym,darwinian,0.1,3,20,0.2902071575032952,0.2022589123963429,6.3166634552421685,2.674573208292098,0.2138699459911994
evogym,darwinian,0.1,3,21,0.2902071575032952,0.20176270833697024,6.3166634552421685,2.5133223038163175,0.21449312284739105
evogym,darwinian,0.1,3,22,0.2902071575032952,0.20545778548235685,6.3166634552421685,2.4151868813161763,0.22260989358140765
evogym,darwinian,0.1,3,23,0.2902071575032952,0.20545417544710504,6.3166634552421685,2.8839952102701765,0.21243475760753125
evogym,darwinian,0.1,3,24,0.3010630539960475,0.2058479896151449,6.3166634552421685,2.534438496084369,0.22354263101567134
evogym,darwinian,0.1,3,25,0.3185816148904514,0.21108571965633605,6.3166634552421685,2.463965732627254,0.22900146268124688
evogym,darwinian,0.1,3,26,0.32001830514389484,0.20579041659262973,5.943793749898107,2.423748250087736,0.2256562128514099
evogym,darwinian,0.1,3,27,0.32001830514389484,0.20690701041081327,5.943793749898107,2.055621091092207,0.23165897665824006
evogym,darwinian,0.1,3,28,0.32001830514389484,0.20587945574437988,5.943793749898107,2.4567818674733406,0.21579467980613298
evogym,darwinian,0.1,3,29,0.34161929900614696,0.21437320370177826,6.5587654475539425,2.226930962539435,0.22610197831769246
evogym,darwinian,0.1,3,30,0.34161929900614696,0.2198731954947864,6.5587654475539425,2.470373421856977,0.21587418732974278
evogym,darwinian,0.25,1,0,0.27215623164788894,0.23967626740053957,3.012489129217817,1.6082160552550924,0.24395915355202455
evogym,darwinian,0.25,1,1,0.27215623164788894,0.23967626740053957,3.012489129217817,1.6082160552550924,0.24395915355202455
evogym,darwinian,0.25,1,2,0.2756533012236927,0.2370278121261374,3.012489129217817,1.5520386585045813,0.21152702000286167
evogym,darwinian,0.25,1,3,0.27878456083445224,0.2416610216404303,3.8001468540556487,1.929296049138197,0.2000286560161483
evogym,darwinian,0.25,1,4,0.27878456083445224,0.2495541150056677,3.8001468540556487,2.1395376872197285,0.19807459678103878
evogym,darwinian,0.25,1,5,0.27878456083445224,0.24300862114545466,4.559530260921653,2.4780603829420227,0.1789497938422309
evogym,darwinian,0.25,1,6,0.28439959271694415,0.24636976599453025,4.702374938036268,2.5706941165221773,0.18264841983759933
evogym,darwinian,0.25,1,7,0.28439959271694415,0.24273577328316392,4.759693423986558,2.7543717187619725,0.17123387703137988
evogym,darwinian,0.25,1,8,0.28439959271694415,0.24720960650814128,4.759693423986558,2.650553672572356,0.18934529914378856
evogym,darwinian,0.25,1,9,0.27802839075416663,0.2350657291887858,5.282390921696265,3.0680693479490744,0.1602432707968485
evogym,darwinian,0.25,1,10,0.27802839075416663,0.2425412156551722,5.282390921696265,2.9625177005599905,0.18141106732296078
evogym,darwinian,0.25,1,11,0.34459298520231313,0.2343894430017083,6.815150578300034,3.129996563926492,0.17803157006134732
evogym,darwinian,0.25,1,12,0.37501137135597684,0.23914561145060334,6.815150578300034,3.101623562158369,0.18773930594207994
evogym,darwinian,0.25,1,13,0.37501137135597684,0.2384206407600121,6.815150578300034,3.200735634172658,0.18058755862152603
evogym,darwinian,0.25,1,14,0.37501137135597684,0.24266162306206743,6.815150578300034,3.4125544831051613,0.17656336426350178
evogym,darwinian,0.25,1,15,0.37501137135597684,0.24649824444992924,6.815150578300034,3.543305876024759,0.16837302467556914
evogym,darwinian,0.25,1,16,0.37501137135597684,0.25337291046515636,6.815150578300034,3.8956182174582574,0.1630859661665876
evogym,darwinian,0.25,1,17,0.37501137135597684,0.2532898542279129,6.815150578300034,3.6060177878254978,0.17574738453701985
evogym,darwinian,0.25,1,18,0.37501137135597684,0.2550307300391107,6.815150578300034,3.7634828162207774,0.16808714881338668
evogym,darwinian,0.25,1,19,0.37501137135597684,0.2649624126320633,6.815150578300034,3.92568512236233,0.16993438724511026
evogym,darwinian,0.25,1,20,0.37501137135597684,0.27060174549637217,6.815150578300034,3.927229469499438,0.17801374764530298
evogym,darwinian,0.25,1,21,0.37501137135597684,0.26795972177652017,6.815150578300034,3.950307704417334,0.17331818921597159
evogym,darwinian,0.25,1,22,0.37501137135597684,0.2621557076344363,6.815150578300034,3.906514883917567,0.16895495103328326
evogym,darwinian,0.25,1,23,0.37501137135597684,0.26325551419209736,6.815150578300034,3.96908070619248,0.16749684268438353
evogym,darwinian,0.25,1,24,0.37501137135597684,0.2661176736743611,6.815150578300034,3.888124406915483,0.17449267699488683
evogym,darwinian,0.25,1,25,0.37501137135597684,0.2719241229916679,6.815150578300034,4.064938998154636,0.17320694662740463
evogym,darwinian,0.25,1,26,0.37501137135597684,0.27481290793594243,6.815150578300034,4.253203119406139,0.16951573643589507
evogym,darwinian,0.25,1,27,0.37501137135597684,0.2835449134405201,6.815150578300034,4.206402944626182,0.17909412584120896
evogym,darwinian,0.25,1,28,0.37501137135597684,0.27200231547668874,6.815150578300034,4.089755809673045,0.16742636366534905
evogym,darwinian,0.25,1,29,0.37501137135597684,0.2859816572928861,6.815150578300034,4.238404232224028,0.17750070642203714
evogym,darwinian,0.25,1,30,0.37501137135597684,0.28700943553387587,6.815150578300034,4.316891816724886,0.17201328717398176
evogym,darwinian,0.25,2,0,0.28082896794109924,0.20133303090608995,3.7934770514478684,1.7572443493632925,0.22526587738616016
evogym,darwinian,0.25,2,1,0.28082896794109924,0.20133303090608995,3.7934770514478684,1.7572443493632925,0.22526587738616016
evogym,darwinian,0.25,2,2,0.28082896794109924,0.20333372692191798,4.951429811277839,1.900789114391154,0.20150303066606284
evogym,darwinian,0.25,2,3,0.28082896794109924,0.2222136416408215,5.920205667752291,2.408822146348199,0.2119662867356648
evogym,darwinian,0.25,2,4,0.3022087639358276,0.2252720992736485,6.776219282128244,2.9090131837454254,0.1900099364663987
evogym,darwinian,0.25,2,5,0.3022087639358276,0.23269255428872343,6.776219282128244,2.933541169958198,0.19638283433784126
evogym,darwinian,0.25,2,6,0.3022087639358276,0.24325839055105836,6.776219282128244,3.54717881382644,0.18244080993692108
evogym,darwinian,0.25,2,7,0.3024036568344878,0.2464299590375157,6.776219282128244,3.3780540066656988,0.19119427099935155
evogym,darwinian,0.25,2,8,0.3024036568344878,0.24938317847860944,6.776219282128244,3.5541543089200864,0.1859633210718554
evogym,darwinian,0.25,2,9,0.3036912631521202,0.25036972021115095,6.776219282128244,3.4940584890849964,0.19077093038086934
evogym,darwinian,0.25,2,10,0.3045452837449958,0.24918336630111138,6.776219282128244,3.484941190927576,0.18667912827518301
evogym,darwinian,0.25,2,11,0.3045452837449958,0.257277170837506,6.776219282128244,3.9030739361689997,0.17904170652547216
evogym,darwinian,0.25,2,12,0.3049548145028592,0.26229230053156716,6.776219282128244,3.8134675826190962,0.18950460439158273
evogym,darwinian,0.25,2,13,0.30535388468166136,0.2631350898600769,6.776219282128244,3.7465223737995665,0.19239742519520522
evogym,darwinian,0.25,2,14,0.30535388468166136,0.26725219356602825,6.776219282128244,4.038079513524599,0.18481463381081648
evogym,darwinian,0.25,2,15,0.30535388468166136,0.2646051901002293,6.776219282128244,4.0464929127274445,0.1819020016098713
evogym,darwinian,0.25,2,16,0.34659390041835625,0.26620403206932974,6.776219282128244,4.004400953967126,0.183399406699169
evogym,darwinian,0.25,2,17,0.34659390041835625,0.2738287812032507,6.776219282128244,4.203257621546283,0.18390498952267625
evogym,darwinian,0.25,2,18,0.34659390041835625,0.2764179139510343,6.776219282128244,4.289145974657185,0.18763097223517805
evogym,darwinian,0.25,2,19,0.34659390041835625,0.27624126706326757,6.776219282128244,4.373262577416826,0.19356452050393808
evogym,darwinian,0.25,2,20,0.34659390041835625,0.2667825686001176,7.067654159530573,4.425494630996022,0.1924382076299453
evogym,darwinian,0.25,2,21,0.4164409383778646,0.2492528864005477,9.058370049283651,4.360972113842702,0.1917677781348212
evogym,darwinian,0.25,2,22,0.4164409383778646,0.24808175675747854,9.058370049283651,4.578160345269001,0.18154903317049448
evogym,darwinian,0.25,2,23,0.4164409383778646,0.2575777574683985,9.058370049283651,4.603962084088095,0.19616783309963995
evogym,darwinian,0.25,2,24,0.4164409383778646,0.25107165666038295,9.058370049283651,4.429248704653647,0.19016991264439992
evogym,darwinian,0.25,2,25,0.4164409383778646,0.25133377631307446,9.058370049283651,4.547510830951785,0.18356059081435044
evogym,darwinian,0.25,2,26,0.4164409383778646,0.2605610930214378,9.058370049283651,4.703871788719409,0.18645406339231022
evogym,darwinian,0.25,2,27,0.4164409383778646,0.2596891671158508,9.058370049283651,4.466897304475468,0.18835389723399032
evogym,darwinian,0.25,2,28,0.4164409383778646,0.2599970240353197,9.058370049283651,4.627627573371772,0.17903321944218847
evogym,darwinian,0.25,2,29,0.4164409383778646,0.2709141892416214,9.058370049283651,4.658943882386753,0.19055944161775135
evogym,darwinian,0.25,2,30,0.4164409383778646,0.27185216876358503,9.058370049283651,4.6105365325789505,0.19179953200950936
evogym,darwinian,0.25,3,0,0.27899941484095947,0.22630356251493772,3.9159650486759756,1.8743038773487908,0.22168678419345111
evogym,darwinian,0.25,3,1,0.27899941484095947,0.22630356251493772,3.9159650486759756,1.8743038773487908,0.22168678419345111
evogym,darwinian,0.25,3,2,0.2838895892470623,0.22967265903559655,3.9159650486759756,1.955411924828402,0.2011169129034555
evogym,darwinian,0.25,3,3,0.3223136533416878,0.24552409100215714,4.386329632724667,2.234893021192172,0.20560307351745535
evogym,darwinian,0.25,3,4,0.3223136533416878,0.24234611883924922,4.507589786042098,2.3766600550796086,0.18726534294041258
evogym,darwinian,0.25,3,5,0.3223136533416878,0.24861398400437812,4.507589786042098,2.521222791967788,0.1952705915250046
evogym,darwinian,0.25,3,6,0.3416580315418233,0.24437716215070088,5.697724396009365,2.8494069281253767,0.1877378869912504
evogym,darwinian,0.25,3,7,0.3416580315418233,0.25353741041424943,5.697724396009365,2.8780431754330325,0.19483768008364702
evogym,darwinian,0.25,3,8,0.3416580315418233,0.254381568099824,5.697724396009365,3.0067397593620786,0.1869615157308936
evogym,darwinian,0.25,3,9,0.3550573115377357,0.257001099357825,5.697724396009365,3.389546630554346,0.1820579864174547
evogym,darwinian,0.25,3,10,0.3550573115377357,0.2473113440902857,5.697724396009365,3.0759277352645493,0.1873120704789931
evogym,darwinian,0.25,3,11,0.3550573115377357,0.2502465774526533,6.964189120680325,3.338033981473059,0.18578668317242966
evogym,darwinian,0.25,3,12,0.3550573115377357,0.2580651642780475,6.964189120680325,3.3350793284609717,0.19801235522594116
evogym,darwinian,0.25,3,13,0.3550573115377357,0.26095080509323576,6.964189120680325,3.493116940825125,0.19860153963319263
evogym,darwinian,0.25,3,14,0.3550573115377357,0.26562706451861035,6.964189120680325,3.486203170073943,0.20846615290615875
evogym,darwinian,0.25,3,15,0.3550573115377357,0.2704128259643996,6.964189120680325,3.7661643174055044,0.20635816150839462
evogym,darwinian,0.25,3,16,0.3550573115377357,0.26377385118449476,6.964189120680325,3.7618944350066217,0.1929658986200763
evogym,darwinian,0.25,3,17,0.3550573115377357,0.26141785526245387,6.964189120680325,3.884837749905389,0.18290193329276722
evogym,darwinian,0.25,3,18,0.3550573115377357,0.2643780388714369,6.964189120680325,3.803069392542672,0.19180567539794796
evogym,darwinian,0.25,3,19,0.3550573115377357,0.27240448359658037,6.964189120680325,4.3310599162427135,0.1771148259659044
evogym,darwinian,0.25,3,20,0.3550573115377357,0.269190021768182,6.964189120680325,4.139977087156238,0.18113538407865554
evogym,darwinian,0.25,3,21,0.3628058015377871,0.2721426590669213,6.964189120680325,4.434692171949635,0.16908485094838785
evogym,darwinian,0.25,3,22,0.3628058015377871,0.2723216237144149,6.964189120680325,4.226690705554514,0.17979618688751234
evogym,darwinian,0.25,3,23,0.3628058015377871,0.26122813531889777,6.964189120680325,4.1264821716868525,0.17008713985015117
evogym,darwinian,0.25,3,24,0.3628058015377871,0.26854366397458695,7.413119982703519,4.156059596942186,0.18316359868908866
evogym,darwinian,0.25,3,25,0.3628058015377871,0.2696625530199566,7.413119982703519,4.331056417933149,0.17389463250113524
evogym,darwinian,0.25,3,26,0.3628058015377871,0.2717921146159758,7.413119982703519,4.325164518612363,0.1768500700305132
evogym,darwinian,0.25,3,27,0.3628058015377871,0.27596235219843324,7.413119982703519,4.3387759414427585,0.1838493507747241
evogym,darwinian,0.25,3,28,0.3628058015377871,0.26508437081726827,7.413119982703519,4.454391387082797,0.16170177534835006
evogym,darwinian,0.25,3,29,0.3628058015377871,0.2759797427278163,7.413119982703519,4.544360849481071,0.17101809771276458
evogym,darwinian,0.25,3,30,0.3628058015377871,0.2741593782823414,7.413119982703519,4.503958721999744,0.16704873576075085
evogym,darwinian,0.4,1,0,0.3439136587252793,0.23187800476841428,4.495130087303869,1.8688916287984227,0.21711673581850904
evogym,darwinian,0.4,1,1,0.3439136587252793,0.23187800476841428,4.495130087303869,1.8688916287984227,0.21711673581850904
evogym,darwinian,0.4,1,2,0.35895118190824515,0.2397262460929348,5.650725003698231,2.056320900888775,0.2001352601020669
evogym,darwinian,0.4,1,3,0.35895118190824515,0.2765047131706181,5.650725003698231,2.6985672084006818,0.1928573015391378
evogym,darwinian,0.4,1,4,0.36115329261565926,0.2992796885337486,5.952533438471594,3.279039311428859,0.18030190350702477
evogym,darwinian,0.4,1,5,0.36115329261565926,0.31189209060681705,5.952533438471594,3.626963560033711,0.16700014572258867
evogym,darwinian,0.4,1,6,0.3622741194733255,0.29798213406042573,6.817036511242748,3.562326346763917,0.1699541095429371
evogym,darwinian,0.4,1,7,0.3622741194733255,0.2937872493279764,6.817036511242748,3.644831187043485,0.15679882294108935
evogym,darwinian,0.4,1,8,0.3622741194733255,0.3112678781186674,6.817036511242748,3.8532127245408803,0.17058478075826441
evogym,darwinian,0.4,1,9,0.3710542976056975,0.2997524515721042,6.817036511242748,3.8030424315057707,0.15849001654708694
evogym,darwinian,0.4,1,10,0.37931042723687103,0.32629429718168335,6.817036511242748,4.40077698632164,0.14699287569844965
evogym,darwinian,0.4,1,11,0.37931042723687103,0.30663163700069285,6.956710244944648,3.9828835979535286,0.16465249906408788
evogym,darwinian,0.4,1,12,0.39125812193339343,0.3211855695529821,6.956710244944648,4.528719426371302,0.14447528233498214
evogym,darwinian,0.4,1,13,0.39125812193339343,0.3168842859654317,6.956710244944648,4.498372726578142,0.14276237548350437
evogym,darwinian,0.4,1,14,0.39125812193339343,0.3046783111316286,8.059907111659715,4.604959034182709,0.14312584454487823
evogym,darwinian,0.4,1,15,0.41163934006418285,0.3101156612311112,8.059907111659715,4.658124491341409,0.14951558729971443
evogym,darwinian,0.4,1,16,0.41163934006418285,0.30554905356909756,8.059907111659715,4.690456297629405,0.14401272699021733
evogym,darwinian,0.4,1,17,0.41163934006418285,0.3186451665406814,8.059907111659715,5.055762300987671,0.1374227227056092
evogym,darwinian,0.4,1,18,0.41163934006418285,0.3197391278017674,8.059907111659715,4.961715643181346,0.14842708713113695
evogym,darwinian,0.4,1,19,0.41163934006418285,0.31748513588822935,8.059907111659715,5.054565125561943,0.1385755660809938
evogym,darwinian,0.4,1,20,0.41163934006418285,0.3215298696828482,8.059907111659715,5.130841639841711,0.13855675859899214
evogym,darwinian,0.4,1,21,0.41163934006418285,0.3280060117571252,8.059907111659715,5.3666493430456095,0.13356677579711734
evogym,darwinian,0.4,1,22,0.4217047914194048,0.31547814265578344,8.392356295376754,5.212006045334226,0.13459366832506806
evogym,darwinian,0.4,1,23,0.4217047914194048,0.31386586174485076,8.800616517502892,5.330719623207597,0.13044270091821392
evogym,darwinian,0.4,1,24,0.4217047914194048,0.3132267097676295,8.800616517502892,5.26787089940347,0.13698431111337403
evogym,darwinian,0.4,1,25,0.43089915963886055,0.3135331725585885,8.800616517502892,5.396174324406621,0.1323267247463141
evogym,darwinian,0.4,1,26,0.43182814186330826,0.31696404211728973,9.340987516495584,5.578898658486322,0.1335112214981147
evogym,darwinian,0.4,1,27,0.43182814186330826,0.3259833286611895,9.340987516495584,5.888274124238977,0.12759415349529343
evogym,darwinian,0.4,1,28,0.43182814186330826,0.32442892968248094,9.340987516495584,5.656206882379804,0.14023902451322506
evogym,darwinian,0.4,1,29,0.43182814186330826,0.32501430774332424,9.340987516495584,5.664137817781297,0.13992826113350726
evogym,darwinian,0.4,1,30,0.43182814186330826,0.3400415472419828,9.340987516495584,6.230570512025773,0.12273887269806913
evogym,darwinian,0.4,2,0,0.34976939208411817,0.2646719996283304,3.7803658099305877,1.7645719238752675,0.2370070194522881
evogym,darwinian,0.4,2,1,0.34976939208411817,0.2646719996283304,3.7803658099305877,1.7645719238752675,0.2370070194522881
evogym,darwinian,0.4,2,2,0.34976939208411817,0.26397032397934145,3.7803658099305877,1.7375307906062243,0.21599053286214587
evogym,darwinian,0.4,2,3,0.34976939208411817,0.2785615249903973,4.978115281227767,2.1697499082642024,0.2113494588496299
evogym,darwinian,0.4,2,4,0.3675332905528988,0.2944584542590985,5.104816591772834,2.5365073844466446,0.201940227937
evogym,darwinian,0.4,2,5,0.3675332905528988,0.2938995679462989,5.104816591772834,2.546054903154739,0.20397186855519028
evogym,darwinian,0.4,2,6,0.3675332905528988,0.3004905012613901,5.716417343330701,2.929790880272211,0.19131714032613134
evogym,darwinian,0.4,2,7,0.38126088615449844,0.304575794864226,5.716417343330701,3.100973676230293,0.17963869454432121
evogym,darwinian,0.4,2,8,0.38126088615449844,0.31023396900628236,5.716417343330701,3.200367827482027,0.1811783156390294
evogym,darwinian,0.4,2,9,0.38126088615449844,0.31223329182575943,5.716417343330701,3.4694211313286063,0.1621089335968838
evogym,darwinian,0.4,2,10,0.38126088615449844,0.30678541702465084,5.716417343330701,3.4322899159123295,0.1668431144470559
evogym,darwinian,0.4,2,11,0.38126088615449844,0.32304770647809666,5.718278045285329,3.6883302157599465,0.16799980210633372
evogym,darwinian,0.4,2,12,0.3853916696313353,0.3218900627712381,5.921382898801535,3.876082931159684,0.16241527572479048
evogym,darwinian,0.4,2,13,0.3853916696313353,0.31521549087484774,6.255820824484989,3.942360354544957,0.16191182329460946
evogym,darwinian,0.4,2,14,0.3853916696313353,0.3192067915133326,6.8769337123717955,4.160460865568492,0.16941330859188042
evogym,darwinian,0.4,2,15,0.41189080089614727,0.31177401390050474,6.8769337123717955,4.174879179759602,0.15793855415652772
evogym,darwinian,0.4,2,16,0.41189080089614727,0.3076976345025236,6.8769337123717955,3.9960916725757336,0.16900875273512378
evogym,darwinian,0.4,2,17,0.4159136410212595,0.3148535848040775,7.751039581303912,4.457968219969484,0.16257359121135842
evogym,darwinian,0.4,2,18,0.4159136410212595,0.313082702048258,7.751039581303912,4.306500108409781,0.17500649779632868
evogym,darwinian,0.4,2,19,0.4159136410212595,0.3068281379921082,7.751039581303912,4.3662689288156935,0.15485372913585804
evogym,darwinian,0.4,2,20,0.4159136410212595,0.3094960177779117,7.751039581303912,4.372994360117289,0.15870608666154434
evogym,darwinian,0.4,2,21,0.4159136410212595,0.3128774585663786,7.751039581303912,4.523762541766734,0.15398782659761734
evogym,darwinian,0.4,2,22,0.4159136410212595,0.31479305183723333,7.751039581303912,4.463540022543677,0.1653605979446142
evogym,darwinian,0.4,2,23,0.4379348720335985,0.3196446059468201,8.275784632866975,4.907192665323837,0.14747721085304608
evogym,darwinian,0.4,2,24,0.4379348720335985,0.3077734512011329,8.275784632866975,4.45035455189983,0.1623444342809293
evogym,darwinian,0.4,2,25,0.4379348720335985,0.32241179110370843,8.275784632866975,4.772906393409736,0.16041270461582505
evogym,darwinian,0.4,2,26,0.46926147794736595,0.3280693675283813,8.275784632866975,4.8805709965969495,0.1612665279325744
evogym,darwinian,0.4,2,27,0.46926147794736595,0.3175401412202388,8.275784632866975,4.658053736853137,0.16184899124529772
evogym,darwinian,0.4,2,28,0.46926147794736595,0.3253850664124822,8.275784632866975,4.971972027226114,0.14704173984332397
evogym,darwinian,0.4,2,29,0.48628208142419194,0.3273860351858379,8.275784632866975,4.880808559010107,0.15366615156830152
evogym,darwinian,0.4,2,30,0.48628208142419194,0.34379756084630164,8.275784632866975,5.247728853848686,0.14970702584757847
evogym,darwinian,0.4,3,0,0.2820408880547448,0.22490976803714574,3.2765971454724245,1.6532975972610693,0.2315532646731393
evogym,darwinian,0.4,3,1,0.2820408880547448,0.22490976803714574,3.2765971454724245,1.6532975972610693,0.2315532646731393
evogym,darwinian,0.4,3,2,0.3309055574137394,0.23098649928336248,4.414807554679574,1.8022056334504168,0.20563958858080927
evogym,darwinian,0.4,3,3,0.36129193841414237,0.2271508920881106,6.6534943621867795,2.190721644374039,0.1918534827088891
evogym,darwinian,0.4,3,4,0.40055981561709286,0.2568697754429538,7.022098442008935,2.93847031108613,0.17406719027152734
evogym,darwinian,0.4,3,5,0.40055981561709286,0.26793307512695425,7.022098442008935,3.3689338784215073,0.1502170052359842
evogym,darwinian,0.4,3,6,0.40055981561709286,0.2910912006074618,7.022098442008935,3.80099772160476,0.14491487261789265
evogym,darwinian,0.4,3,7,0.40055981561709286,0.286162305325389,7.278631092462919,3.7840185312696297,0.1445045398910147
evogym,darwinian,0.4,3,8,0.40055981561709286,0.2997463802713481,7.278631092462919,4.121303999872411,0.13873536146104704
evogym,darwinian,0.4,3,9,0.40055981561709286,0.2935112674159848,7.278631092462919,4.080206820541509,0.13347872810409028
evogym,darwinian,0.4,3,10,0.42013459757012506,0.30923710772393437,7.278631092462919,4.374209483596327,0.1415292200473048
evogym,darwinian,0.4,3,11,0.42013459757012506,0.3023761356470573,7.278631092462919,4.327774048083087,0.13957864255038016
evogym,darwinian,0.4,3,12,0.42013459757012506,0.3114867020379465,7.926666199729997,4.744722132760886,0.13218290296680396
evogym,darwinian,0.4,3,13,0.42013459757012506,0.3144530233114403,7.926666199729997,4.802496705908519,0.13363823762701263
evogym,darwinian,0.4,3,14,0.42013459757012506,0.30982540912197293,7.926666199729997,4.632475619574907,0.14035135568981422
evogym,darwinian,0.4,3,15,0.42013459757012506,0.3094297144036554,7.926666199729997,4.700297436978639,0.13364893947393836
evogym,darwinian,0.4,3,16,0.42013459757012506,0.32025957766525104,7.926666199729997,4.963862416256478,0.13146197983039268
evogym,darwinian,0.4,3,17,0.42013459757012506,0.3309238093589602,7.926666199729997,5.202085728768163,0.1360629771824359
evogym,darwinian,0.4,3,18,0.42013459757012506,0.3185335301586617,7.926666199729997,5.204691127717963,0.11717384129280714
evogym,darwinian,0.4,3,19,0.42013459757012506,0.3120425708202178,7.926666199729997,5.050463794222951,0.12076532889715522
evogym,darwinian,0.4,3,20,0.42013459757012506,0.3283994850047284,7.926666199729997,5.236361806466143,0.13199147031599429
evogym,darwinian,0.4,3,21,0.42013459757012506,0.3166507028337443,7.926666199729997,5.1123946664859785,0.12313264235278314
evogym,darwinian,0.4,3,22,0.42013459757012506,0.3340270642308808,7.926666199729997,5.387570573189372,0.13281407532552292
evogym,darwinian,0.4,3,23,0.42013459757012506,0.3296421093578229,7.926666199729997,5.380314007326136,0.12912411501585325
evogym,darwinian,0.4,3,24,0.42013459757012506,0.3131451266958828,7.926666199729997,5.096759277186285,0.12781545140618683
evogym,darwinian,0.4,3,25,0.42013459757012506,0.32762877416539626,7.926666199729997,5.360219857202091,0.1319309779132452
evogym,darwinian,0.4,3,26,0.42013459757012506,0.33135038383918713,7.926666199729997,5.434583662172647,0.13069167734063514
evogym,darwinian,0.4,3,27,0.42013459757012506,0.32291622018434113,7.926666199729997,5.335012370752772,0.12597093717099928
evogym,darwinian,0.4,3,28,0.4789821048204922,0.31087859394975215,9.21401537814584,5.325870509770839,0.12903319335683558
evogym,darwinian,0.4,3,29,0.4789821048204922,0.3041240123758777,9.21401537814584,5.172169297197317,0.12804359386013542
evogym,darwinian,0.4,3,30,0.4789821048204922,0.3171296825998412,9.21401537814584,5.442177099038803,0.13017344133656022
evogym,lamarckian,0.1,1,0,0.2055127519474794,0.169322821618321,5.281765621638096,1.4902190181094264,0.2261176644801676
evogym,lamarckian,0.1,1,1,0.2055127519474794,0.169322821618321,5.281765621638096,1.4902190181094264,0.2261176644801676
evogym,lamarckian,0.1,1,2,0.21909181894051996,0.1721893098003341,7.8565772194818235,1.6866441167383606,0.20036249048910046
evogym,lamarckian,0.1,1,3,0.21909181894051996,0.18431599644825117,7.8565772194818235,2.036479984075016,0.20928066414161045
evogym,lamarckian,0.1,1,4,0.21909181894051996,0.1850174366975521,7.8565772194818235,2.257741476437155,0.20558487166890238
evogym,lamarckian,0.1,1,5,0.21947281272773222,0.18842418357892346,7.8565772194818235,2.329319107423812,0.20560502874260167
evogym,lamarckian,0.1,1,6,0.22444290683630752,0.19255820688979045,7.8565772194818235,2.457958123425635,0.21445838524852062
evogym,lamarckian,0.1,1,7,0.22444290683630752,0.19373464856810935,7.8565772194818235,3.0325560968295187,0.2102626035613596
evogym,lamarckian,0.1,1,8,0.21947281272773222,0.19343708198281345,7.8565772194818235,2.7913032110980587,0.22027065500525386
evogym,lamarckian,0.1,1,9,0.22082732250736417,0.18514575146526696,7.8565772194818235,2.3381770792926355,0.22446377565866332
evogym,lamarckian,0.1,1,10,0.22082732250736417,0.17843452492244258,7.8565772194818235,2.67001542433491,0.21099428710920734
evogym,lamarckian,0.1,1,11,0.2293788070190684,0.19759657109212087,8.085943932937383,3.088109027494096,0.22056979046643818
evogym,lamarckian,0.1,1,12,0.2293788070190684,0.19586520883490607,8.085943932937383,2.617502529193846,0.2321671496974264
evogym,lamarckian,0.1,1,13,0.22730651052524742,0.191144408642063,8.085943932937383,2.918254999201078,0.22461595341228388
evogym,lamarckian,0.1,1,14,0.22349748556957058,0.1907031330496177,8.054156405358077,2.19900249084816,0.23846592651561999
evogym,lamarckian,0.1,1,15,0.22628404072325928,0.19277873173027565,8.242776913692353,2.6222473541992573,0.22925472791751095
evogym,lamarckian,0.1,1,16,0.22628404072325928,0.18630237906643632,8.242776913692353,2.4638147892123894,0.2211931770539887
evogym,lamarckian,0.1,1,17,0.22656615086240006,0.19260224866401285,8.242776913692353,2.7244149305575065,0.22831632893668688
evogym,lamarckian,0.1,1,18,0.22846133522884163,0.18525149403909522,8.242776913692353,3.2880971156143026,0.22116905620356078
evogym,lamarckian,0.1,1,19,0.22846133522884163,0.1862207485889105,8.242776913692353,2.42659970732931,0.23314719177248105
evogym,lamarckian,0.1,1,20,0.23484922495798521,0.18092800330621203,8.242776913692353,3.5828158988997623,0.2136955595685388
evogym,lamarckian,0.1,1,21,0.23484922495798521,0.1695605982773365,7.7947620136252675,3.03100967489051,0.2060925035914193
evogym,lamarckian,0.1,1,22,0.23484922495798521,0.17014984682731205,7.7947620136252675,3.64698866618667,0.19364135408668115
evogym,lamarckian,0.1,1,23,0.23484922495798521,0.16433629758611415,7.7947620136252675,3.125018482709187,0.1883153759352389
evogym,lamarckian,0.1,1,24,0.23484922495798521,0.16999006261027655,7.7947620136252675,3.3037690719315753,0.1835671938221426
evogym,lamarckian,0.1,1,25,0.23484922495798521,0.18223642204800955,7.7947620136252675,3.4724014646940744,0.18811003152735414
evogym,lamarckian,0.1,1,26,0.23484922495798521,0.18399453901042695,7.7947620136252675,3.1688189847709918,0.18883353350321924
evogym,lamarckian,0.1,1,27,0.2623179397043565,0.20003708336627937,7.7947620136252675,3.1180612066220994,0.20636179709402777
evogym,lamarckian,0.1,1,28,0.37951469448984726,0.1934393034832225,8.936927025465872,3.1599628858260127,0.2088854238647812
evogym,lamarckian,0.1,1,29,0.37951469448984726,0.1977182474707378,9.311324711280562,2.9693112672847954,0.21599888740866918
evogym,lamarckian,0.1,1,30,0.37951469448984726,0.19370110128461598,9.311324711280562,2.917429006794082,0.20226041549597076
evogym,lamarckian,0.1,2,0,0.21519409457122604,0.19006027997960703,2.969765247298827,1.4390744853325037,0.24774907776104169
evogym,lamarckian,0.1,2,1,0.21519409457122604,0.19006027997960703,2.969765247298827,1.4390744853325037,0.24774907776104169
evogym,lamarckian,0.1,2,2,0.21542277014959632,0.18832956883413587,3.955248875353423,1.7021993686876897,0.21471482232852018
evogym,lamarckian,0.1,2,3,0.21683635110874988,0.19354437241367078,4.988471810732521,2.1465700929743066,0.21059631061063006
evogym,lamarckian,0.1,2,4,0.21683635110874988,0.1834810967391232,5.903766071594036,2.5933447100292657,0.1934608844608625
evogym,lamarckian,0.1,2,5,0.21683635110874988,0.18446662719186205,5.903766071594036,2.3504707812998786,0.20170171637995904
evogym,lamarckian,0.1,2,6,0.21924991594485937,0.1832343501141799,6.8698290544455025,2.559990645128811,0.2037828587546366
evogym,lamarckian,0.1,2,7,0.21924991594485937,0.1800397268497515,6.8698290544455025,2.708122882728094,0.20480554685004165
evogym,lamarckian,0.1,2,8,0.20869736181092507,0.1679691729364134,6.8698290544455025,2.594113464198858,0.1911091561626512
evogym,lamarckian,0.1,2,9,0.2109442915153017,0.17486231560798243,6.96004394058087,3.0159533934199287,0.19084863933860396
evogym,lamarckian,0.1,2,10,0.21396222594131775,0.18219023043786553,6.96004394058087,3.3573795009803034,0.1840242751607929
evogym,lamarckian,0.1,2,11,0.21590219885247225,0.1872514578594216,8.64453607315211,3.527894306222342,0.18750738649420476
evogym,lamarckian,0.1,2,12,0.21590219885247225,0.18871661090810718,8.64453607315211,3.190432748261233,0.1925351467929521
evogym,lamarckian,0.1,2,13,0.2270497968454522,0.192990843741265,8.64453607315211,3.5231529101643586,0.1990332502869523
evogym,lamarckian,0.1,2,14,0.23933168646530684,0.19998334723375408,9.560971919145892,4.120929111327409,0.2032766513132474
evogym,lamarckian,0.1,2,15,0.23933168646530684,0.20143989939798151,9.560971919145892,4.024602259590868,0.21561273686595195
evogym,lamarckian,0.1,2,16,0.23933168646530684,0.19644175194758895,9.560971919145892,4.465957670885871,0.20812570445704606
evogym,lamarckian,0.1,2,17,0.23933168646530684,0.18917746093590765,9.560971919145892,3.6367374460460766,0.2128124273469966
evogym,lamarckian,0.1,2,18,0.22515722601963772,0.1940166491933539,9.56244169872599,4.23524222581851,0.20620500690375176
evogym,lamarckian,0.1,2,19,0.22515722601963772,0.19808947159362636,7.857832988098768,3.1430785064587177,0.22205276614888972
evogym,lamarckian,0.1,2,20,0.22515722601963772,0.1973634886473164,8.822769474824797,3.1586778848701433,0.2209079621337065
evogym,lamarckian,0.1,2,21,0.22525762548458617,0.19696127286068515,8.822769474824797,3.268358605511998,0.22082895593601104
evogym,lamarckian,0.1,2,22,0.2300118806239274,0.1954938372106203,9.024224562547113,3.3356828625585266,0.22340581405383345
evogym,lamarckian,0.1,2,23,0.2300118806239274,0.1994474597451608,9.550735068934472,3.319074896134932,0.22734927325717158
evogym,lamarckian,0.1,2,24,0.2300118806239274,0.19696199169791534,9.560960643710889,4.149989032074245,0.21477326595056354
evogym,lamarckian,0.1,2,25,0.2300118806239274,0.19793960608325217,9.560960643710889,3.1809561601117613,0.2251766144443589
evogym,lamarckian,0.1,2,26,0.2677830124371734,0.1967919332375694,9.560960643710889,3.786931620252009,0.21019185454721004
evogym,lamarckian,0.1,2,27,0.2677830124371734,0.1967306399050272,9.560960643710889,3.868266322776679,0.21493545362011277
evogym,lamarckian,0.1,2,28,0.2677830124371734,0.18647749745575823,9.560960643710889,3.3966022892291976,0.2077959595102496
evogym,lamarckian,0.1,2,29,0.2677830124371734,0.2009454991320035,9.560960643710889,4.206648650112279,0.20838888302786387
evogym,lamarckian,0.1,2,30,0.3478240693957706,0.19639480554941266,9.340755999665657,3.3132147604109363,0.2034905173498415
evogym,lamarckian,0.1,3,0,0.21924832111184517,0.1825131560108943,2.8270980714258758,1.4945731279692525,0.2189039247147159
evogym,lamarckian,0.1,3,1,0.21924832111184517,0.1825131560108943,2.8270980714258758,1.4945731279692525,0.2189039247147159
evogym,lamarckian,0.1,3,2,0.22679268884864812,0.18477777031052464,3.9137914239581066,1.774643488716388,0.19811406443799176
evogym,lamarckian,0.1,3,3,0.22679268884864812,0.19908995891378892,5.185654951812825,2.1233767750428965,0.213088993169342
evogym,lamarckian,0.1,3,4,0.23048650573705987,0.19452325459872535,5.185654951812825,2.514833495731588,0.19929833160217295
evogym,lamarckian,0.1,3,5,0.23048650573705987,0.19911474168426535,5.582340840058767,2.336348087184681,0.21190581092623018
evogym,lamarckian,0.1,3,6,0.2467172395515397,0.2040923557694126,5.582340840058767,2.372217601320896,0.21714817200512476
evogym,lamarckian,0.1,3,7,0.2467172395515397,0.2079541557116718,5.582340840058767,2.662213417915015,0.21689594831480408
evogym,lamarckian,0.1,3,8,0.2467172395515397,0.2015779046329071,4.66791696230818,2.141451027548861,0.22791661874301267
evogym,lamarckian,0.1,3,9,0.2467172395515397,0.2059866229186716,4.847376885053052,2.367260468418849,0.2318374902889106
evogym,lamarckian,0.1,3,10,0.2353314971346427,0.19407726480087728,4.847376885053052,2.48485062464021,0.21806470882695111
evogym,lamarckian,0.1,3,11,0.2353314971346427,0.1884012601800676,4.847376885053052,2.3553255157170874,0.21508851187577185
evogym,lamarckian,0.1,3,12,0.2353314971346427,0.18790796863809195,5.351004452878682,2.8796166325311816,0.19554182550337804
evogym,lamarckian,0.1,3,13,0.2353314971346427,0.19645524641123968,5.351004452878682,2.3588370631149904,0.208619231268332
evogym,lamarckian,0.1,3,14,0.2353314971346427,0.20393105412950296,5.351004452878682,2.3402155509489697,0.21471376434009642
evogym,lamarckian,0.1,3,15,0.23724974237295793,0.2064784449341671,5.351004452878682,2.8412300491902474,0.21256919691597118
evogym,lamarckian,0.1,3,16,0.23385310052526806,0.20698846172385718,5.055367443536251,2.5730154997164862,0.220314203559609
evogym,lamarckian,0.1,3,17,0.2341369210344197,0.20688556896752716,5.055367443536251,2.272277642042421,0.22616435070623134
evogym,lamarckian,0.1,3,18,0.22660718482791595,0.20173873592753316,5.055367443536251,2.5850284684788933,0.21400225778260099
evogym,lamarckian,0.1,3,19,0.2252241122070661,0.19250415156469083,5.813091165654821,2.2513257287658126,0.21868853244188524
evogym,lamarckian,0.1,3,20,0.21451043918846807,0.18924519371979406,6.246028409943911,2.9602689060203202,0.2035764033798248
evogym,lamarckian,0.1,3,21,0.22042471209906234,0.17830587810709714,6.246028409943911,2.7470387558906393,0.19745047375156866
evogym,lamarckian,0.1,3,22,0.22042471209906234,0.19342967966923397,6.246028409943911,2.674588421840359,0.20563141463905912
evogym,lamarckian,0.1,3,23,0.22042471209906234,0.19360656824869885,6.246028409943911,3.405256261098996,0.1907790767075751
evogym,lamarckian,0.1,3,24,0.22042471209906234,0.1882035658081988,6.246028409943911,3.2307297780510438,0.19437136101854047
evogym,lamarckian,0.1,3,25,0.22042471209906234,0.1936963444979754,6.267613451068602,3.9478554415699576,0.18612693570748215
evogym,lamarckian,0.1,3,26,0.25298820007075407,0.1831875578221581,6.267613451068602,3.399196917725713,0.18100605669497863
evogym,lamarckian,0.1,3,27,0.2931052166612397,0.19716965956601445,6.267613451068602,3.9514878893047074,0.18967013024952545
evogym,lamarckian,0.1,3,28,0.2931052166612397,0.2001760910423971,6.267613451068602,3.6753177942162942,0.194566811852029
evogym,lamarckian,0.1,3,29,0.30962774083854927,0.2072162360891922,7.412027001985459,3.3994701757342285,0.19379570476477237
evogym,lamarckian,0.1,3,30,0.3120311976622197,0.22395086828992533,7.412027001985459,3.6610875389097144,0.1980081267045068
evogym,lamarckian,0.25,1,0,0.23538684840034194,0.19936994921679635,3.601405563650581,1.4762416616997645,0.2298761457488999
evogym,lamarckian,0.25,1,1,0.23538684840034194,0.19936994921679635,3.601405563650581,1.4762416616997645,0.2298761457488999
evogym,lamarckian,0.25,1,2,0.2465576329548232,0.20228796743964855,4.076469251181766,1.8563013819390608,0.2040252481461471
evogym,lamarckian,0.25,1,3,0.2930558560360905,0.20845599262081876,7.7971691142905435,2.9328146738134495,0.1782565052953418
evogym,lamarckian,0.25,1,4,0.2930558560360905,0.22448211435100932,7.7971691142905435,3.215886634651748,0.18171898118424565
evogym,lamarckian,0.25,1,5,0.2930558560360905,0.2291772552159277,7.7971691142905435,3.4950994677644713,0.1800203331318424
evogym,lamarckian,0.25,1,6,0.2930558560360905,0.23797609907307354,7.7971691142905435,3.6582669617218335,0.18596567247680107
evogym,lamarckian,0.25,1,7,0.29565637742409695,0.2429294411949261,8.076687836998891,3.8605765443295277,0.18344845929606093
evogym,lamarckian,0.25,1,8,0.2959930308611337,0.258787844675268,8.076687836998891,4.369390698790924,0.18617664089293762
evogym,lamarckian,0.25,1,9,0.2959930308611337,0.2551433900186255,8.076687836998891,4.2179621435955195,0.19127892825190357
evogym,lamarckian,0.25,1,10,0.2959930308611337,0.26128545428824657,8.076687836998891,4.704671959967604,0.18565361662296126
evogym,lamarckian,0.25,1,11,0.29838134181408343,0.26106685354455117,8.076687836998891,4.706392522946336,0.19007926820430776
evogym,lamarckian,0.25,1,12,0.29838134181408343,0.267619938463385,8.076687836998891,5.472234295656189,0.1695108866735984
evogym,lamarckian,0.25,1,13,0.30087811068130754,0.2643880404477363,8.543524026558792,5.440467982399005,0.17504119452438177
evogym,lamarckian,0.25,1,14,0.30087811068130754,0.2676339259178419,8.543524026558792,5.671980358755913,0.17338145801862487
evogym,lamarckian,0.25,1,15,0.30087811068130754,0.2621951208785406,8.543524026558792,5.42970058402434,0.17339000492926596
evogym,lamarckian,0.25,1,16,0.29838134181408343,0.2630289853043909,8.543524026558792,5.692635581014141,0.1660502544958002
evogym,lamarckian,0.25,1,17,0.29838134181408343,0.25977395335136094,8.543524026558792,5.526457367829032,0.167960399167221
evogym,lamarckian,0.25,1,18,0.334458582776784,0.2642486108509527,8.543524026558792,5.887318398388526,0.1591351597654201
evogym,lamarckian,0.25,1,19,0.334458582776784,0.25671038554253484,8.543524026558792,6.054881370989823,0.1418126235247485
evogym,lamarckian,0.25,1,20,0.334458582776784,0.25795027885545047,8.666571162069186,6.024652078954839,0.14795856764063797
evogym,lamarckian,0.25,1,21,0.334458582776784,0.25949118731542103,8.96577260301348,6.5115772054616015,0.1362645356194782
evogym,lamarckian,0.25,1,22,0.334458582776784,0.2554701280196502,8.887785533874021,5.730455977912674,0.1512004433888981
evogym,lamarckian,0.25,1,23,0.334458582776784,0.2573212535758667,8.991520772377209,6.007458273832916,0.147748820331607
evogym,lamarckian,0.25,1,24,0.334458582776784,0.26260575886015275,9.062402282735487,6.27712575889975,0.14903342355390944
evogym,lamarckian,0.25,1,25,0.334458582776784,0.25122041001294987,9.13488979891287,5.7660254095824754,0.15291723415606215
evogym,lamarckian,0.25,1,26,0.334458582776784,0.2576466888851839,9.397050749765055,6.123594197271198,0.14999401120026806
evogym,lamarckian,0.25,1,27,0.334458582776784,0.2556927486339049,9.397050749765055,6.212116030884718,0.14255842637816035
evogym,lamarckian,0.25,1,28,0.3758023785214741,0.2635577590935776,9.397050749765055,6.196555657140977,0.14779716437115326
evogym,lamarckian,0.25,1,29,0.3758023785214741,0.26742218488598674,9.397050749765055,6.231554437679715,0.14887903640502775
evogym,lamarckian,0.25,1,30,0.3758023785214741,0.27242065432052986,9.397050749765055,6.4606533999023465,0.14289427287331197
evogym,lamarckian,0.25,2,0,0.26522547737945806,0.19604433625345458,4.525368775048523,1.5702778991997355,0.22591291623643178
evogym,lamarckian,0.25,2,1,0.26522547737945806,0.19604433625345458,4.525368775048523,1.5702778991997355,0.22591291623643178
evogym,lamarckian,0.25,2,2,0.27699525823471893,0.19930376444515333,5.8328542865796384,1.747761143707859,0.20105305882719962
evogym,lamarckian,0.25,2,3,0.27699525823471893,0.2360392503933288,6.069116342884153,2.6367394674159548,0.2005334705584288
evogym,lamarckian,0.25,2,4,0.3054078086386103,0.24872545154225137,6.069116342884153,3.390698286228038,0.1903283865267702
evogym,lamarckian,0.25,2,5,0.3054078086386103,0.2542770309222133,6.375207764995661,3.888759916958996,0.18446940315650862
evogym,lamarckian,0.25,2,6,0.3054078086386103,0.25894871891820764,6.990513298766463,4.659656034792826,0.17310838285837532
evogym,lamarckian,0.25,2,7,0.3054078086386103,0.24765316772659546,8.372370269075505,5.092195196672304,0.16547965232425788
evogym,lamarckian,0.25,2,8,0.3054078086386103,0.25503752307355987,9.470452590839036,5.636274848332166,0.1650174325748387
evogym,lamarckian,0.25,2,9,0.3054078086386103,0.2668036270098862,9.470452590839036,5.60294117711363,0.18433590211141088
evogym,lamarckian,0.25,2,10,0.3201116741170583,0.2802296984368079,9.470452590839036,6.535525036967139,0.1671670211246606
evogym,lamarckian,0.25,2,11,0.3201116741170583,0.2768045938616006,9.470452590839036,6.361583214444364,0.16667398855632265
evogym,lamarckian,0.25,2,12,0.3201116741170583,0.27730207766264975,9.470452590839036,6.666465095769293,0.1603756433877403
evogym,lamarckian,0.25,2,13,0.3720459879772715,0.28825883091259474,9.431104580892269,6.43413416819873,0.18132836031258417
evogym,lamarckian,0.25,2,14,0.3720459879772715,0.28943038436983043,9.431104580892269,6.55574854064898,0.1780716183018468
evogym,lamarckian,0.25,2,15,0.3720459879772715,0.2932628670774512,9.431104580892269,6.696937622798442,0.18251307745449705
evogym,lamarckian,0.25,2,16,0.3720459879772715,0.28886699574284147,9.431104580892269,6.695474381884736,0.18099382609231157
evogym,lamarckian,0.25,2,17,0.3720459879772715,0.28611330739456214,9.431104580892269,7.097992286503315,0.16738498337075924
evogym,lamarckian,0.25,2,18,0.3720459879772715,0.28451920891501165,9.431104580892269,6.599073711222694,0.17914074054093962
evogym,lamarckian,0.25,2,19,0.3720459879772715,0.28752046832554423,9.431104580892269,7.176512604472509,0.16501278108798878
evogym,lamarckian,0.25,2,20,0.3720459879772715,0.27700773184107486,9.57815522306298,7.00823325052656,0.16192233200881553
evogym,lamarckian,0.25,2,21,0.3720459879772715,0.28265324434329536,9.57815522306298,6.877410959253917,0.17178793127310232
evogym,lamarckian,0.25,2,22,0.3720459879772715,0.2816994083591218,9.57815522306298,7.37655932799378,0.14801309690722236
evogym,lamarckian,0.25,2,23,0.3720459879772715,0.27959582673679784,9.564577051381617,6.830758395330375,0.1617667343403459
evogym,lamarckian,0.25,2,24,0.3720459879772715,0.29012409487090257,9.569390849077543,7.446261374161075,0.1520750296029893
evogym,lamarckian,0.25,2,25,0.374089861440669,0.2926110964467408,9.561674492089777,6.9064908332047095,0.1710792143227514
evogym,lamarckian,0.25,2,26,0.3749608168959059,0.30240379070313556,9.578631988252553,7.707841730927889,0.15477131570548947
evogym,lamarckian,0.25,2,27,0.37872284165509806,0.29689067058854685,9.578631988252553,7.356257441589568,0.15616616776186065
evogym,lamarckian,0.25,2,28,0.37872284165509806,0.2981431785480228,9.578631988252553,7.308186284212619,0.15309556715941733
evogym,lamarckian,0.25,2,29,0.37872284165509806,0.3090960725390301,9.578631988252553,7.735951166348963,0.15266098713800297
evogym,lamarckian,0.25,2,30,0.3840415348586056,0.30620046721482963,9.583921919661009,7.352817965952778,0.15805472105143648
evogym,lamarckian,0.25,3,0,0.2668192137535845,0.2155592844471863,3.0643694722174377,1.5243107531067843,0.24500373837982448
evogym,lamarckian,0.25,3,1,0.2668192137535845,0.2155592844471863,3.0643694722174377,1.5243107531067843,0.24500373837982448
evogym,lamarckian,0.25,3,2,0.26732344265716756,0.22176717496424256,4.706177498070114,1.8888876083806003,0.21691790092914012
evogym,lamarckian,0.25,3,3,0.2854152663437979,0.2424203479543292,4.706177498070114,2.487984296695647,0.20907421749021618
evogym,lamarckian,0.25,3,4,0.2854152663437979,0.2373698764844411,6.6375224321573345,2.8424295126849093,0.19989962314640586
evogym,lamarckian,0.25,3,5,0.2854152663437979,0.25114962497008303,6.6375224321573345,3.2802888716775223,0.21037008079747738
evogym,lamarckian,0.25,3,6,0.2854152663437979,0.2553150562705413,6.6375224321573345,3.8510827992600767,0.2045776113790072
evogym,lamarckian,0.25,3,7,0.2995331834683494,0.24794824364964185,7.855797155426094,4.110118886062228,0.21038260075513687
evogym,lamarckian,0.25,3,8,0.3029643144479048,0.24351949079167165,8.842450939052432,4.09138941690077,0.2051384816096026
evogym,lamarckian,0.25,3,9,0.30400856683846167,0.2542641762727326,9.569377332990973,4.740850354104405,0.19846338022974125
evogym,lamarckian,0.25,3,10,0.30400856683846167,0.2702420448344089,9.569377332990973,4.922006921303095,0.2125935671236955
evogym,lamarckian,0.25,3,11,0.3205921243536015,0.27159663428696246,9.569377332990973,5.630640998352238,0.1956199164632379
evogym,lamarckian,0.25,3,12,0.3205921243536015,0.2634317034986609,9.569377332990973,5.370760543444648,0.19717609823663843
evogym,lamarckian,0.25,3,13,0.3205921243536015,0.27060187544470715,9.569377332990973,5.5866714172529095,0.20111825118461205
evogym,lamarckian,0.25,3,14,0.3205921243536015,0.26871253072107637,9.569377332990973,5.9450146334615805,0.1813313754837023
evogym,lamarckian,0.25,3,15,0.3205921243536015,0.26311745935925523,9.343365415587668,4.844446703797704,0.21164326149921758
evogym,lamarckian,0.25,3,16,0.3205921243536015,0.27079715912140445,9.343365415587668,6.124351467998446,0.1814073742940822
evogym,lamarckian,0.25,3,17,0.3205921243536015,0.27117282634340695,9.343365415587668,6.285744617663019,0.1839243425048613
evogym,lamarckian,0.25,3,18,0.37715906753666545,0.2682925038365398,9.611328683873348,6.653678961910558,0.16036162567410284
evogym,lamarckian,0.25,3,19,0.37715906753666545,0.2716422427758624,9.611328683873348,6.257925986800208,0.1757030062078762
evogym,lamarckian,0.25,3,20,0.37715906753666545,0.28018325328525917,9.611328683873348,6.831627777092855,0.1665000381572928
evogym,lamarckian,0.25,3,21,0.37715906753666545,0.28099830862504777,9.611328683873348,6.841034626807078,0.16831353330710563
evogym,lamarckian,0.25,3,22,0.37715906753666545,0.26539001450553185,9.611328683873348,6.283900009188394,0.16745157533058647
evogym,lamarckian,0.25,3,23,0.37715906753666545,0.2703494066709018,9.611328683873348,6.48264387948016,0.16415127672593624
evogym,lamarckian,0.25,3,24,0.37715906753666545,0.28144656852325445,9.611328683873348,7.181218981192989,0.15510581157443856
evogym,lamarckian,0.25,3,25,0.37715906753666545,0.2795482731733448,9.611328683873348,7.1653718304905425,0.1487373684385987
evogym,lamarckian,0.25,3,26,0.37715906753666545,0.2805837255003662,9.611328683873348,7.032002778524787,0.1555271568823668
evogym,lamarckian,0.25,3,27,0.41185932555805527,0.27949279030676094,9.611328683873348,6.9798807922907695,0.15235537760979642
evogym,lamarckian,0.25,3,28,0.41185932555805527,0.2753835086136124,9.611328683873348,6.7477635210686655,0.15171654272754548
evogym,lamarckian,0.25,3,29,0.41185932555805527,0.28196852552645063,9.611328683873348,6.9648361407209025,0.14800776456069203
evogym,lamarckian,0.25,3,30,0.41185932555805527,0.2873650615696957,9.611328683873348,7.015888270085389,0.14832461418516588
evogym,lamarckian,0.4,1,0,0.3257016346776098,0.23169400199555557,3.363718971358071,1.5626325580072353,0.20805639753627406
evogym,lamarckian,0.4,1,1,0.3257016346776098,0.23169400199555557,3.363718971358071,1.5626325580072353,0.20805639753627406
evogym,lamarckian,0.4,1,2,0.36870556855002656,0.2500593122596236,4.149483020349354,1.8018635251786737,0.1926693714584668
evogym,lamarckian,0.4,1,3,0.3825084398582175,0.3045567968547936,4.980565998195028,2.7324484138245007,0.18593083233026692
evogym,lamarckian,0.4,1,4,0.3825084398582175,0.3227983578780882,4.980565998195028,3.201153673939605,0.16309907093910994
evogym,lamarckian,0.4,1,5,0.3899714089945168,0.33613072062629873,5.573328834726643,3.7615676683182095,0.15593076305456893
evogym,lamarckian,0.4,1,6,0.3986625412666669,0.3317203170966203,6.375903890901394,4.021095837625213,0.15255578736600628
evogym,lamarckian,0.4,1,7,0.3986625412666669,0.3426152067525854,6.375903890901394,4.269103792674966,0.15182179274680999
evogym,lamarckian,0.4,1,8,0.3986625412666669,0.3481856250880897,6.748879013396296,4.613328745273754,0.14372747105374423
evogym,lamarckian,0.4,1,9,0.3986625412666669,0.35742052068424773,6.748879013396296,4.924734283837687,0.13737984692361682
evogym,lamarckian,0.4,1,10,0.3986625412666669,0.34670387927397045,6.7636099131526795,5.032307051815045,0.11551850497324927
evogym,lamarckian,0.4,1,11,0.39632635701078334,0.35062109387768176,6.7636099131526795,5.261528655464793,0.10493239468751463
evogym,lamarckian,0.4,1,12,0.4018869760240749,0.35232245739850987,7.308974804508724,5.471405258498087,0.11138103276226045
evogym,lamarckian,0.4,1,13,0.4046187798347746,0.35246320673821113,7.308974804508724,5.5549012757719245,0.1112168580758767
evogym,lamarckian,0.4,1,14,0.40462303062205696,0.34526075093984304,7.308974804508724,5.490994869628363,0.10873070428839182
evogym,lamarckian,0.4,1,15,0.41838828379429865,0.35215465124734174,7.699670651394007,5.640869149545649,0.12007594772552885
evogym,lamarckian,0.4,1,16,0.41838828379429865,0.3375107633451943,7.699670651394007,5.417073663895389,0.11760476969819171
evogym,lamarckian,0.4,1,17,0.41838828379429865,0.3469889142747328,7.699670651394007,5.638351398586059,0.1141166864231
evogym,lamarckian,0.4,1,18,0.41838828379429865,0.3386621786280684,7.699670651394007,5.540747364654226,0.1120877586397612
evogym,lamarckian,0.4,1,19,0.41838828379429865,0.3496955874480513,7.699670651394007,5.770918554903522,0.11259596919203804
evogym,lamarckian,0.4,1,20,0.41838828379429865,0.3513275787235341,7.699670651394007,5.819437548105589,0.11762252651598118
evogym,lamarckian,0.4,1,21,0.41838828379429865,0.35218243762081614,8.10449392739534,6.087220036932913,0.10899320612869987
evogym,lamarckian,0.4,1,22,0.41838828379429865,0.3402538096204285,8.367582589095337,5.794983733131887,0.12065360236631069
evogym,lamarckian,0.4,1,23,0.48990751273395566,0.35125293094476945,8.367582589095337,5.966699326829277,0.1262369174930134
evogym,lamarckian,0.4,1,24,0.48990751273395566,0.3542969422772315,8.39620308379826,6.1411186811148335,0.11944050070899641
evogym,lamarckian,0.4,1,25,0.48990751273395566,0.3572414778172637,8.689744312358522,6.318057979075623,0.11977485772023622
evogym,lamarckian,0.4,1,26,0.48990751273395566,0.36969705759846094,8.689744312358522,6.637556443689905,0.11497637135035568
evogym,lamarckian,0.4,1,27,0.48990751273395566,0.3584318492921058,8.689744312358522,6.4047565971907945,0.11285758325699638
evogym,lamarckian,0.4,1,28,0.48990751273395566,0.3406201369295147,8.689744312358522,6.005483550188149,0.1120273467261332
evogym,lamarckian,0.4,1,29,0.48990751273395566,0.3565272963074203,8.689744312358522,6.3710478593913145,0.10984561220555338
evogym,lamarckian,0.4,1,30,0.48990751273395566,0.36407616869020276,8.689744312358522,6.567094890319464,0.10404038151061216
evogym,lamarckian,0.4,2,0,0.3503701145354094,0.25174340072755397,4.067257004576416,1.605919293327651,0.23238015941997076
evogym,lamarckian,0.4,2,1,0.3503701145354094,0.25174340072755397,4.067257004576416,1.605919293327651,0.23238015941997076
evogym,lamarckian,0.4,2,2,0.36730108383849924,0.2704218729000428,4.067257004576416,1.8644160649072063,0.21177449501597095
evogym,lamarckian,0.4,2,3,0.3753703030737515,0.3145313439583272,4.067257004576416,2.531891135630172,0.1993515980285573
evogym,lamarckian,0.4,2,4,0.3753703030737515,0.322954148703517,4.528300228929375,3.126776467320582,0.18203935731488322
evogym,lamarckian,0.4,2,5,0.38061074561822805,0.30175250991772723,6.2567418019520025,3.4259467221177835,0.17848609458410905
evogym,lamarckian,0.4,2,6,0.38061074561822805,0.31254491359236203,6.2567418019520025,3.582651286081402,0.18513350339497073
evogym,lamarckian,0.4,2,7,0.38061074561822805,0.31516068949836706,6.877007323570966,3.8942440847553477,0.1764501537311256
evogym,lamarckian,0.4,2,8,0.38801173025058844,0.3219252570563313,7.243094206832536,4.362838030872789,0.1635119022741778
evogym,lamarckian,0.4,2,9,0.3989093005807614,0.3313368994391711,7.279868904457648,4.754069590863584,0.15389341871823042
evogym,lamarckian,0.4,2,10,0.42180160567346847,0.3412751184340825,8.005539699916206,5.1637038756280855,0.1594459333749517
evogym,lamarckian,0.4,2,11,0.42180160567346847,0.35497186540446485,8.005539699916206,5.529683382665765,0.15536669069227843
evogym,lamarckian,0.4,2,12,0.42180160567346847,0.34427896828829874,8.005539699916206,5.535643944128429,0.1389865869968903
evogym,lamarckian,0.4,2,13,0.42180160567346847,0.34733145278106503,8.005539699916206,5.61075684222431,0.14149451956095774
evogym,lamarckian,0.4,2,14,0.42180160567346847,0.3531788781659664,8.005539699916206,5.726833107170797,0.1466653119583861
evogym,lamarckian,0.4,2,15,0.42180160567346847,0.35091541872748877,8.403525469303052,5.98722308107879,0.13260355837527482
evogym,lamarckian,0.4,2,16,0.42180160567346847,0.34652998132955826,8.403525469303052,5.7945134580952935,0.14513275970168643
evogym,lamarckian,0.4,2,17,0.42180160567346847,0.3578681808633992,8.403525469303052,6.192048909916728,0.14183070629363964
evogym,lamarckian,0.4,2,18,0.42180160567346847,0.3632386396711683,8.403525469303052,6.391996597509211,0.1280995526038288
evogym,lamarckian,0.4,2,19,0.42180160567346847,0.3481005174320376,8.41284327017447,6.035716851016387,0.13518466120313036
evogym,lamarckian,0.4,2,20,0.42180160567346847,0.3532853864966606,8.41284327017447,6.121054726707256,0.1403915243643121
evogym,lamarckian,0.4,2,21,0.42180160567346847,0.35656037760793324,8.605993946947535,6.169849855996064,0.14291293924739729
evogym,lamarckian,0.4,2,22,0.42180160567346847,0.35642909422089863,8.605993946947535,6.219242914702115,0.14638316104123886
evogym,lamarckian,0.4,2,23,0.42180160567346847,0.3588579225289095,8.905792945336554,6.350067659527506,0.14808160622573469
evogym,lamarckian,0.4,2,24,0.42180160567346847,0.3738606952618699,8.905792945336554,6.97013302168398,0.12776000761378975
evogym,lamarckian,0.4,2,25,0.45671820901165094,0.36369581402048734,8.905792945336554,6.540167808817449,0.14648312491198592
evogym,lamarckian,0.4,2,26,0.45671820901165094,0.3680435397845717,9.048988599583137,7.0412887614168085,0.11552812414433014
evogym,lamarckian,0.4,2,27,0.45671820901165094,0.35512806503307515,9.048988599583137,6.80041928521281,0.11219518553586645
evogym,lamarckian,0.4,2,28,0.45671820901165094,0.36194395930152745,9.048988599583137,6.964689038990171,0.11216416349473501
evogym,lamarckian,0.4,2,29,0.45671820901165094,0.3548265536508969,9.443239775299435,6.855309575557543,0.1135254589759497
evogym,lamarckian,0.4,2,30,0.45671820901165094,0.3570002140677716,9.483045706156977,6.974998472170219,0.10841881101035597
evogym,lamarckian,0.4,3,0,0.300287694936742,0.1984244267614979,3.784745048294886,1.5330606981115935,0.23965065649703923
evogym,lamarckian,0.4,3,1,0.300287694936742,0.1984244267614979,3.784745048294886,1.5330606981115935,0.23965065649703923
evogym,lamarckian,0.4,3,2,0.35141330210104527,0.2216672701033509,6.579705931016647,1.9534372787708736,0.21408718676307675
evogym,lamarckian,0.4,3,3,0.361198631266739,0.26646079649220555,6.579705931016647,2.866890932272209,0.19703892113033267
evogym,lamarckian,0.4,3,4,0.3760658597629519,0.2921118702096081,6.579705931016647,3.5132907361047985,0.16922099859473005
evogym,lamarckian,0.4,3,5,0.3760658597629519,0.30965697300130124,6.9295586841995975,4.0968271000539485,0.1578088701745836
evogym,lamarckian,0.4,3,6,0.40811585417971463,0.3296900753552168,7.356203802171881,4.93314724792724,0.1294961834040606
evogym,lamarckian,0.4,3,7,0.40811585417971463,0.3405295114675423,7.365175788462617,5.171656244925593,0.13901075766527962
evogym,lamarckian,0.4,3,8,0.40811585417971463,0.3320693083276259,8.04382673461096,5.506616905798717,0.11904775153820649
evogym,lamarckian,0.4,3,9,0.40811585417971463,0.34657386272690827,8.135500201563552,5.666820691938223,0.13061242289566505
evogym,lamarckian,0.4,3,10,0.40811585417971463,0.3651336296402634,8.169756027197373,6.275622514280501,0.12386781288752842
evogym,lamarckian,0.4,3,11,0.4129880314862297,0.35679299181774526,8.283794476411373,6.307959957453043,0.11878753953326146
evogym,lamarckian,0.4,3,12,0.4129880314862297,0.36428137657396176,8.283794476411373,6.560670484215545,0.1139225098746504
evogym,lamarckian,0.4,3,13,0.43233053654389886,0.3585653098101863,8.67694450137668,6.530088346629093,0.12021065481075874
evogym,lamarckian,0.4,3,14,0.43233053654389886,0.3633811563598718,8.67694450137668,6.6049780702512235,0.1221884505941366
evogym,lamarckian,0.4,3,15,0.43233053654389886,0.3697191319396145,8.746238033204726,6.909121604680697,0.11863518059114213
evogym,lamarckian,0.4,3,16,0.43233053654389886,0.3665470373550538,8.746238033204726,6.928163845114037,0.11759179335405581
evogym,lamarckian,0.4,3,17,0.43233053654389886,0.36267690079459947,9.0769267682419,6.947773749514305,0.1173182614345131
evogym,lamarckian,0.4,3,18,0.4731861320707186,0.36068721302381523,9.633159430444545,7.067278163279212,0.12142536023316892
evogym,lamarckian,0.4,3,19,0.4731861320707186,0.3572013226156495,9.642932550196786,6.814234062481542,0.1337503144554784
evogym,lamarckian,0.4,3,20,0.4731861320707186,0.3532010221336729,9.642932550196786,6.855090956680073,0.12881082419482592
evogym,lamarckian,0.4,3,21,0.4731861320707186,0.3589442379454181,9.642932550196786,7.069846699460632,0.13018539605219998
evogym,lamarckian,0.4,3,22,0.4731861320707186,0.3687235382383246,9.642932550196786,7.494651161473493,0.12488860703067364
evogym,lamarckian,0.4,3,23,0.4731861320707186,0.3704686008277228,9.642932550196786,7.694818954020723,0.1127594325926083
evogym,lamarckian,0.4,3,24,0.4731861320707186,0.36096966142513065,9.636228980007521,7.1001211701664175,0.12969931823422648
evogym,lamarckian,0.4,3,25,0.4731861320707186,0.36551649561253574,9.636228980007521,7.321469122657753,0.12454748592521647
evogym,lamarckian,0.4,3,26,0.4731861320707186,0.3675972130011949,9.636228980007521,7.205934699016424,0.13280119275179605
evogym,lamarckian,0.4,3,27,0.4731861320707186,0.3822115472684987,9.638053913596403,7.530766287803031,0.1368391749473875
evogym,lamarckian,0.4,3,28,0.47743162623463575,0.38045950041955723,9.638053913596403,7.435940719247834,0.13741914773954442
evogym,lamarckian,0.4,3,29,0.47743162623463575,0.39099454931440414,9.643006793561796,7.666370757975,0.13678440157829766
evogym,lamarckian,0.4,3,30,0.47743162623463575,0.39077800088150644,9.644960690649311,7.64473449627616,0.13012156997281565
evogym,random,0.1,1,0,0.2203813047498477,0.18006177283474953,4.2653774115287915,1.8279580806665106,0.21887060240476064
evogym,random,0.1,1,1,0.2203813047498477,0.18006177283474953,4.2653774115287915,1.8279580806665106,0.21887060240476064
evogym,random,0.1,1,2,0.2203813047498477,0.1805995410576598,4.3958931840985285,1.8655269162445784,0.1992434144868331
evogym,random,0.1,1,3,0.2203813047498477,0.18944197731343645,4.3958931840985285,1.9881912150716168,0.21024402418620655
evogym,random,0.1,1,4,0.22509269868658788,0.1887468949176159,4.3958931840985285,2.367660551431853,0.20063902508504317
evogym,random,0.1,1,5,0.22509269868658788,0.1815939315836652,5.795778352935855,2.5810795315577684,0.18972403052644454
evogym,random,0.1,1,6,0.22509269868658788,0.1858799111583525,6.836942132797818,2.7507378393438255,0.1968887729312913
evogym,random,0.1,1,7,0.22996108420603262,0.17555186664924455,6.836942132797818,2.620470814225435,0.18448414960087817
evogym,random,0.1,1,8,0.22996108420603262,0.198578001613126,6.836942132797818,2.8156326684238926,0.20258026029130466
evogym,random,0.1,1,9,0.232621205158936,0.20135062135336995,6.836942132797818,2.860620758328417,0.21023213124328755
evogym,random,0.1,1,10,0.24579059206841272,0.19979039889446013,6.836942132797818,3.0375908568882006,0.21139745505214796
evogym,random,0.1,1,11,0.24579059206841272,0.19472382586016937,6.836942132797818,3.0858493714604687,0.2038599521147832
evogym,random,0.1,1,12,0.24579059206841272,0.1951782057985732,6.836942132797818,3.4081350756965647,0.19796817400320088
evogym,random,0.1,1,13,0.24579059206841272,0.20083893449940365,6.836942132797818,3.340999849530469,0.20750755462400158
evogym,random,0.1,1,14,0.24579059206841272,0.19793163896336777,6.836942132797818,3.446330069801376,0.1997541959000286
evogym,random,0.1,1,15,0.24579059206841272,0.2031201802215287,6.994728000575613,3.6054923183042917,0.1993098967324594
evogym,random,0.1,1,16,0.24861342835003986,0.20879991454241265,6.994728000575613,3.461153967920933,0.20769552265918828
evogym,random,0.1,1,17,0.24892583580861155,0.2199998874770182,6.994728000575613,3.38494142012824,0.2200015080767656
evogym,random,0.1,1,18,0.30721422199997883,0.21635242571412294,8.116525155807794,3.628339134219793,0.22508285674049175
evogym,random,0.1,1,19,0.30721422199997883,0.21347061730586017,8.116525155807794,3.6396313921567938,0.2313965221723821
evogym,random,0.1,1,20,0.30721422199997883,0.19654806993236046,8.116525155807794,3.895032251589459,0.2138435727609326
evogym,random,0.1,1,21,0.30721422199997883,0.19926433244860436,8.116525155807794,3.3336049638226655,0.2275514348997525
evogym,random,0.1,1,22,0.30721422199997883,0.20309020182998375,8.116525155807794,3.6516116001224135,0.22608971259781083
evogym,random,0.1,1,23,0.30721422199997883,0.197158027851348,8.116525155807794,3.182172181448886,0.22938244296545296
evogym,random,0.1,1,24,0.30721422199997883,0.1935374362608458,8.116525155807794,3.564120881143088,0.21918628333669848
evogym,random,0.1,1,25,0.30721422199997883,0.1897392932383965,8.116525155807794,3.5707906601754593,0.21425229279276442
evogym,random,0.1,1,26,0.30721422199997883,0.19222289244391716,8.116525155807794,3.3577315645378425,0.2143723781565315
evogym,random,0.1,1,27,0.30721422199997883,0.18511624440784305,8.116525155807794,3.6994096311587326,0.20329493175568306
evogym,random,0.1,1,28,0.30721422199997883,0.1859853581933838,8.116525155807794,3.7458508670360815,0.2037300181959946
evogym,random,0.1,1,29,0.3240184757256195,0.19575155343019615,9.378574320843166,4.049295742580665,0.19401132098487014
evogym,random,0.1,1,30,0.36151556602297524,0.21441668194705285,9.378574320843166,3.9806194886008983,0.20441751586751594
evogym,random,0.1,2,0,0.23771324609269806,0.1950133877472786,4.94459880607333,1.744740460376796,0.23030051445696284
evogym,random,0.1,2,1,0.23771324609269806,0.1950133877472786,4.94459880607333,1.744740460376796,0.23030051445696284
evogym,random,0.1,2,2,0.23805447210794273,0.19615444518661004,5.050240882350018,1.816427330816183,0.21632639198328088
evogym,random,0.1,2,3,0.23973133762585067,0.20115962530033277,5.050240882350018,2.0414556800952144,0.21847271305619884
evogym,random,0.1,2,4,0.24118779874963095,0.21536792357708023,5.050240882350018,2.485438577519921,0.2228207972162886
evogym,random,0.1,2,5,0.24118779874963095,0.21421677827527746,5.050240882350018,2.3010975444796227,0.23176060925199704
evogym,random,0.1,2,6,0.24118779874963095,0.21215964480616795,5.050240882350018,2.5236076810294232,0.22033341647715393
evogym,random,0.1,2,7,0.24118779874963095,0.2072794102617833,5.050240882350018,2.579767040591877,0.2180508536438377
evogym,random,0.1,2,8,0.24521247126911594,0.2120606955303411,5.050240882350018,2.6606180682551805,0.22483248257837482
evogym,random,0.1,2,9,0.24521247126911594,0.2026520306765597,5.050240882350018,2.550982384563582,0.21649379437211308
evogym,random,0.1,2,10,0.30707425316826,0.20406077353747798,5.833112857792361,2.8280680778811247,0.21673895315666244
evogym,random,0.1,2,11,0.30707425316826,0.2039869278447483,5.833112857792361,2.826160078594447,0.2192895742823524
evogym,random,0.1,2,12,0.30707425316826,0.2067851493892376,5.833112857792361,2.518236261976052,0.22845888092018565
evogym,random,0.1,2,13,0.30707425316826,0.20313124581464898,5.833112857792361,2.6617896446865195,0.22097652086679198
evogym,random,0.1,2,14,0.30707425316826,0.20107722794182975,5.833112857792361,2.9534111266212335,0.21564036729852618
evogym,random,0.1,2,15,0.30707425316826,0.19673774971340047,5.833112857792361,2.400572628049112,0.21693999696344962
evogym,random,0.1,2,16,0.30707425316826,0.2084272014220983,5.833112857792361,2.7056444653486063,0.2174262700173438
evogym,random,0.1,2,17,0.30707425316826,0.20467536608172754,5.833112857792361,2.795134243523639,0.21270288834400214
evogym,random,0.1,2,18,0.30707425316826,0.208183865496387,5.833112857792361,2.6636341481058903,0.21887711244341826
evogym,random,0.1,2,19,0.30707425316826,0.20707904166028035,7.21729209697123,3.044166035420881,0.21341701761287912
evogym,random,0.1,2,20,0.3134975463451437,0.20786874189395607,7.21729209697123,3.2885689326628786,0.213113433660412
evogym,random,0.1,2,21,0.3134975463451437,0.19887349884964306,7.21729209697123,2.8852876454313505,0.2146736421755473
evogym,random,0.1,2,22,0.3134975463451437,0.21172920243502893,7.21729209697123,2.852266319417693,0.2316422872437312
evogym,random,0.1,2,23,0.3134975463451437,0.21217459559787363,8.720002081489486,2.6188766528596723,0.24458171805794598
evogym,random,0.1,2,24,0.3134975463451437,0.20321183259676506,8.720002081489486,2.491798205495059,0.24042955396453417
evogym,random,0.1,2,25,0.3134975463451437,0.19784047644382466,8.720002081489486,2.4772546917376426,0.2402747009498687
evogym,random,0.1,2,26,0.3134975463451437,0.20206412642094013,8.720002081489486,2.2561132677538485,0.23802232657970443
evogym,random,0.1,2,27,0.3134975463451437,0.2050578589702739,8.720002081489486,2.6121588859321503,0.22790677207047394
evogym,random,0.1,2,28,0.3313989016445182,0.2274207744016649,5.833112857792361,1.8809333122783733,0.24118238159923414
evogym,random,0.1,2,29,0.3313989016445182,0.23548797956657658,5.833112857792361,2.4028516501204216,0.22830249913685102
evogym,random,0.1,2,30,0.36674521574314695,0.25269974005534646,5.833112857792361,2.3121703059797314,0.24320325676836724
evogym,random,0.1,3,0,0.22951983173293758,0.1828207695712635,4.38771453456302,1.784658585687891,0.2228200626250163
evogym,random,0.1,3,1,0.22951983173293758,0.1828207695712635,4.38771453456302,1.784658585687891,0.2228200626250163
evogym,random,0.1,3,2,0.2425384633273452,0.1840374875479146,4.599639705584483,1.8676062348074538,0.2035963659830275
evogym,random,0.1,3,3,0.2425384633273452,0.19387331225672105,5.26497189138847,2.3380357681080453,0.21043270084152127
evogym,random,0.1,3,4,0.2425384633273452,0.18980194959476587,5.26497189138847,2.521738188858987,0.19408211528134073
evogym,random,0.1,3,5,0.2425384633273452,0.19480790390541897,5.26497189138847,2.559115105239761,0.2006380484495225
evogym,random,0.1,3,6,0.2425384633273452,0.20388718410925882,6.284810737749387,2.770987020603177,0.20580126807572036
evogym,random,0.1,3,7,0.2425384633273452,0.20504550692909912,6.284810737749387,2.650732404370905,0.2180017965113168
evogym,random,0.1,3,8,0.24538606055825435,0.19986899540348987,6.426869918093393,2.901545423913275,0.21667410315572272
evogym,random,0.1,3,9,0.2457333152876856,0.20139132402365756,6.284810737749387,2.6813886049284976,0.22239490597770062
evogym,random,0.1,3,10,0.24677220122177665,0.20592475335280133,6.284810737749387,2.9616436526961945,0.22095469105346321
evogym,random,0.1,3,11,0.24677220122177665,0.2038884679589478,4.899778404622772,2.543275045193086,0.22495108746158593
evogym,random,0.1,3,12,0.24677220122177665,0.21027144411425955,4.899778404622772,2.5246044750168575,0.21979829135260553
evogym,random,0.1,3,13,0.24677220122177665,0.2034553024051918,4.899778404622772,2.703121645089464,0.20855440429609678
evogym,random,0.1,3,14,0.24677220122177665,0.21070941772350604,6.040915098717993,2.685820786387629,0.22973261177219784
evogym,random,0.1,3,15,0.24677220122177665,0.2025668707283737,6.040915098717993,2.566508340267393,0.2307728336902363
evogym,random,0.1,3,16,0.24677220122177665,0.19702126803864634,6.040915098717993,2.6103056432350265,0.20879271239949343
evogym,random,0.1,3,17,0.24677220122177665,0.21144980264338695,4.876031857845751,2.2290704930013687,0.22797110081631328
evogym,random,0.1,3,18,0.2425384633273452,0.21232533006939197,4.876031857845751,2.0984381048249094,0.23452095742268025
evogym,random,0.1,3,19,0.24315757608600053,0.21102951987441632,4.876031857845751,2.4757960978637676,0.2259323722071791
evogym,random,0.1,3,20,0.23954019290265846,0.20402760132519968,4.876031857845751,2.301680521075088,0.2186789284266843
evogym,random,0.1,3,21,0.23954019290265846,0.20761247259273768,4.876031857845751,2.4609717395086714,0.22197937083142705
evogym,random,0.1,3,22,0.2875090443041726,0.20384870493667878,4.876031857845751,2.6396483689072245,0.20972532644435726
evogym,random,0.1,3,23,0.3141482532301726,0.20699833111448274,4.876031857845751,2.3945016519884668,0.21252147117258965
evogym,random,0.1,3,24,0.3141482532301726,0.20715885951238286,4.876031857845751,2.2402776684737464,0.21676310415164454
evogym,random,0.1,3,25,0.3141482532301726,0.2033092901025224,5.841361669334316,2.4627777931772386,0.2182266998228921
evogym,random,0.1,3,26,0.3141482532301726,0.19537043292302353,4.608848710859318,2.180657161294748,0.2065439924300072
evogym,random,0.1,3,27,0.3141482532301726,0.20559275182130018,5.293018590402269,2.4046435771031978,0.20781567232456494
evogym,random,0.1,3,28,0.3141482532301726,0.20614040521244198,5.293018590402269,2.3598445884059815,0.20768654752754373
evogym,random,0.1,3,29,0.3141482532301726,0.2159177391751757,5.293018590402269,2.6142109764191352,0.2068103947666772
evogym,random,0.1,3,30,0.3175093257366942,0.2202380227263146,6.948596801329381,2.735804793716817,0.2071679569315979
evogym,random,0.25,1,0,0.27382173407012167,0.20973470411035094,6.169626147461017,1.9506820832091765,0.23816900533350988
evogym,random,0.25,1,1,0.27382173407012167,0.20973470411035094,6.169626147461017,1.9506820832091765,0.23816900533350988
evogym,random,0.25,1,2,0.27382173407012167,0.20791766995170366,6.169626147461017,1.996067110872864,0.2077041358281503
evogym,random,0.25,1,3,0.27507891670280143,0.22151701588302747,6.169626147461017,2.5319571366919265,0.19626452692738935
evogym,random,0.25,1,4,0.279188037114454,0.2302086611225013,6.169626147461017,2.786900775266766,0.19332324411644028
evogym,random,0.25,1,5,0.283053318262152,0.22665649352613415,6.54235174390584,3.037382906508752,0.18071289109421068
evogym,random,0.25,1,6,0.283053318262152,0.24088002299954764,6.54235174390584,3.190973979503384,0.19470239249679325
evogym,random,0.25,1,7,0.283053318262152,0.234463822604364,7.207139047082407,3.468227286129551,0.17903771790850914
evogym,random,0.25,1,8,0.3211225838873461,0.24033491420113182,7.207139047082407,3.7797773674623665,0.16876381093097897
evogym,random,0.25,1,9,0.3211225838873461,0.24064008688214017,7.207139047082407,3.733903172403415,0.1739650638624346
evogym,random,0.25,1,10,0.3211225838873461,0.23821177215394726,7.207139047082407,3.765007185493657,0.17317961986134794
evogym,random,0.25,1,11,0.3211225838873461,0.24533332696878896,7.207139047082407,4.0113726385611415,0.16769746797169532
evogym,random,0.25,1,12,0.3211225838873461,0.24726698201672245,7.207139047082407,3.975374768332766,0.17083062923699285
evogym,random,0.25,1,13,0.3211225838873461,0.24975021757996632,7.207139047082407,4.197290632190467,0.16589028690252536
evogym,random,0.25,1,14,0.3211225838873461,0.2496106842037694,7.207139047082407,4.228525433962257,0.17035258352320448
evogym,random,0.25,1,15,0.3211225838873461,0.24602570191042217,7.207139047082407,4.409654102810897,0.16244127782202278
evogym,random,0.25,1,16,0.3211225838873461,0.25365437771017274,7.207139047082407,4.769584665724119,0.15721479721698867
evogym,random,0.25,1,17,0.3211225838873461,0.23150444299849054,7.207139047082407,4.347608383981761,0.1516965562122393
evogym,random,0.25,1,18,0.3211225838873461,0.24395038115315554,7.968804779695618,4.771417705408881,0.15567085047400012
evogym,random,0.25,1,19,0.3211225838873461,0.24215404115701605,7.968804779695618,4.625007488751365,0.15729781572175003
evogym,random,0.25,1,20,0.3211225838873461,0.23960991654272917,8.851121093521249,5.254227190613074,0.13791601256257208
evogym,random,0.25,1,21,0.3211225838873461,0.24299010407138807,8.851121093521249,4.739166771514762,0.16329185719838152
evogym,random,0.25,1,22,0.3211225838873461,0.23785022378409776,8.851121093521249,5.223485762220717,0.13635725189585782
evogym,random,0.25,1,23,0.3310179526031044,0.24735495112292352,8.851121093521249,5.294330279810202,0.1430551793011162
evogym,random,0.25,1,24,0.3310179526031044,0.25823263663645774,8.851121093521249,5.930246508639074,0.13423317108965419
evogym,random,0.25,1,25,0.3310179526031044,0.25544756767934323,8.851121093521249,5.97538425363675,0.13224184601459116
evogym,random,0.25,1,26,0.3310179526031044,0.26015022138941485,8.851121093521249,6.3112300901396186,0.12826725442801346
evogym,random,0.25,1,27,0.3310179526031044,0.25775358183491404,9.53446132622959,6.433884973853064,0.12849800312661538
evogym,random,0.25,1,28,0.3310179526031044,0.25444967692430664,9.557708343624787,6.166004113063051,0.12906018392581037
evogym,random,0.25,1,29,0.34072682251942604,0.26014374339062835,9.557708343624787,6.434196332140142,0.1260930680503484
evogym,random,0.25,1,30,0.34072682251942604,0.2663593770385484,9.557708343624787,6.473739271937528,0.1292816081567796
evogym,random,0.25,2,0,0.2669107251125309,0.20726736646223826,3.919580729425168,1.7301819996484038,0.22645929689672828
evogym,random,0.25,2,1,0.2669107251125309,0.20726736646223826,3.919580729425168,1.7301819996484038,0.22645929689672828
evogym,random,0.25,2,2,0.2884083733188664,0.215017593500549,5.180928571832418,1.9003785591880291,0.20256289463375712
evogym,random,0.25,2,3,0.3060232603489429,0.23775405227126484,5.3986751055256,2.4476953441504032,0.19606619303147715
evogym,random,0.25,2,4,0.306758248771233,0.24522606288331858,5.3986751055256,2.7507754617325917,0.18636110856718582
evogym,random,0.25,2,5,0.306758248771233,0.26090065595705375,5.440368145235324,3.3130167788452645,0.17277986422371566
evogym,random,0.25,2,6,0.3070328109472513,0.2555578098770576,5.745261051639687,3.5095810496431916,0.15837465445355653
evogym,random,0.25,2,7,0.3070328109472513,0.2604670403828987,5.745261051639687,3.5208262714412477,0.1715291466627796
evogym,random,0.25,2,8,0.3129149644679793,0.26562607675514704,5.936953341533576,3.7311050821125895,0.1773124573902348
evogym,random,0.25,2,9,0.3129149644679793,0.26252398575100017,5.936953341533576,3.7325112338620627,0.1788203025262797
evogym,random,0.25,2,10,0.31392291655005605,0.2583214043892263,5.936953341533576,3.7676858921251686,0.17608565490196554
evogym,random,0.25,2,11,0.3149846073040371,0.26015900701406164,5.936953341533576,4.038382124350475,0.17582810311740382
evogym,random,0.25,2,12,0.3105839699020986,0.23740990976094117,8.191311637604104,4.1075533500080565,0.17262880888940335
evogym,random,0.25,2,13,0.3105839699020986,0.24165811676333418,8.191311637604104,4.182865057055842,0.18130698394894457
evogym,random,0.25,2,14,0.3296030786603493,0.24287941080533765,8.191311637604104,4.182185794311553,0.1807998546801121
evogym,random,0.25,2,15,0.3296030786603493,0.23783501237474355,8.640405252208677,4.366596266722532,0.1681053199213129
evogym,random,0.25,2,16,0.3296030786603493,0.24417788074127125,8.640405252208677,4.398835234994328,0.1767098502556546
evogym,random,0.25,2,17,0.3296030786603493,0.229451427079934,8.640405252208677,4.176598113868051,0.16894138866912184
evogym,random,0.25,2,18,0.3296030786603493,0.23887008397349616,8.640405252208677,4.106324608782495,0.17596898379160894
evogym,random,0.25,2,19,0.3296030786603493,0.24736820523891234,8.640405252208677,4.4479624484337785,0.16951375923931472
evogym,random,0.25,2,20,0.335083025683621,0.2466639473391758,8.640405252208677,4.356578035775008,0.172701203505192
evogym,random,0.25,2,21,0.335083025683621,0.25519069265327105,8.640405252208677,4.593180551359642,0.17460619875901726
evogym,random,0.25,2,22,0.335083025683621,0.24751754128956294,8.640405252208677,4.319393420227035,0.17353928922139567
evogym,random,0.25,2,23,0.335083025683621,0.2530245379323258,8.640405252208677,4.606284508206262,0.16848330574423245
evogym,random,0.25,2,24,0.335083025683621,0.25605664217478874,8.640405252208677,4.542425390920614,0.17497343085803352
evogym,random,0.25,2,25,0.335083025683621,0.25799984625804673,8.640405252208677,4.725557003973583,0.17351190714494158
evogym,random,0.25,2,26,0.335083025683621,0.2494192581440548,8.640405252208677,4.488940760984651,0.17224035770536905
evogym,random,0.25,2,27,0.335083025683621,0.269312294449625,8.640405252208677,5.25915307942828,0.1672610812073601
evogym,random,0.25,2,28,0.335083025683621,0.2638008779374324,8.640405252208677,4.894057349039932,0.17274004840055754
evogym,random,0.25,2,29,0.33549287036694214,0.263914414155504,8.640405252208677,4.740101354828541,0.1748134260472291
evogym,random,0.25,2,30,0.33549287036694214,0.2707742015236716,8.988041475145886,5.121305610603739,0.1696782204931562
evogym,random,0.25,3,0,0.2624035472749224,0.19296992914155847,4.271193724781759,1.6368772904231512,0.23508413412964516
evogym,random,0.25,3,1,0.2624035472749224,0.19296992914155847,4.271193724781759,1.6368772904231512,0.23508413412964516
evogym,random,0.25,3,2,0.27312293561728873,0.19685797261306717,6.721498844863829,1.860859269804274,0.2128363639957184
evogym,random,0.25,3,3,0.27312293561728873,0.2142005116862488,6.721498844863829,2.423400751640744,0.20944390780333394
evogym,random,0.25,3,4,0.27312293561728873,0.22247567136878374,6.721498844863829,2.73279039681036,0.19583435967801527
evogym,random,0.25,3,5,0.27312293561728873,0.22440918182023023,6.721498844863829,2.8217022791343327,0.1891182196756532
evogym,random,0.25,3,6,0.2777312141088437,0.2336956817969742,6.721498844863829,2.8662511576948697,0.19677544309377476
evogym,random,0.25,3,7,0.27846057960554027,0.23666093174438826,6.721498844863829,3.1706323244998815,0.18854427828762682
evogym,random,0.25,3,8,0.315110532707101,0.24139896303098363,6.721498844863829,3.285694102382333,0.19774038891681614
evogym,random,0.25,3,9,0.315110532707101,0.23998858946471197,6.879550439570256,3.677222838083331,0.18220554576056094
evogym,random,0.25,3,10,0.315110532707101,0.2373902526138719,6.879550439570256,3.664930207660299,0.18046412499573633
evogym,random,0.25,3,11,0.315110532707101,0.2363304829861584,6.879550439570256,3.559160673429112,0.1861077974683745
evogym,random,0.25,3,12,0.315110532707101,0.24513573640944658,7.595894386301769,4.020605727051381,0.1808376106212126
evogym,random,0.25,3,13,0.315110532707101,0.24064039312222363,7.595894386301769,3.944959872239342,0.17794606280049755
evogym,random,0.25,3,14,0.315110532707101,0.24454640036319905,7.595894386301769,4.093479736250948,0.17702003511067785
evogym,random,0.25,3,15,0.315110532707101,0.23968389832930376,7.595894386301769,4.17715836189692,0.16146707679177708
evogym,random,0.25,3,16,0.315110532707101,0.24573692493779714,7.595894386301769,4.214837729864778,0.16616971006940454
evogym,random,0.25,3,17,0.315110532707101,0.24085516049443467,7.595894386301769,4.353182675648084,0.1543201048597642
evogym,random,0.25,3,18,0.315110532707101,0.2437462831596951,7.595894386301769,4.3914787274394325,0.1577638971950658
evogym,random,0.25,3,19,0.315110532707101,0.24009802114322185,7.808691036924132,4.404498456444584,0.15701917195505874
evogym,random,0.25,3,20,0.315110532707101,0.24840874688047737,7.808691036924132,4.647540735727193,0.1613909081148779
evogym,random,0.25,3,21,0.315110532707101,0.24008814992170852,8.164430107258308,4.807214812074916,0.14790466116690343
evogym,random,0.25,3,22,0.315110532707101,0.24880609230217404,8.164430107258308,4.898205436591175,0.1546063946454146
evogym,random,0.25,3,23,0.315110532707101,0.2505050955306406,8.164430107258308,5.181735361277619,0.1474170782851661
evogym,random,0.25,3,24,0.315110532707101,0.2526214137464739,8.164430107258308,5.26782236461981,0.1483126292464816
evogym,random,0.25,3,25,0.315110532707101,0.24713130897798624,8.164430107258308,5.014453407228444,0.14924615672542266
evogym,random,0.25,3,26,0.315110532707101,0.2540122687138612,8.164430107258308,5.3765191406591715,0.14444136548219666
evogym,random,0.25,3,27,0.32867700980104775,0.24150957354749925,8.991101172085553,5.106919162790203,0.1454886434722868
evogym,random,0.25,3,28,0.3312440896620179,0.2541038380436201,8.991101172085553,5.329088273655911,0.15499737572662917
evogym,random,0.25,3,29,0.3312440896620179,0.2544405199102867,8.991101172085553,5.522562815544117,0.1485189043307629
evogym,random,0.25,3,30,0.3507500915978127,0.2544206159245197,9.560641073441854,5.312984093514897,0.1579870308124634
evogym,random,0.4,1,0,0.34411637919634275,0.2344829422452866,3.594763444175238,1.635630368664741,0.21560173369203497
evogym,random,0.4,1,1,0.34411637919634275,0.2344829422452866,3.594763444175238,1.635630368664741,0.21560173369203497
evogym,random,0.4,1,2,0.3596936476112726,0.2390755743430347,4.71150573783405,1.7181636442568329,0.19155537403841147
evogym,random,0.4,1,3,0.3596936476112726,0.26761172562535823,4.71150573783405,2.1116728922198766,0.18524500324226947
evogym,random,0.4,1,4,0.3596936476112726,0.2860612552596486,5.077443665270294,2.4930842566644085,0.18498529214720721
evogym,random,0.4,1,5,0.38138112572555344,0.30179205898109074,5.077443665270294,2.8717921020904207,0.1671130706506354
evogym,random,0.4,1,6,0.3834189110233467,0.31358988657503695,5.077443665270294,3.182511230579462,0.16213141415189997
evogym,random,0.4,1,7,0.3834189110233467,0.3082595770443892,6.107702254593111,3.373232714632825,0.16459511979618022
evogym,random,0.4,1,8,0.38371827615890575,0.31732913239196964,6.107702254593111,3.666162464738585,0.1593123732035079
evogym,random,0.4,1,9,0.38371827615890575,0.31653731097713184,6.107702254593111,3.8820910340812818,0.14817561016290248
evogym,random,0.4,1,10,0.3866869867934499,0.3315861581523515,6.107702254593111,4.206819968553871,0.14453838458948953
evogym,random,0.4,1,11,0.3869467214836352,0.3292805197584302,6.107702254593111,4.329979801349628,0.14077019929202636
evogym,random,0.4,1,12,0.3875396054128791,0.3261590696624867,6.400027743517765,4.51450602297359,0.13865871332953847
evogym,random,0.4,1,13,0.46541951700272466,0.2992784270355092,8.241477533956283,4.479445042722799,0.1433306057225663
evogym,random,0.4,1,14,0.46541951700272466,0.303274978859069,8.241477533956283,4.523614569640996,0.14691931521294538
evogym,random,0.4,1,15,0.46541951700272466,0.31336371422759235,8.241477533956283,4.777775034789461,0.14451366656791953
evogym,random,0.4,1,16,0.46541951700272466,0.31841356603007664,8.241477533956283,4.925589175515209,0.14275386494549733
evogym,random,0.4,1,17,0.46541951700272466,0.32781212384958924,8.241477533956283,5.042465535776592,0.15323340090386586
evogym,random,0.4,1,18,0.46541951700272466,0.3430814899312833,8.241477533956283,5.552308606625912,0.14949366212074358
evogym,random,0.4,1,19,0.46541951700272466,0.331252626995142,8.241477533956283,5.379934575121358,0.15290320458635742
evogym,random,0.4,1,20,0.46541951700272466,0.3441309232579808,8.476552798398053,5.69773189023094,0.16247730507266672
evogym,random,0.4,1,21,0.46541951700272466,0.3514619495561785,8.951051842874412,6.284972123470635,0.14095979542131767
evogym,random,0.4,1,22,0.46541951700272466,0.350797164390806,8.951051842874412,6.170112524256287,0.1489510573143359
evogym,random,0.4,1,23,0.46541951700272466,0.33791534727810635,9.591852183224056,6.300621494817586,0.13085558090665514
evogym,random,0.4,1,24,0.47050504105821783,0.3648568360677192,9.591852183224056,6.643352671288985,0.14690804337727917
evogym,random,0.4,1,25,0.4812568024615097,0.35261998366849767,9.591852183224056,6.4199317427656535,0.14195019348240534
evogym,random,0.4,1,26,0.4812568024615097,0.3675263178022691,9.591852183224056,6.726872872858877,0.1446862103166618
evogym,random,0.4,1,27,0.4812568024615097,0.3656579123062734,9.591852183224056,6.9008534872232135,0.13023696729684495
evogym,random,0.4,1,28,0.4812568024615097,0.37967048770196515,9.602084869838782,7.1222974716938525,0.13685095412799003
evogym,random,0.4,1,29,0.4891411301916068,0.3833970838068931,9.602084869838782,7.2913475050555885,0.12896891080564876
evogym,random,0.4,1,30,0.4891411301916068,0.38855152654718544,9.602084869838782,7.3785101414388565,0.13274648271401623
evogym,random,0.4,2,0,0.3104406079503075,0.21511757807766002,3.950264729865831,1.6545831740092445,0.2294231037602766
evogym,random,0.4,2,1,0.3104406079503075,0.21511757807766002,3.950264729865831,1.6545831740092445,0.2294231037602766
evogym,random,0.4,2,2,0.3347251603805558,0.22633550681721243,4.9067666742235145,1.9928650082497879,0.19791724449187392
evogym,random,0.4,2,3,0.38339157683204617,0.24981029472826616,6.721314804041011,2.7708044740146693,0.1813589237052922
evogym,random,0.4,2,4,0.38339157683204617,0.25941781861932717,6.721314804041011,3.111414104754419,0.1708195213466664
evogym,random,0.4,2,5,0.40851064461752384,0.2679011275001538,7.827399393445965,3.534351843272681,0.1588735327010335
evogym,random,0.4,2,6,0.40851064461752384,0.2842146021299577,7.827399393445965,3.821105453696764,0.16124926815753843
evogym,random,0.4,2,7,0.40851064461752384,0.29868565726639845,7.827399393445965,4.152886369597574,0.15984421428629464
evogym,random,0.4,2,8,0.40851064461752384,0.3052662024323257,7.827399393445965,4.48583750506804,0.15052728451788916
evogym,random,0.4,2,9,0.40851064461752384,0.3171289186119258,7.827399393445965,4.766613943060641,0.14994926593531946
evogym,random,0.4,2,10,0.40851064461752384,0.33548210557584734,7.827399393445965,5.350621806442513,0.13854999953504338
evogym,random,0.4,2,11,0.4698389620729739,0.3290572288222571,8.628289531021336,5.315258087503634,0.14938062463361496
evogym,random,0.4,2,12,0.4905442343969614,0.3462873111520176,8.628289531021336,5.775521624488148,0.1441608570961631
evogym,random,0.4,2,13,0.4905442343969614,0.34497775077290405,8.628289531021336,5.891998616451551,0.13686763151432169
evogym,random,0.4,2,14,0.4905442343969614,0.34227108383721555,8.628289531021336,5.940373805038126,0.13577078557053418
evogym,random,0.4,2,15,0.4905442343969614,0.3503637420924965,8.633834650884447,6.206070117577429,0.13083725661242102
evogym,random,0.4,2,16,0.4905442343969614,0.3444181022644331,8.633834650884447,6.052006450864023,0.135273839373586
evogym,random,0.4,2,17,0.4905442343969614,0.3341506256063426,9.562110453343694,6.033217838494297,0.13831964029759589
evogym,random,0.4,2,18,0.4905442343969614,0.34436093127009776,9.562110453343694,6.171755859469782,0.14669919744560428
evogym,random,0.4,2,19,0.4905442343969614,0.3605570244672812,9.562110453343694,6.621659023273983,0.1428941617388267
evogym,random,0.4,2,20,0.4905442343969614,0.36722490245938244,9.580601333832586,6.942790659342303,0.13075827220262512
evogym,random,0.4,2,21,0.4905442343969614,0.39125189891224166,9.580601333832586,7.470832822268139,0.13411119580426267
evogym,random,0.4,2,22,0.4905442343969614,0.36956489664363923,9.580601333832586,6.883761757612897,0.138197723211003
evogym,random,0.4,2,23,0.4942131823127376,0.3979728299025956,9.580601333832586,7.5749228642881175,0.13858283783331163
evogym,random,0.4,2,24,0.4942131823127376,0.3896384968932033,9.580601333832586,7.486966989832874,0.12923745111917945
evogym,random,0.4,2,25,0.4942131823127376,0.3975461186954614,9.580601333832586,7.530569368560094,0.13723162213349485
evogym,random,0.4,2,26,0.5054779919420938,0.39271395825159566,9.580601333832586,7.397550130442727,0.1359178476383464
evogym,random,0.4,2,27,0.5085618375946024,0.3911935884771542,9.580601333832586,7.300838972430481,0.1409474155248668
evogym,random,0.4,2,28,0.5085618375946024,0.40936988483294456,9.580601333832586,7.787142895202974,0.1362837695077865
evogym,random,0.4,2,29,0.5143822465271752,0.4135839606074641,9.580601333832586,7.78548556292223,0.14159969092504818
evogym,random,0.4,2,30,0.5143822465271752,0.4254943815277614,9.580601333832586,7.992600151222808,0.14717295042713152
evogym,random,0.4,3,0,0.3278741899401691,0.22752123152923107,3.7354649421322907,1.4221972041385185,0.2424304199710015
evogym,random,0.4,3,1,0.3278741899401691,0.22752123152923107,3.7354649421322907,1.4221972041385185,0.2424304199710015
evogym,random,0.4,3,2,0.34873992156561023,0.24122462983380863,3.9301696864548124,1.681829805697084,0.21418722660507256
evogym,random,0.4,3,3,0.36584990781927174,0.28095337254463054,5.730735181141889,2.5441747692023453,0.19840357029920608
evogym,random,0.4,3,4,0.37839626283386096,0.2980401378743561,5.730735181141889,2.9035225817183856,0.18254970829861628
evogym,random,0.4,3,5,0.37839626283386096,0.3115060780586025,5.730735181141889,3.2230716624582287,0.17612045160889536
evogym,random,0.4,3,6,0.3855402871121185,0.32457356584825614,5.950099256987136,3.4295547237568393,0.18310499616341194
evogym,random,0.4,3,7,0.3868717731145784,0.32322612908279413,5.950099256987136,3.5642337964929647,0.17331166367281642
evogym,random,0.4,3,8,0.3868717731145784,0.3290692362318769,5.950099256987136,3.8412498892972584,0.16675203207389203
evogym,random,0.4,3,9,0.3868717731145784,0.33190951763556453,5.950099256987136,4.148387368036422,0.1494556262756962
evogym,random,0.4,3,10,0.3812702712712112,0.31609774225823734,7.008416494049174,4.1915069345566875,0.14843713350049537
evogym,random,0.4,3,11,0.3812702712712112,0.3092542816418911,7.008416494049174,4.028881337129112,0.15469885268527314
evogym,random,0.4,3,12,0.3812702712712112,0.30935231914298666,7.008416494049174,4.24721168545137,0.13190519726135402
evogym,random,0.4,3,13,0.38176290692211967,0.32641302796450516,7.008416494049174,4.544961043102332,0.13436576195377245
evogym,random,0.4,3,14,0.4295988665156603,0.330395865131061,7.008416494049174,4.643099458745693,0.13826330119737257
evogym,random,0.4,3,15,0.4295988665156603,0.31960364588668017,7.008416494049174,4.571028413533261,0.12936612810788256
evogym,random,0.4,3,16,0.4295988665156603,0.32097925158809276,7.188640310678428,4.644303471298928,0.13155351948296237
evogym,random,0.4,3,17,0.4295988665156603,0.3383289333668178,7.188640310678428,5.051830139222508,0.12408757584791744
evogym,random,0.4,3,18,0.4295988665156603,0.3396029305785321,7.188640310678428,5.108348469264542,0.12640922220712464
evogym,random,0.4,3,19,0.4473378307389183,0.33844487964647824,7.653547791290623,5.3689528012745695,0.11527886321353935
evogym,random,0.4,3,20,0.4473378307389183,0.3391364577518858,7.653547791290623,5.3508790853258015,0.12116884093617593
evogym,random,0.4,3,21,0.45072247449098063,0.34096795346398157,7.919961678476693,5.465231838303049,0.12262188227450521
evogym,random,0.4,3,22,0.45072247449098063,0.33645530529012524,7.919961678476693,5.344266482374925,0.12614041720647906
evogym,random,0.4,3,23,0.45788287481045675,0.33968137660127046,8.222574505134261,5.504751662707031,0.1250003005590312
evogym,random,0.4,3,24,0.45788287481045675,0.3370871718673211,8.222574505134261,5.60685838432075,0.1094168950634143
evogym,random,0.4,3,25,0.45788287481045675,0.3404777249180851,8.222574505134261,5.4796519318189825,0.12616966543864233
evogym,random,0.4,3,26,0.45788287481045675,0.3540997319708327,8.222574505134261,5.732319105790232,0.1276345171127834
evogym,random,0.4,3,27,0.45788287481045675,0.3387347367267711,8.222574505134261,5.357262015739857,0.1333641041580711
evogym,random,0.4,3,28,0.4708206874508224,0.3473570734224331,8.222574505134261,5.579623269501814,0.12866702840134453
evogym,random,0.4,3,29,0.4708206874508224,0.3527897591873867,8.243132071589041,5.776231559272209,0.12198211025540165
evogym,random,0.4,3,30,0.4708206874508224,0.3495075193277358,8.243132071589041,5.57073826481928,0.1317753748280765
evogym,random_many,0.1,1,0,0.22296269756980397,0.18658376071757668,4.549560328941898,1.5980282327310034,0.23052420173451565
evogym,random_many,0.1,1,1,0.22296269756980397,0.18658376071757668,4.549560328941898,1.5980282327310034,0.23052420173451565
evogym,random_many,0.1,1,2,0.22296269756980397,0.1875027613954253,4.6234139822430755,1.7270489143415997,0.20794651368628808
evogym,random_many,0.1,1,3,0.2731702661935305,0.20123216671399308,4.792382089151201,2.284446561624304,0.2167429861408577
evogym,random_many,0.1,1,4,0.2731702661935305,0.19712880139630923,4.792382089151201,2.197350973540392,0.21245771662833737
evogym,random_many,0.1,1,5,0.2731702661935305,0.20399089429361053,5.010049725860518,2.640782708401989,0.20539143843100943
evogym,random_many,0.1,1,6,0.2731702661935305,0.19957322221143223,6.121909426259435,2.792003927708799,0.20231941491267844
evogym,random_many,0.1,1,7,0.2731702661935305,0.1947433240995357,6.121909426259435,2.780099233150447,0.20405063537037024
evogym,random_many,0.1,1,8,0.2731702661935305,0.19280721477501547,6.121909426259435,2.710447137707596,0.20699657050933506
evogym,random_many,0.1,1,9,0.2731702661935305,0.19603891903825463,6.121909426259435,3.229084123970767,0.21087416910721718
evogym,random_many,0.1,1,10,0.2731702661935305,0.18425925185036435,6.121909426259435,2.797831743177479,0.20858086332466685
evogym,random_many,0.1,1,11,0.2731702661935305,0.1969632530445216,6.674176556780239,3.1653921155958193,0.20324564748174404
evogym,random_many,0.1,1,12,0.2731702661935305,0.19638855227716623,6.674176556780239,2.8644832245893737,0.20924682602714575
evogym,random_many,0.1,1,13,0.2731702661935305,0.19599206864151986,6.674176556780239,2.719764818966559,0.21523733166806944
evogym,random_many,0.1,1,14,0.2731702661935305,0.19221065051414257,7.124071877849391,2.8064498036473706,0.21130616592201207
evogym,random_many,0.1,1,15,0.2731702661935305,0.1969902863630243,7.124071877849391,2.814516519804008,0.21007216900421385
evogym,random_many,0.1,1,16,0.2731702661935305,0.1972284216789133,7.124071877849391,2.6027331724068654,0.21411662494004244
evogym,random_many,0.1,1,17,0.2731702661935305,0.1941344903263466,7.124071877849391,3.064254221527079,0.2103879879789253
evogym,random_many,0.1,1,18,0.2731702661935305,0.18717979738444507,7.124071877849391,2.66184134366227,0.2111773044769655
evogym,random_many,0.1,1,19,0.2731702661935305,0.1821261180254469,7.124071877849391,2.8711909316222015,0.20700664526258122
evogym,random_many,0.1,1,20,0.2731702661935305,0.1816209159984345,7.124071877849391,2.8836221078975144,0.1993281507544414
evogym,random_many,0.1,1,21,0.2731702661935305,0.18462352691637923,7.124071877849391,2.7494498838232415,0.20613178777142244
evogym,random_many,0.1,1,22,0.2731702661935305,0.17328545524570754,7.909738731302444,2.720703316424362,0.19818477018749583
evogym,random_many,0.1,1,23,0.2731702661935305,0.17940060128534163,7.909738731302444,2.984570410285338,0.1974697490898023
evogym,random_many,0.1,1,24,0.32602451248702835,0.18353436386754893,8.448019430163097,2.9531260797537997,0.20681567798360634
evogym,random_many,0.1,1,25,0.32602451248702835,0.1823079520393259,8.448019430163097,2.62807927812363,0.20830660209108953
evogym,random_many,0.1,1,26,0.32602451248702835,0.1846907503552369,8.448019430163097,3.1692658893298917,0.20334998221959877
evogym,random_many,0.1,1,27,0.32602451248702835,0.1821886843759822,8.448019430163097,2.9616021541581454,0.20309323873145363
evogym,random_many,0.1,1,28,0.32602451248702835,0.17809874658457583,8.448019430163097,2.8640560137743565,0.19727458660412753
evogym,random_many,0.1,1,29,0.32602451248702835,0.19436589975676688,8.476373381012936,3.908121540619901,0.19145150479081488
evogym,random_many,0.1,1,30,0.32602451248702835,0.19988194277132992,8.476373381012936,2.9908690117265526,0.19922492732158587
evogym,random_many,0.1,2,0,0.2269399079912265,0.1920840998851101,3.9407633160653672,1.5395233645868978,0.23322642775808328
evogym,random_many,0.1,2,1,0.2269399079912265,0.1920840998851101,3.9407633160653672,1.5395233645868978,0.23322642775808328
evogym,random_many,0.1,2,2,0.22772296102139172,0.19311565716372336,3.9407633160653672,1.5723356563479274,0.2130503491532237
evogym,random_many,0.1,2,3,0.22858223085732576,0.20228334908142206,4.7459137807669185,1.7860197269175213,0.22138174502852687
evogym,random_many,0.1,2,4,0.22944043018151583,0.20196972856964518,4.7459137807669185,1.987140082136434,0.21377662319104926
evogym,random_many,0.1,2,5,0.23076286000813578,0.20724348728836278,4.7459137807669185,2.217518168557132,0.21698748801224665
evogym,random_many,0.1,2,6,0.22920183535004413,0.1995199127231846,4.7459137807669185,2.0303239579035885,0.2166801919948446
evogym,random_many,0.1,2,7,0.23057693448803593,0.1971634431940891,4.7459137807669185,2.1272371773796697,0.21478100276800155
evogym,random_many,0.1,2,8,0.23038292107463318,0.18329888810344644,7.1180183865667965,2.2853081172901692,0.19932220268037765
evogym,random_many,0.1,2,9,0.23038292107463318,0.19890378605268336,7.1180183865667965,2.5909801125878453,0.21341931959325366
evogym,random_many,0.1,2,10,0.23038292107463318,0.19360850059934248,7.1180183865667965,2.8085381115468997,0.20993255707222888
evogym,random_many,0.1,2,11,0.2324817858421609,0.19675059808886303,7.1180183865667965,2.7517671752747184,0.20855201217823
evogym,random_many,0.1,2,12,0.2324817858421609,0.19645930612927703,7.1180183865667965,3.1675822881435636,0.20171181793891835
evogym,random_many,0.1,2,13,0.2324817858421609,0.19704881430275703,7.1180183865667965,3.138284463009737,0.20453037738698915
evogym,random_many,0.1,2,14,0.2324817858421609,0.20104693286471478,7.1180183865667965,3.2896181197563408,0.20714174633894444
evogym,random_many,0.1,2,15,0.2324817858421609,0.1941057294451156,7.1180183865667965,3.3859010243012713,0.20641748878196528
evogym,random_many,0.1,2,16,0.2324817858421609,0.19398501658561224,7.1180183865667965,3.1499299436043904,0.20797694951914886
evogym,random_many,0.1,2,17,0.2324817858421609,0.19553492862452831,7.1180183865667965,3.5288155889533597,0.19934803600441847
evogym,random_many,0.1,2,18,0.2339676177894776,0.19587880500895602,7.1180183865667965,3.306535466623803,0.20064515307128153
evogym,random_many,0.1,2,19,0.2339676177894776,0.19905030287295808,7.1180183865667965,3.0044866553424825,0.21415111027219647
evogym,random_many,0.1,2,20,0.23625035416177714,0.1995294634242703,7.1180183865667965,3.234958330920925,0.2156352971800163
evogym,random_many,0.1,2,21,0.23625035416177714,0.19526484869957622,7.1180183865667965,3.5415115054213104,0.21792715325303255
evogym,random_many,0.1,2,22,0.22836243041547122,0.1752010665809654,7.450775988522947,2.8136237625254905,0.20082514495437565
evogym,random_many,0.1,2,23,0.22836243041547122,0.18943912587873973,6.558521087861537,2.6682667704888443,0.19961332427393125
evogym,random_many,0.1,2,24,0.22836243041547122,0.20316573200916238,6.726224354602022,3.137115101698533,0.20877027118966676
evogym,random_many,0.1,2,25,0.22836243041547122,0.19460998444150648,6.726224354602022,3.0112567104005272,0.20613072935724505
evogym,random_many,0.1,2,26,0.28866648776453396,0.19812107776263183,6.726224354602022,3.3381239236481477,0.2067736284891307
evogym,random_many,0.1,2,27,0.3250843615209206,0.19583872991496204,6.726224354602022,3.5030038940110453,0.19238774067928444
evogym,random_many,0.1,2,28,0.3250843615209206,0.19959325245026838,6.726224354602022,3.257271668499991,0.2060306268952472
evogym,random_many,0.1,2,29,0.3250843615209206,0.19819079282382152,7.558794336553996,3.391864600603872,0.1952971788846434
evogym,random_many,0.1,2,30,0.3250843615209206,0.20248947125539454,7.558794336553996,3.2766816500781344,0.18943075471482274
evogym,random_many,0.1,3,0,0.2520933520341901,0.19919357968308224,3.136952117138951,1.510060013444003,0.24866346809188694
evogym,random_many,0.1,3,1,0.2520933520341901,0.19919357968308224,3.136952117138951,1.510060013444003,0.24866346809188694
evogym,random_many,0.1,3,2,0.2520933520341901,0.2032946938093366,4.2341163416948575,1.685982749824312,0.22914925932526908
evogym,random_many,0.1,3,3,0.2520933520341901,0.21910464637394345,4.2341163416948575,1.7260058295665346,0.24429982082565055
evogym,random_many,0.1,3,4,0.252438195169443,0.2281108942431816,4.2341163416948575,2.2372228228032824,0.24230004079171596
evogym,random_many,0.1,3,5,0.25601716828481486,0.21965929452978386,5.401130152215053,2.2905375597843176,0.23771179455592528
evogym,random_many,0.1,3,6,0.25601716828481486,0.22109233561751324,5.401130152215053,2.1287696221929835,0.24767133844385714
evogym,random_many,0.1,3,7,0.25601716828481486,0.22014194779259535,6.020844726075767,2.2203047877824593,0.2517162144757751
evogym,random_many,0.1,3,8,0.25876688162413153,0.21324932366762486,6.205723947893898,2.359990887403804,0.25141263366259403
evogym,random_many,0.1,3,9,0.25876688162413153,0.21568285387580272,6.962124408638751,2.6073225966247366,0.2430225412515718
evogym,random_many,0.1,3,10,0.25876688162413153,0.21967600812516364,6.962124408638751,2.7173320130810446,0.24157637561270992
evogym,random_many,0.1,3,11,0.25876688162413153,0.21525043178264203,6.962124408638751,2.5629237606351847,0.23540540323679943
evogym,random_many,0.1,3,12,0.25876688162413153,0.218880667789935,5.800288138511122,2.6334592756908997,0.24123934880250048
evogym,random_many,0.1,3,13,0.25876688162413153,0.2090644823516375,5.932960282705792,2.895631549364878,0.23663453050190486
evogym,random_many,0.1,3,14,0.24350832764855887,0.18261546938531212,6.7718099534358585,2.950670195803248,0.21331827577498746
evogym,random_many,0.1,3,15,0.2452021247369766,0.19852244218775975,6.9458412847190605,3.045400087606324,0.22873017291935493
evogym,random_many,0.1,3,16,0.2452021247369766,0.19616036067657266,6.9458412847190605,2.3903051984692034,0.23435903308687084
evogym,random_many,0.1,3,17,0.2452021247369766,0.19986140991776477,6.9458412847190605,3.480467677366376,0.21919466907489885
evogym,random_many,0.1,3,18,0.24982645221098834,0.19341022842937838,6.9458412847190605,2.359312970242825,0.24166294121732004
evogym,random_many,0.1,3,19,0.2452021247369766,0.1841051550269031,6.9458412847190605,2.4735184475116183,0.22432294510687098
evogym,random_many,0.1,3,20,0.2452021247369766,0.2102645595968208,6.9458412847190605,2.745770398997886,0.23559625751418073
evogym,random_many,0.1,3,21,0.2452021247369766,0.1953555758925838,6.9458412847190605,2.647338893363746,0.22147647424090117
evogym,random_many,0.1,3,22,0.25331369804826487,0.20258305665904702,6.957955882395343,2.334739783107949,0.23575966821734515
evogym,random_many,0.1,3,23,0.25331369804826487,0.20481604353106397,6.957955882395343,2.9750215468155234,0.22518750716409378
evogym,random_many,0.1,3,24,0.25331369804826487,0.19724607432706956,6.957955882395343,2.965691781180145,0.21426156368355395
evogym,random_many,0.1,3,25,0.29321173014649793,0.20584714565683968,6.987276277597266,3.642528760880436,0.20824737695254486
evogym,random_many,0.1,3,26,0.3170388603711381,0.19543686020151174,7.187727937042987,3.0494044061950274,0.20519577105487286
evogym,random_many,0.1,3,27,0.3170388603711381,0.2073402594180715,7.187727937042987,3.2999513986695943,0.20712036450418375
evogym,random_many,0.1,3,28,0.32346822207298614,0.2153812597925146,7.5019533025971175,3.507593987960815,0.2082632339702865
evogym,random_many,0.1,3,29,0.3420112843493346,0.21813792561970557,7.5019533025971175,3.4664297572005305,0.21009539204754324
evogym,random_many,0.1,3,30,0.3420112843493346,0.22592852929059,7.5019533025971175,2.8280368138997884,0.22031894765889057
evogym,random_many,0.25,1,0,0.29207600885086243,0.21589477134942264,4.134625010884616,1.364998995864146,0.24245787644056271
evogym,random_many,0.25,1,1,0.29207600885086243,0.21589477134942264,4.134625010884616,1.364998995864146,0.24245787644056271
evogym,random_many,0.25,1,2,0.29207600885086243,0.21939126982639445,4.142956706598836,1.465578659384239,0.21977513514290004
evogym,random_many,0.25,1,3,0.292333696018249,0.24324592666071573,5.130658136107037,2.1133081311688002,0.21538633324073003
evogym,random_many,0.25,1,4,0.292333696018249,0.25359435846028966,5.262702926271324,2.6497537185241224,0.19672165595027524
evogym,random_many,0.25,1,5,0.292333696018249,0.2578344184341906,5.262702926271324,2.669242223493351,0.20171998599485322
evogym,random_many,0.25,1,6,0.2974425868861793,0.2643409917090357,5.262702926271324,3.2680223544061393,0.1779907080934005
evogym,random_many,0.25,1,7,0.3557112566134739,0.27342361603015963,5.783726784441664,3.6756231474214616,0.1769429348640616
evogym,random_many,0.25,1,8,0.3557112566134739,0.2683735961216537,5.783726784441664,3.520509074185925,0.17900416428592078
evogym,random_many,0.25,1,9,0.3557112566134739,0.2750702826801966,5.783726784441664,3.7207542117946275,0.17837149270638533
evogym,random_many,0.25,1,10,0.3557112566134739,0.2659820342376652,5.860476986717463,3.7266540636569765,0.17047619065201344
evogym,random_many,0.25,1,11,0.3557112566134739,0.2688599727836409,5.860476986717463,3.7153506353508683,0.17706399389026267
evogym,random_many,0.25,1,12,0.3557112566134739,0.27144792356973585,5.860476986717463,4.151928096572793,0.15888021338237535
evogym,random_many,0.25,1,13,0.3557112566134739,0.2667368183840751,5.860476986717463,4.098800285160938,0.1589263309823905
evogym,random_many,0.25,1,14,0.3557112566134739,0.2631233213042688,6.9403316230900565,4.364531177640742,0.1550983393332803
evogym,random_many,0.25,1,15,0.3557112566134739,0.262803212466545,6.9403316230900565,4.340558286717324,0.15884741254784043
evogym,random_many,0.25,1,16,0.3557112566134739,0.2640668033164526,6.9403316230900565,4.39815814426718,0.15984375870953227
evogym,random_many,0.25,1,17,0.3557112566134739,0.2678397684044371,6.9403316230900565,4.35258104074923,0.16978785610704258
evogym,random_many,0.25,1,18,0.3557112566134739,0.2725183656005985,6.9403316230900565,4.5825448075016055,0.16412414080674081
evogym,random_many,0.25,1,19,0.3557112566134739,0.26629254664945107,7.057712891794065,4.451606246165236,0.1658176804422521
evogym,random_many,0.25,1,20,0.3557112566134739,0.26555872070023656,7.057712891794065,4.386138773806436,0.17214171903115924
evogym,random_many,0.25,1,21,0.3557112566134739,0.2644024224029554,7.057712891794065,4.340144056969487,0.1740179687577335
evogym,random_many,0.25,1,22,0.3557112566134739,0.27709190616997403,7.057712891794065,4.544547530750295,0.18558898788048422
evogym,random_many,0.25,1,23,0.3557112566134739,0.2780610372122886,7.252577857638184,4.759302952316306,0.18493795384428607
evogym,random_many,0.25,1,24,0.3557112566134739,0.26217556003352904,7.4776560127052365,4.6914013067190465,0.1668799697960146
evogym,random_many,0.25,1,25,0.3557112566134739,0.2712569896338859,7.4776560127052365,4.541321862549396,0.18089005692709154
evogym,random_many,0.25,1,26,0.3557112566134739,0.27508318517699293,7.4776560127052365,4.873951583780374,0.16907931535160584
evogym,random_many,0.25,1,27,0.3557112566134739,0.2730984047955472,7.4776560127052365,4.645321162830494,0.17413490341411386
evogym,random_many,0.25,1,28,0.3557112566134739,0.2768788525524929,7.585588882958473,4.814510200661074,0.17058736177784126
evogym,random_many,0.25,1,29,0.3557112566134739,0.2818514960542303,7.585588882958473,4.890546766852148,0.17021364327158783
evogym,random_many,0.25,1,30,0.3557112566134739,0.2906360196501186,7.730968810392912,5.157347732592521,0.16860364062095062
evogym,random_many,0.25,2,0,0.2811234508135598,0.2199102856705355,2.8012693282932886,1.4213711143432994,0.24272468047815451
evogym,random_many,0.25,2,1,0.2811234508135598,0.2199102856705355,2.8012693282932886,1.4213711143432994,0.24272468047815451
evogym,random_many,0.25,2,2,0.29344319055070023,0.22489577677159786,3.46864645212564,1.5589199202810489,0.21308255717929012
evogym,random_many,0.25,2,3,0.2958653246935395,0.242967921222163,4.404692237943298,2.1387521993442444,0.2007851690996046
evogym,random_many,0.25,2,4,0.2977746486163766,0.2511385581200128,4.404692237943298,2.187140829407094,0.21231235784183378
evogym,random_many,0.25,2,5,0.2977746486163766,0.25476332039470156,5.1393278881440345,2.6675611594176782,0.19547215182130434
evogym,random_many,0.25,2,6,0.2977746486163766,0.2617854445370472,5.1393278881440345,2.677058278811788,0.20888172998423654
evogym,random_many,0.25,2,7,0.2977746486163766,0.26121717002512196,5.1393278881440345,2.639421187542855,0.21114941269475146
evogym,random_many,0.25,2,8,0.2977746486163766,0.2582925463653297,5.1393278881440345,2.712648531300552,0.21203309169926401
evogym,random_many,0.25,2,9,0.2981234488706791,0.25762496692825854,5.1393278881440345,2.8173985721652306,0.20612660832601565
evogym,random_many,0.25,2,10,0.2981234488706791,0.2626177168173067,5.1393278881440345,2.9778461774987166,0.20201879225476432
evogym,random_many,0.25,2,11,0.2930251350259929,0.25829439347258837,5.732384447973174,3.214010703059767,0.2000095658897511
evogym,random_many,0.25,2,12,0.2942470697344869,0.2482504873104519,5.732384447973174,3.075248597351924,0.1929628287391634
evogym,random_many,0.25,2,13,0.2942470697344869,0.25861780516483557,5.732384447973174,3.511953113212879,0.1858212090759741
evogym,random_many,0.25,2,14,0.2942470697344869,0.2502854471355842,5.732384447973174,3.3876121621236543,0.18226948167036325
evogym,random_many,0.25,2,15,0.2942470697344869,0.2517581775419342,5.732384447973174,3.435013499091646,0.17564194876766942
evogym,random_many,0.25,2,16,0.2942470697344869,0.24866149474452798,6.0801297639321366,3.507056960312405,0.17336547930659016
evogym,random_many,0.25,2,17,0.29554286962938525,0.25689974018977274,6.116506463391528,3.6755759975696156,0.1740775614680501
evogym,random_many,0.25,2,18,0.29554286962938525,0.25568284758729376,6.14925661976356,3.8674085680560806,0.1681754976052396
evogym,random_many,0.25,2,19,0.29582936911708024,0.25582479062146357,6.14925661976356,3.582372321977702,0.18306593224353035
evogym,random_many,0.25,2,20,0.29582936911708024,0.26074759807879,6.15703093270155,3.863407812592368,0.18411080353081757
evogym,random_many,0.25,2,21,0.29582936911708024,0.2519919276199194,6.910182616988824,3.792925441808871,0.19135640859271327
evogym,random_many,0.25,2,22,0.3130244229400086,0.26094613594385985,6.910182616988824,4.217739654021413,0.17618766701092253
evogym,random_many,0.25,2,23,0.3130244229400086,0.2590574023783196,6.910182616988824,3.9090985369594513,0.1882743707209655
evogym,random_many,0.25,2,24,0.3130244229400086,0.2659689960342115,6.910182616988824,4.294704535478808,0.18041901326609863
evogym,random_many,0.25,2,25,0.3130244229400086,0.2662568378820446,6.910182616988824,4.233524411202012,0.18460163609854116
evogym,random_many,0.25,2,26,0.3130244229400086,0.2690057645122484,7.174667130005561,4.5000914326066646,0.18239412453267936
evogym,random_many,0.25,2,27,0.43462672582777134,0.264292065124163,7.174667130005561,4.44739723049748,0.1790013060075065
evogym,random_many,0.25,2,28,0.43462672582777134,0.26867646207954266,7.174667130005561,4.788547886191005,0.17382144524332857
evogym,random_many,0.25,2,29,0.43462672582777134,0.2590229545666474,7.573409012982997,4.481566320880457,0.18011812925520626
evogym,random_many,0.25,2,30,0.43462672582777134,0.25753323083038254,8.895547527285524,4.957282610453527,0.16136893294398505
evogym,random_many,0.25,3,0,0.2529144837758619,0.20338342852848862,3.6142073875230163,1.657774687619802,0.22447535907204216
evogym,random_many,0.25,3,1,0.2529144837758619,0.20338342852848862,3.6142073875230163,1.657774687619802,0.22447535907204216
evogym,random_many,0.25,3,2,0.30856580798622374,0.20662809127468312,4.758650685094926,1.8195723446813532,0.19564663028272597
evogym,random_many,0.25,3,3,0.30856580798622374,0.22590155119225294,6.390544802474224,2.5172513459958132,0.2012830586890753
evogym,random_many,0.25,3,4,0.3182647767174839,0.23510677077687378,6.390544802474224,2.9451839670588216,0.19719602211993015
evogym,random_many,0.25,3,5,0.3182647767174839,0.2368191388438048,6.766110034183107,3.5218765332082675,0.17783376739109652
evogym,random_many,0.25,3,6,0.3182647767174839,0.24712172760977688,7.4766105247262935,3.9907341223816446,0.17854865913097404
evogym,random_many,0.25,3,7,0.3182647767174839,0.24755916902571035,8.469081393894188,4.256701362596976,0.17926538256113866
evogym,random_many,0.25,3,8,0.32170709529503105,0.2595807415295205,8.469081393894188,4.262946695587991,0.19867313838159656
evogym,random_many,0.25,3,9,0.34306055427040194,0.2658991692448126,8.469081393894188,4.969455774152147,0.18217788535977544
evogym,random_many,0.25,3,10,0.34306055427040194,0.2700189602087687,8.469081393894188,5.051674633709843,0.1826236329658562
evogym,random_many,0.25,3,11,0.34306055427040194,0.2668881103351287,8.469081393894188,4.898735434805711,0.18316039851377222
evogym,random_many,0.25,3,12,0.34306055427040194,0.2695139728041376,8.469081393894188,5.033008198188997,0.17701486693588495
evogym,random_many,0.25,3,13,0.34306055427040194,0.2756833286981769,8.469081393894188,5.276665305064312,0.17454363932323128
evogym,random_many,0.25,3,14,0.34306055427040194,0.2761770305391854,8.469081393894188,5.28870809016338,0.17881076287429531
evogym,random_many,0.25,3,15,0.34306055427040194,0.2866850580184492,8.469081393894188,5.769045277486326,0.17325179980676939
evogym,random_many,0.25,3,16,0.34306055427040194,0.28946391832471374,8.469081393894188,5.732172256407262,0.1779845004413028
evogym,random_many,0.25,3,17,0.34306055427040194,0.2843670440418309,8.469081393894188,5.979201997824115,0.16511609618844852
evogym,random_many,0.25,3,18,0.34306055427040194,0.28109997162301636,8.469081393894188,5.723944465166061,0.17424025799067033
evogym,random_many,0.25,3,19,0.3472298001190143,0.29408098145919526,8.469081393894188,6.185995183640871,0.17936917126686167
evogym,random_many,0.25,3,20,0.3572861531939606,0.27880459157378984,8.469081393894188,6.012528549596487,0.16853784346593315
evogym,random_many,0.25,3,21,0.3572861531939606,0.28153465463919514,9.131791300268354,6.136655571368857,0.17403908607631194
evogym,random_many,0.25,3,22,0.3572861531939606,0.29167636678656556,9.131791300268354,6.495193559765076,0.16918521846322582
evogym,random_many,0.25,3,23,0.3572861531939606,0.29181902676090415,9.131791300268354,6.6137032806619995,0.17273025685380528
evogym,random_many,0.25,3,24,0.3572861531939606,0.28612326178415726,9.131791300268354,6.286265543945136,0.18211811868326938
evogym,random_many,0.25,3,25,0.375194183453641,0.28615591899226944,9.54844520271577,6.764969441726949,0.16868248276230288
evogym,random_many,0.25,3,26,0.375194183453641,0.28698618536791537,9.54844520271577,6.789698781377974,0.1690207328527334
evogym,random_many,0.25,3,27,0.375194183453641,0.2936296838049056,9.54844520271577,6.826526785464255,0.17214762278916457
evogym,random_many,0.25,3,28,0.3945758169165038,0.29444952918659506,9.54844520271577,7.017557017529955,0.15999391421380496
evogym,random_many,0.25,3,29,0.426193996779867,0.3022632079709668,9.54844520271577,6.637192211936648,0.17737050262954906
evogym,random_many,0.25,3,30,0.426193996779867,0.30061326787008646,9.54844520271577,6.863699032405059,0.16070149905022021
evogym,random_many,0.4,1,0,0.32146160540684127,0.21646147378623182,4.277721606130266,1.7108887055934983,0.22540365618591823
evogym,random_many,0.4,1,1,0.32146160540684127,0.21646147378623182,4.277721606130266,1.7108887055934983,0.22540365618591823
evogym,random_many,0.4,1,2,0.339588311142237,0.2178573572563897,5.328690143336666,1.7736951098722993,0.2003455107995348
evogym,random_many,0.4,1,3,0.36483271763131625,0.25777214578661894,6.15825518702261,2.747828064746742,0.182490633763905
evogym,random_many,0.4,1,4,0.36483271763131625,0.285044017920414,6.919734216103646,3.5632858489437096,0.16551374561678045
evogym,random_many,0.4,1,5,0.3729652227517381,0.30292831505124435,6.919734216103646,4.041661377490108,0.15411143508325606
evogym,random_many,0.4,1,6,0.3729652227517381,0.3142067849944454,7.383401894368766,4.583596354774056,0.14238818099341316
evogym,random_many,0.4,1,7,0.3729652227517381,0.3300632318780126,7.383401894368766,5.1107248355592505,0.13463859785679574
evogym,random_many,0.4,1,8,0.3757538974729648,0.3390571560265489,7.417269977698197,5.488567069967771,0.12982781550877479
evogym,random_many,0.4,1,9,0.3845756583478007,0.3277432028135991,8.328572285164325,5.639647430676382,0.1289329578201998
evogym,random_many,0.4,1,10,0.4121529958444435,0.31056541770451707,8.878354694940974,5.5255328141041655,0.11970440966407739
evogym,random_many,0.4,1,11,0.4121529958444435,0.32315462902080716,8.878354694940974,5.774874297163651,0.12133445836700982
evogym,random_many,0.4,1,12,0.4130803430891622,0.344135766633446,8.878354694940974,6.447183423708528,0.1092130531930287
evogym,random_many,0.4,1,13,0.4130803430891622,0.3414754645211329,8.878354694940974,6.446008403832478,0.10608774817550719
evogym,random_many,0.4,1,14,0.4383453651141976,0.35517130450470435,9.451782459192227,6.912865743340454,0.1099295135972707
evogym,random_many,0.4,1,15,0.4383453651141976,0.3614359675245667,9.498428005075702,7.158042538145838,0.10578264387531851
evogym,random_many,0.4,1,16,0.4383453651141976,0.3629571670440438,9.498428005075702,7.2987714914572,0.0981225013438842
evogym,random_many,0.4,1,17,0.4635745735811758,0.35695042076973593,9.560436893242024,7.1202980636654996,0.1039759648682234
evogym,random_many,0.4,1,18,0.4635745735811758,0.37494477459532094,9.58717858930109,7.594733297799228,0.10084182039246141
evogym,random_many,0.4,1,19,0.4635745735811758,0.37977838709520007,9.58717858930109,7.621659102891778,0.10616283256009643
evogym,random_many,0.4,1,20,0.4635745735811758,0.3819393914192234,9.58717858930109,7.768050993478826,0.1009208531022826
evogym,random_many,0.4,1,21,0.4715372711158553,0.3855379451046988,9.58717858930109,7.776424784812258,0.10719824702919456
evogym,random_many,0.4,1,22,0.4715372711158553,0.38497920417147,9.58717858930109,7.797727710333133,0.10650244030653247
evogym,random_many,0.4,1,23,0.4715372711158553,0.37410177244101417,9.604467165350655,7.542464150446722,0.10368350286761785
evogym,random_many,0.4,1,24,0.4715372711158553,0.3943514985229376,9.604467165350655,8.126875110179608,0.09489611381437517
evogym,random_many,0.4,1,25,0.4755064933712479,0.3956165185404735,9.604467165350655,7.934872741258377,0.10965699809197822
evogym,random_many,0.4,1,26,0.4755064933712479,0.3906905816631622,9.604467165350655,7.8428532896926795,0.10768597743618691
evogym,random_many,0.4,1,27,0.4755064933712479,0.38951355130252396,9.604467165350655,7.696329160440105,0.11637441849105781
evogym,random_many,0.4,1,28,0.4755064933712479,0.39580166169614267,9.604467165350655,7.867951177514809,0.11587075574431786
evogym,random_many,0.4,1,29,0.47668363045826145,0.39501791303501943,9.604467165350655,7.9013728455041585,0.11088461838518696
evogym,random_many,0.4,1,30,0.47668363045826145,0.38942680279790015,9.604467165350655,7.644943616275725,0.11860065972537356
evogym,random_many,0.4,2,0,0.33458653231771823,0.2462955699861859,4.649750399263557,1.6502885673728067,0.25170960744249615
evogym,random_many,0.4,2,1,0.33458653231771823,0.2462955699861859,4.649750399263557,1.6502885673728067,0.25170960744249615
evogym,random_many,0.4,2,2,0.3384553205768685,0.251585755549026,4.649750399263557,1.7524413283033649,0.22929981340826297
evogym,random_many,0.4,2,3,0.3384553205768685,0.2819390785729992,4.649750399263557,2.3822715472406086,0.2091501743979006
evogym,random_many,0.4,2,4,0.3690993758097009,0.3015400795759073,5.6032956709583335,3.1356663071183863,0.1846431287142623
evogym,random_many,0.4,2,5,0.38682951018806694,0.3055153426396881,6.6944443892306635,3.6647136325201166,0.164264265928355
evogym,random_many,0.4,2,6,0.38682951018806694,0.32274153821042223,6.6944443892306635,4.109891297501306,0.1554451098981114
evogym,random_many,0.4,2,7,0.38682951018806694,0.3241579047467073,6.6944443892306635,4.240060445561046,0.15016583811764517
evogym,random_many,0.4,2,8,0.39991395856452344,0.31949142183898294,6.9299010109958905,4.454805374699218,0.12599519156431743
evogym,random_many,0.4,2,9,0.39991395856452344,0.3314113885420686,6.9299010109958905,4.561239374185012,0.1362784562557443
evogym,random_many,0.4,2,10,0.39991395856452344,0.3391966625599019,7.028086725877694,4.763150101219584,0.1426003504651673
evogym,random_many,0.4,2,11,0.39991395856452344,0.3424564088933517,7.028086725877694,4.806953041656417,0.14512731940228069
evogym,random_many,0.4,2,12,0.39991395856452344,0.3511816563781379,7.216837619349488,5.01662069791577,0.15085852756270388
evogym,random_many,0.4,2,13,0.40505644894699155,0.3405542675837311,7.457302563348666,5.279862476477045,0.1187068747196647
evogym,random_many,0.4,2,14,0.40505644894699155,0.34239405176696397,7.457302563348666,5.162470518313507,0.13592981878085453
evogym,random_many,0.4,2,15,0.40505644894699155,0.33951870640485,7.457302563348666,5.276660567321616,0.1282351573151749
evogym,random_many,0.4,2,16,0.40505644894699155,0.35139068956510927,7.457302563348666,5.380420165785191,0.14998949303012513
evogym,random_many,0.4,2,17,0.41562568861986243,0.34537099370182883,8.122070058955359,5.807567317648123,0.12518343519594471
evogym,random_many,0.4,2,18,0.41562568861986243,0.3516002994381713,8.122070058955359,5.793451275973429,0.14068530824988443
evogym,random_many,0.4,2,19,0.4552112909958563,0.3494129959937775,8.122070058955359,6.100558578772491,0.12287522555115063
evogym,random_many,0.4,2,20,0.4552112909958563,0.3472809245561278,8.889122313806206,6.2455573101332735,0.13710207294480667
evogym,random_many,0.4,2,21,0.4552112909958563,0.34776257864547944,9.437644583735874,6.539920893182317,0.13124222889182335
evogym,random_many,0.4,2,22,0.4636086305132698,0.36043118651019584,9.509969560215895,6.628716872514998,0.13966241896744758
evogym,random_many,0.4,2,23,0.4636086305132698,0.3777866279219979,9.509969560215895,7.259734645438347,0.13227475196428784
evogym,random_many,0.4,2,24,0.4636086305132698,0.37911982232998886,9.513408758561638,7.304507959275638,0.13383037593012714
evogym,random_many,0.4,2,25,0.4636086305132698,0.3772033436285353,9.513408758561638,7.25118824139102,0.13135197060461185
evogym,random_many,0.4,2,26,0.4636086305132698,0.37685005491175405,9.513408758561638,7.246976327327866,0.1299314022069585
evogym,random_many,0.4,2,27,0.4636086305132698,0.3872919291325525,9.514873375703832,7.673443543278945,0.11639694954489399
evogym,random_many,0.4,2,28,0.4739006255779892,0.3935230316871137,9.514873375703832,7.662022829034692,0.1262871393362182
evogym,random_many,0.4,2,29,0.4739006255779892,0.387450690269034,9.514873375703832,7.434025042011622,0.12702662214522092
evogym,random_many,0.4,2,30,0.4739006255779892,0.3946662998694042,9.514873375703832,7.804222392488468,0.1116129828085141
evogym,random_many,0.4,3,0,0.3229345207405233,0.23916163335311666,3.5999036807260527,1.6958428741641505,0.21810484462024898
evogym,random_many,0.4,3,1,0.3229345207405233,0.23916163335311666,3.5999036807260527,1.6958428741641505,0.21810484462024898
evogym,random_many,0.4,3,2,0.3587309535685587,0.24048047162634106,3.9566178955142277,1.7200930694393999,0.19479251631243702
evogym,random_many,0.4,3,3,0.38546344060154003,0.264226227711866,5.474206143925543,2.314985284596214,0.18744481678594468
evogym,random_many,0.4,3,4,0.38546344060154003,0.29290298771406464,5.474206143925543,2.85719033561508,0.16732598850610667
evogym,random_many,0.4,3,5,0.38546344060154003,0.2983036392627769,5.474206143925543,2.9190849052228134,0.16322311357840794
evogym,random_many,0.4,3,6,0.38546344060154003,0.3108497898868329,5.474206143925543,3.199955664560645,0.15861106934114388
evogym,random_many,0.4,3,7,0.38546344060154003,0.3253116526253929,5.474206143925543,3.5654501583384457,0.1500924279632207
evogym,random_many,0.4,3,8,0.38600614160751245,0.3275887232083138,6.152292680715896,3.9136827524605815,0.13996021310062817
evogym,random_many,0.4,3,9,0.38600614160751245,0.34486524925740275,6.152292680715896,4.277722328518626,0.1420678100901791
evogym,random_many,0.4,3,10,0.38600614160751245,0.3358465702322576,6.152292680715896,4.410223505669818,0.1234090664349167
evogym,random_many,0.4,3,11,0.38600614160751245,0.3432380313847673,6.310125687373734,4.61696607553243,0.13409520280402576
evogym,random_many,0.4,3,12,0.3859640535340529,0.3197812754753272,7.238770918944006,4.662898423378423,0.11970849659128402
evogym,random_many,0.4,3,13,0.3898006632293665,0.3262038303534641,7.238770918944006,4.721773657910171,0.1297061890056024
evogym,random_many,0.4,3,14,0.3898006632293665,0.33459981001134204,7.238770918944006,4.930336531179702,0.1326170114349789
evogym,random_many,0.4,3,15,0.41736833301090875,0.32848695564586927,7.586089524673611,5.076566293363067,0.12512683263622157
evogym,random_many,0.4,3,16,0.4262694466768897,0.3280147144633837,7.932733830806746,5.170234644146285,0.12232993311193086
evogym,random_many,0.4,3,17,0.4262694466768897,0.3259253529099375,7.932733830806746,4.914512972372867,0.1388896274297787
evogym,random_many,0.4,3,18,0.4262694466768897,0.3346996719905593,7.932733830806746,5.361177052537991,0.11830437176841473
evogym,random_many,0.4,3,19,0.4262694466768897,0.3340848356533325,7.932733830806746,5.18836670902718,0.13143437491248014
evogym,random_many,0.4,3,20,0.4262694466768897,0.3383139246852559,7.932733830806746,5.371609993176296,0.12355927839693819
evogym,random_many,0.4,3,21,0.4262694466768897,0.3481302396304392,7.932733830806746,5.623540221195927,0.12365455536106171
evogym,random_many,0.4,3,22,0.4354668821530818,0.352744748290904,7.932733830806746,5.738070382316151,0.12136923221477083
evogym,random_many,0.4,3,23,0.4354668821530818,0.3447553291554556,7.932733830806746,5.546153968647364,0.12101797484180259
evogym,random_many,0.4,3,24,0.4458817105663322,0.3430347416158291,8.117662493517797,5.530861236871968,0.12650875334702488
evogym,random_many,0.4,3,25,0.4458817105663322,0.3484284256379343,8.130779709919814,5.884946905532186,0.11193026336006788
evogym,random_many,0.4,3,26,0.4458817105663322,0.35684100085202314,8.250423690388669,6.086072902354544,0.11694603028991066
evogym,random_many,0.4,3,27,0.4458817105663322,0.36622968108799925,8.468624713373753,6.411085315395972,0.11225013783119824
evogym,random_many,0.4,3,28,0.4458817105663322,0.3672212604579522,8.468624713373753,6.358865332886824,0.11858967558473306
evogym,random_many,0.4,3,29,0.45830750050175895,0.362464396663415,8.642836103180155,6.300815263145075,0.12063452296254847
evogym,random_many,0.4,3,30,0.45830750050175895,0.3768128939043664,8.642836103180155,6.547586677812814,0.12402612162674465
evogym,best,0.1,1,0,0.2135626443791918,0.17465976809415135,3.4363193231104807,1.5263267334239397,0.2217592190997404
evogym,best,0.1,1,1,0.2135626443791918,0.17465976809415135,3.4363193231104807,1.5263267334239397,0.2217592190997404
evogym,best,0.1,1,2,0.23319075970235695,0.17475334755765703,5.799605455266493,1.733621897339337,0.20323397386164208
evogym,best,0.1,1,3,0.23319075970235695,0.18518616173241892,5.799605455266493,2.2217780514871235,0.20430212197737455
evogym,best,0.1,1,4,0.23319075970235695,0.19743719860281664,5.842691273733571,2.7495668775073243,0.20205309799426044
evogym,best,0.1,1,5,0.23319075970235695,0.19091037997454036,5.992970694860435,2.8326680372887467,0.19891845997721172
evogym,best,0.1,1,6,0.23319075970235695,0.1914749796259676,5.992970694860435,2.789947717115417,0.19895099059200438
evogym,best,0.1,1,7,0.23319075970235695,0.19100077922867076,6.067694665484023,2.909621656136,0.19657467553683827
evogym,best,0.1,1,8,0.23319075970235695,0.19780944741265846,6.246370413695489,2.9836424516253226,0.2006647181474372
evogym,best,0.1,1,9,0.23319075970235695,0.19595908347116345,6.303563270193877,3.2070188199620295,0.1974914449611798
evogym,best,0.1,1,10,0.23319075970235695,0.18694781013830797,6.303563270193877,2.5989445405201144,0.19941654521317403
evogym,best,0.1,1,11,0.23319075970235695,0.1917153610257678,6.70478965550466,3.338270126785821,0.19387891662040474
evogym,best,0.1,1,12,0.23319075970235695,0.18958240477041438,6.70478965550466,3.36667478353876,0.19289712693587838
evogym,best,0.1,1,13,0.23319075970235695,0.1817382046420974,6.70478965550466,3.665889593964468,0.1896090284724285
evogym,best,0.1,1,14,0.23319075970235695,0.1731582399965088,5.92262672712742,2.9824276807741152,0.19422828550662877
evogym,best,0.1,1,15,0.23319075970235695,0.17227729090113397,5.92262672712742,2.7376053194250543,0.19832825524110448
evogym,best,0.1,1,16,0.23319075970235695,0.18046342471287338,6.556216999991428,3.083342737686067,0.19266319010666216
evogym,best,0.1,1,17,0.23319075970235695,0.17866124795360344,6.556216999991428,2.988313611274686,0.19221686447091965
evogym,best,0.1,1,18,0.23319075970235695,0.1890964127546439,6.556216999991428,2.9445132332975326,0.20392976433137516
evogym,best,0.1,1,19,0.23319075970235695,0.18613574312662753,6.556216999991428,2.539650174002001,0.21347068622556747
evogym,best,0.1,1,20,0.23374914243335615,0.20005363828737943,6.556216999991428,2.763955735517289,0.21864149504559935
evogym,best,0.1,1,21,0.2704993090217997,0.19086678990768852,6.556216999991428,2.2810152159997177,0.218407605704848
evogym,best,0.1,1,22,0.2704993090217997,0.19285547174852397,6.556216999991428,2.608894790540672,0.21287704697080176
evogym,best,0.1,1,23,0.2704993090217997,0.1963485385467728,6.556216999991428,2.6129691852565817,0.21803480356173002
evogym,best,0.1,1,24,0.2773131571143904,0.19827718707653158,5.236541595349861,2.2401581811385807,0.21879005168520632
evogym,best,0.1,1,25,0.2773131571143904,0.20549267508695906,4.708108513219742,2.285467628066144,0.2184346906254105
evogym,best,0.1,1,26,0.3069622240318467,0.21452210346357697,4.976795515661197,2.7578414312906223,0.21930508256933284
evogym,best,0.1,1,27,0.3069622240318467,0.2080154824954233,5.991056008517135,2.50266754559721,0.21714698939893723
evogym,best,0.1,1,28,0.3069622240318467,0.21133641582749899,5.991056008517135,2.30913660285939,0.2167823629753031
evogym,best,0.1,1,29,0.3142789264785564,0.23350071163872926,5.991056008517135,2.825002503277971,0.21917542574187823
evogym,best,0.1,1,30,0.3142789264785564,0.23846201341052636,5.991056008517135,2.834964881659439,0.2185447044421561
evogym,best,0.1,2,0,0.23368819021144016,0.19201148611206414,4.516872275475666,1.675600785983492,0.23653877256913095
evogym,best,0.1,2,1,0.23368819021144016,0.19201148611206414,4.516872275475666,1.675600785983492,0.23653877256913095
evogym,best,0.1,2,2,0.23568362580258884,0.1906094560884839,4.516872275475666,1.7342209229153007,0.20759290889970589
evogym,best,0.1,2,3,0.23826988460561765,0.20252280225408809,5.062657352175001,2.0031340071078927,0.21490721139745195
evogym,best,0.1,2,4,0.23826988460561765,0.20772307141513063,5.062657352175001,2.045955975270416,0.21824949023753576
evogym,best,0.1,2,5,0.23826988460561765,0.20467656843007154,5.062657352175001,2.071006358551082,0.21815363954557343
evogym,best,0.1,2,6,0.23754761281360115,0.21280255665955602,5.062657352175001,2.164575982189842,0.22237919650880636
evogym,best,0.1,2,7,0.23830804494010988,0.2079334378813013,5.706839149466993,2.764031115122491,0.211694168095009
evogym,best,0.1,2,8,0.23830804494010988,0.20959541384250455,5.706839149466993,1.957492720919769,0.22511324470878188
evogym,best,0.1,2,9,0.239169284149115,0.2138979568917721,5.706839149466993,1.9836649358523004,0.2328983756769572
evogym,best,0.1,2,10,0.239169284149115,0.2127498787175422,5.706839149466993,2.0442940305247452,0.23647303923215288
evogym,best,0.1,2,11,0.2442079828092949,0.20189693751180737,5.706839149466993,2.177543923117086,0.22143544260395273
evogym,best,0.1,2,12,0.2465762024026193,0.20664654211729822,5.706839149466993,1.9964174096647678,0.2355538917209473
evogym,best,0.1,2,13,0.2442079828092949,0.20319258102809154,5.706839149466993,1.8377904444078041,0.23432977237161304
evogym,best,0.1,2,14,0.2442079828092949,0.20605867305696166,5.706839149466993,1.7944464071957906,0.24429706670400947
evogym,best,0.1,2,15,0.2322949442324082,0.1919749356337248,5.706839149466993,2.2895898914536548,0.2196145832838115
evogym,best,0.1,2,16,0.23691187118350357,0.19097323847787903,5.706839149466993,1.9608077722050576,0.2168201924405802
evogym,best,0.1,2,17,0.2387317123233424,0.19329816349818504,5.706839149466993,2.024738647575092,0.21869281745281982
evogym,best,0.1,2,18,0.2387317123233424,0.19368936386911204,4.899160673781578,1.800575321087459,0.22978682774208053
evogym,best,0.1,2,19,0.2390508244087146,0.1917374235885397,4.899160673781578,1.7908302131049108,0.2206769184996716
evogym,best,0.1,2,20,0.2390508244087146,0.204132722536763,4.899160673781578,2.0221586028338883,0.22322803743876843
evogym,best,0.1,2,21,0.2390508244087146,0.19785937300716996,5.041405220630104,2.072693575798474,0.21543881512530155
evogym,best,0.1,2,22,0.2390508244087146,0.1997455772788785,5.041405220630104,1.9553360987335702,0.21229702247366852
evogym,best,0.1,2,23,0.24130493457947938,0.21155361924549276,5.041405220630104,2.1237189054683574,0.22374113940339063
evogym,best,0.1,2,24,0.2540806118249742,0.20747982184302538,5.041405220630104,2.254031957368153,0.22055412375027972
evogym,best,0.1,2,25,0.2540806118249742,0.2008758251095178,5.041405220630104,1.9929070898086276,0.22340599040843548
evogym,best,0.1,2,26,0.3215976144451529,0.2087835401796078,5.041405220630104,2.404886011253825,0.2227454226281922
evogym,best,0.1,2,27,0.3215976144451529,0.20156897682916722,5.041405220630104,2.5658526226623906,0.20945955013234582
evogym,best,0.1,2,28,0.3215976144451529,0.20859551016756517,4.951560268039443,2.4543551735548697,0.21551392591758903
evogym,best,0.1,2,29,0.3298774495213701,0.21603432338611928,4.951560268039443,2.347068023914256,0.21502817982378658
evogym,best,0.1,2,30,0.3298774495213701,0.2245545403021107,4.951560268039443,2.478484904336251,0.2066049654270577
evogym,best,0.1,3,0,0.24334207527107038,0.1935495300074656,2.9755512749835282,1.4761739760085384,0.22553211483752306
evogym,best,0.1,3,1,0.24334207527107038,0.1935495300074656,2.9755512749835282,1.4761739760085384,0.22553211483752306
evogym,best,0.1,3,2,0.24334207527107038,0.18813214182370017,2.9755512749835282,1.3222817867310506,0.20268019093297807
evogym,best,0.1,3,3,0.24334207527107038,0.2026068054628897,4.099261656503265,1.6612273724186555,0.21492902255455207
evogym,best,0.1,3,4,0.24334207527107038,0.20453345848084847,4.099261656503265,1.8734785638141744,0.2212540702855434
evogym,best,0.1,3,5,0.24334207527107038,0.1926714109961519,4.099261656503265,1.959466571969895,0.2010714357296161
evogym,best,0.1,3,6,0.24334207527107038,0.20495809888773894,4.099261656503265,2.2120262801185233,0.2139497930702229
evogym,best,0.1,3,7,0.24334207527107038,0.20278252922199572,4.099261656503265,2.171142773028596,0.21365876825435598
evogym,best,0.1,3,8,0.24334207527107038,0.19775849439108595,4.700614502057403,2.2976715685314835,0.21480290294097837
evogym,best,0.1,3,9,0.24334207527107038,0.19183778032123128,6.01318221650858,2.161457176251285,0.21281142189221963
evogym,best,0.1,3,10,0.24334207527107038,0.19114384527236022,6.01318221650858,2.2572138103210113,0.213253738644471
evogym,best,0.1,3,11,0.24510847831462368,0.19210444363114626,6.01318221650858,2.6795554330872644,0.2064231839489834
evogym,best,0.1,3,12,0.2452435782916741,0.20742187170866347,5.369424201528892,2.479913330874731,0.22870737030599786
evogym,best,0.1,3,13,0.2452435782916741,0.20138987802516967,5.369424201528892,2.546644950288617,0.22406504507701785
evogym,best,0.1,3,14,0.2452435782916741,0.1967423334558906,4.504565828264668,2.584466264759544,0.21131462901782339
evogym,best,0.1,3,15,0.2432081017803478,0.19832751413512997,4.425162799244071,2.1714086258334144,0.22898937415928172
evogym,best,0.1,3,16,0.24182160640392666,0.20716036946662397,4.583011812433434,2.6218618534321676,0.2225245672961791
evogym,best,0.1,3,17,0.24182160640392666,0.19850157983494085,5.102784960007652,3.054424145895143,0.1980028805896205
evogym,best,0.1,3,18,0.2450613749115411,0.20527118783525838,6.4591731466059965,2.9691445836546753,0.21084337607259548
evogym,best,0.1,3,19,0.24561246940407555,0.21453653618423404,6.4591731466059965,2.9021235151103135,0.22257218582690524
evogym,best,0.1,3,20,0.24913690843641093,0.21964409900380097,6.702083001650712,2.8742960403094355,0.2310819493556986
evogym,best,0.1,3,21,0.24561246940407555,0.21682091660651265,6.702083001650712,3.2759787653855907,0.23088556795963505
evogym,best,0.1,3,22,0.2390743002410192,0.20519690867674925,6.702083001650712,3.052153276426643,0.22460734557218495
evogym,best,0.1,3,23,0.24050956980360239,0.20671547084233471,5.998453904759042,3.0915707966072192,0.2176528821070026
evogym,best,0.1,3,24,0.2779185290834725,0.2075463331943646,5.998453904759042,3.189311232488491,0.2173633603229408
evogym,best,0.1,3,25,0.3024836583752921,0.1989517633201196,5.998453904759042,3.146047748933715,0.21498358480835872
evogym,best,0.1,3,26,0.3024836583752921,0.19298162712484274,6.975206312674387,3.317590855930765,0.2110623470129706
evogym,best,0.1,3,27,0.3024836583752921,0.20142980362127885,6.905468105567565,3.075386234249037,0.22061327158623206
evogym,best,0.1,3,28,0.3159140691207462,0.1975464694120958,6.905468105567565,2.56066709817925,0.21194485472479463
evogym,best,0.1,3,29,0.3159140691207462,0.2199378199675588,6.905468105567565,2.77897402345556,0.22004527307369917
evogym,best,0.1,3,30,0.3159140691207462,0.2125389959543409,6.905468105567565,2.6674472287157656,0.2004852668774259
evogym,best,0.25,1,0,0.2651351603038318,0.20307630993731823,4.490919680295214,1.503788478650844,0.21824248973088328
evogym,best,0.25,1,1,0.2651351603038318,0.20307630993731823,4.490919680295214,1.503788478650844,0.21824248973088328
evogym,best,0.25,1,2,0.27522105550233433,0.21810003563634733,4.490919680295214,1.8286438868942274,0.19468534799002188
evogym,best,0.25,1,3,0.2753864279514593,0.24449726673246946,4.490919680295214,2.476195775157946,0.185533495476049
evogym,best,0.25,1,4,0.2753864279514593,0.24814041779302204,4.833293792597363,3.002859048788801,0.16523504464645003
evogym,best,0.25,1,5,0.2885152785234033,0.24071706187042557,5.408613987768614,2.95983179406909,0.17400530016671062
evogym,best,0.25,1,6,0.2885152785234033,0.23864488933817124,5.408613987768614,3.1277323481299732,0.16530880756253435
evogym,best,0.25,1,7,0.2885152785234033,0.23573452009073464,5.865977532483988,3.452657242484345,0.15820995320599557
evogym,best,0.25,1,8,0.2885152785234033,0.23738392715329576,6.20985050424176,4.0252897105747945,0.1442774497395524
evogym,best,0.25,1,9,0.295625575778313,0.23475926584349155,8.248654453315886,4.234312543964687,0.1535933881466219
evogym,best,0.25,1,10,0.295625575778313,0.24003843657053717,8.248654453315886,4.655960294901925,0.14424763500281534
evogym,best,0.25,1,11,0.295625575778313,0.2510000218172847,8.248654453315886,4.918573836250071,0.15076609034761002
evogym,best,0.25,1,12,0.32824725524061993,0.25847268542928153,8.248654453315886,5.456334067758747,0.13898726518135185
evogym,best,0.25,1,13,0.32824725524061993,0.24432164767042938,8.248654453315886,4.916548606521898,0.14335213207025524
evogym,best,0.25,1,14,0.32824725524061993,0.26381274873354676,8.371413893094,5.52817094471946,0.15254726367438917
evogym,best,0.25,1,15,0.32824725524061993,0.25817521093179907,8.371413893094,5.494887315532046,0.14852509103839318
evogym,best,0.25,1,16,0.32824725524061993,0.24355934513446428,8.371413893094,5.121774709848521,0.14271315962802802
evogym,best,0.25,1,17,0.32824725524061993,0.2501908432278809,8.371413893094,5.238122395760677,0.14976074073527973
evogym,best,0.25,1,18,0.32824725524061993,0.2556240516490341,8.371413893094,5.502769813577762,0.1462764131239672
evogym,best,0.25,1,19,0.32824725524061993,0.2567006402180969,8.371413893094,5.4150471710208095,0.15064447134644804
evogym,best,0.25,1,20,0.32824725524061993,0.2434348701199048,8.371413893094,5.096283334883057,0.14277778151444806
evogym,best,0.25,1,21,0.32824725524061993,0.24245319572713867,8.371413893094,5.163331194816618,0.1369830381833298
evogym,best,0.25,1,22,0.32824725524061993,0.2656998791648409,8.57936653378362,5.770258030860082,0.148439204212094
evogym,best,0.25,1,23,0.32824725524061993,0.26503694297803415,8.57936653378362,5.711818803611575,0.15660305685508885
evogym,best,0.25,1,24,0.32824725524061993,0.2720557500094262,8.670329092186249,5.985311810986292,0.16008561498820711
evogym,best,0.25,1,25,0.32824725524061993,0.2723385323942077,8.673081724669364,6.0663174644623945,0.15935535710396104
evogym,best,0.25,1,26,0.33623230436892215,0.27027180861854855,8.715954458443784,5.829900778718285,0.1703343174519564
evogym,best,0.25,1,27,0.35594794740264324,0.2757611270131804,9.231856090387092,5.925011656792495,0.1692727985399376
evogym,best,0.25,1,28,0.35594794740264324,0.2821409128006957,9.231856090387092,6.447890938726589,0.15784216669883566
evogym,best,0.25,1,29,0.35594794740264324,0.27891473708733866,9.231856090387092,6.202781217382929,0.15696315362492902
evogym,best,0.25,1,30,0.35594794740264324,0.28628825235397415,9.231856090387092,6.13195299535762,0.16087173650020958
evogym,best,0.25,2,0,0.2532935191431674,0.200219253648895,3.6734734541379157,1.6712351826740093,0.22504727655738366
evogym,best,0.25,2,1,0.2532935191431674,0.200219253648895,3.6734734541379157,1.6712351826740093,0.22504727655738366
evogym,best,0.25,2,2,0.28654285151443587,0.20429188696592998,5.852702544925076,1.8777275169253393,0.2042059451427188
evogym,best,0.25,2,3,0.28654285151443587,0.2210093268337321,5.852702544925076,2.273056318511615,0.20084172318316068
evogym,best,0.25,2,4,0.28654285151443587,0.22793960489414222,5.939557806902004,2.862450907498233,0.1839626475118245
evogym,best,0.25,2,5,0.28758725535141483,0.23483176868057581,7.181460841959059,3.5433688385952147,0.17707459450714155
evogym,best,0.25,2,6,0.29886271410774745,0.242423908876307,7.506984712696318,4.397571625065938,0.15289802218624668
evogym,best,0.25,2,7,0.29886271410774745,0.25081325526959397,7.506984712696318,4.442299289991106,0.15997338392734645
evogym,best,0.25,2,8,0.29886271410774745,0.2588981716199421,7.506984712696318,4.774197330789517,0.16009283289716897
evogym,best,0.25,2,9,0.29886271410774745,0.2603596497884779,7.506984712696318,5.0227812364434214,0.15423959662281805
evogym,best,0.25,2,10,0.29886271410774745,0.2617672158964883,7.506984712696318,5.139540071642974,0.15956356721461862
evogym,best,0.25,2,11,0.29886271410774745,0.25549331454597407,7.506984712696318,4.780831367080318,0.16869063562612424
evogym,best,0.25,2,12,0.29955671119528,0.2535542950995525,7.82072474952284,4.958347401815188,0.16276135839939676
evogym,best,0.25,2,13,0.29955671119528,0.25503919529957375,7.82072474952284,5.348170232035845,0.16042579485491268
evogym,best,0.25,2,14,0.2919178169534771,0.25018941915834225,8.608287991487197,5.697054330853293,0.1497587019934104
evogym,best,0.25,2,15,0.2919178169534771,0.2547586005087753,8.608287991487197,5.945181588150411,0.14555508535549727
evogym,best,0.25,2,16,0.35311767359386226,0.24701813108268814,8.756629508137015,5.972721657715923,0.13983307270664108
evogym,best,0.25,2,17,0.35311767359386226,0.24416872888595442,9.333927929622819,5.871868247705742,0.14551898838238736
evogym,best,0.25,2,18,0.35311767359386226,0.2398444152286042,9.333927929622819,5.4236722469028935,0.15445073310655297
evogym,best,0.25,2,19,0.35311767359386226,0.25567813330167366,9.333927929622819,6.127342247890112,0.15314742871906578
evogym,best,0.25,2,20,0.35311767359386226,0.24288658370431201,9.597396402699184,5.827670280345966,0.14642230146423832
evogym,best,0.25,2,21,0.35311767359386226,0.25120600283751926,9.597396402699184,6.114098501237523,0.14490137024667477
evogym,best,0.25,2,22,0.35311767359386226,0.2529889743173238,9.597396402699184,6.335687822799426,0.1367364016383777
evogym,best,0.25,2,23,0.35311767359386226,0.25585473621853566,9.608360555999079,6.437678091933907,0.13071746618083338
evogym,best,0.25,2,24,0.35311767359386226,0.2684030699545082,9.608360555999079,6.827098991076812,0.13340992490367126
evogym,best,0.25,2,25,0.35311767359386226,0.25910258844063006,9.608360555999079,6.3167038690076875,0.14110358752481314
evogym,best,0.25,2,26,0.35311767359386226,0.2756385462532572,9.608360555999079,7.324855105716898,0.12557961254384348
evogym,best,0.25,2,27,0.35311767359386226,0.2609468540625133,9.608360555999079,6.571129802218612,0.12958256337793272
evogym,best,0.25,2,28,0.35311767359386226,0.27480671298632836,9.608360555999079,7.2167605568890565,0.12500576887194143
evogym,best,0.25,2,29,0.35311767359386226,0.26986465646290225,9.608360555999079,6.818672904771786,0.12885931053623711
evogym,best,0.25,2,30,0.35311767359386226,0.2777237384679936,9.608360555999079,7.169324171207952,0.1252849370737477
evogym,best,0.25,3,0,0.30394905414339024,0.22902921610028854,3.6857993160074933,1.7263284747118537,0.24629383967418636
evogym,best,0.25,3,1,0.30394905414339024,0.22902921610028854,3.6857993160074933,1.7263284747118537,0.24629383967418636
evogym,best,0.25,3,2,0.30394905414339024,0.22650972454444335,4.4372449571376995,1.8233747994624572,0.21424109728626423
evogym,best,0.25,3,3,0.30440062821113834,0.2514975297150407,4.933210544958394,2.4121553836233036,0.21318873485641182
evogym,best,0.25,3,4,0.30486591681247355,0.26302861686772183,5.009020892098068,2.713364068514276,0.20478645951557875
evogym,best,0.25,3,5,0.30486591681247355,0.26685633561839606,5.414316129173793,3.3815930182620435,0.18268956969105765
evogym,best,0.25,3,6,0.30486591681247355,0.2565686984702876,5.414316129173793,3.396506573559013,0.18021141588352557
evogym,best,0.25,3,7,0.31484334424144256,0.26219162896782466,6.263673475227799,3.7265772372786143,0.1844080672267287
evogym,best,0.25,3,8,0.31484334424144256,0.25945743597734305,6.263673475227799,3.857370011972769,0.17478790275671732
evogym,best,0.25,3,9,0.31484334424144256,0.2679896925134365,6.263673475227799,4.08478489513538,0.17951320283768374
evogym,best,0.25,3,10,0.31484334424144256,0.24829081641871303,6.263673475227799,3.5494718010712396,0.17494988945090395
evogym,best,0.25,3,11,0.31484334424144256,0.27271413635375996,6.263673475227799,4.039853646712496,0.1796631847264564
evogym,best,0.25,3,12,0.31484334424144256,0.2525872959626958,6.263673475227799,3.4712631931790225,0.18144928122328904
evogym,best,0.25,3,13,0.31484334424144256,0.25286939280332377,6.263673475227799,3.601708174370791,0.16788950253974982
evogym,best,0.25,3,14,0.31484334424144256,0.2754480206473127,6.263673475227799,4.187001136112829,0.17073582110417046
evogym,best,0.25,3,15,0.31484334424144256,0.2729592556189255,6.263673475227799,4.180904842785247,0.1718970454547486
evogym,best,0.25,3,16,0.31484334424144256,0.27796099560330306,6.263673475227799,4.298840003993742,0.17569848312444422
evogym,best,0.25,3,17,0.3363407553318867,0.2816225582541123,6.335943564122466,4.2638495588315575,0.19210652230658398
evogym,best,0.25,3,18,0.3363407553318867,0.2690254417936004,6.335943564122466,4.1657437795916845,0.17831892597917898
evogym,best,0.25,3,19,0.3363407553318867,0.2763515469856729,6.682337642874629,4.539434014612353,0.17171654288369337
evogym,best,0.25,3,20,0.3363407553318867,0.27622643087399995,6.682337642874629,4.4539580707885005,0.17789226882815506
evogym,best,0.25,3,21,0.3363407553318867,0.2643067781567062,6.682337642874629,4.214948443733707,0.17555501181105465
evogym,best,0.25,3,22,0.3363407553318867,0.2705663134912741,6.682337642874629,4.476060550222767,0.1789230690798415
evogym,best,0.25,3,23,0.3363407553318867,0.2635937137890439,6.682337642874629,4.411979724443899,0.1733302699935898
evogym,best,0.25,3,24,0.3363407553318867,0.26960347702339027,6.682337642874629,4.568136214789397,0.17996434688043558
evogym,best,0.25,3,25,0.3363407553318867,0.2599531272483913,7.185691271582708,4.768924014258799,0.16359379692242992
evogym,best,0.25,3,26,0.33726286269934924,0.2675808173610926,7.185691271582708,4.696580294288835,0.16126498970081055
evogym,best,0.25,3,27,0.3795167726540933,0.283189452711194,7.185691271582708,5.266991611362881,0.15069553777235048
evogym,best,0.25,3,28,0.3795167726540933,0.286513920600403,7.185691271582708,5.124349165331469,0.16085241583417542
evogym,best,0.25,3,29,0.40070440897073595,0.28664829969362055,7.434566751197283,5.035803243715612,0.16419864765711506
evogym,best,0.25,3,30,0.40070440897073595,0.28392984123494275,7.434566751197283,4.581066371782485,0.1741386636226273
evogym,best,0.4,1,0,0.34329080123711986,0.2341001055024347,3.6059375898354977,1.6277247513762727,0.22953544354585773
evogym,best,0.4,1,1,0.34329080123711986,0.2341001055024347,3.6059375898354977,1.6277247513762727,0.22953544354585773
evogym,best,0.4,1,2,0.3704595848923166,0.24802407069130097,4.568712200117211,1.8373398643540866,0.1970856392903666
evogym,best,0.4,1,3,0.3882310489627998,0.28900481011636986,4.945592099311223,2.5170044961280182,0.18878168717833077
evogym,best,0.4,1,4,0.3882310489627998,0.31073022788293414,4.945592099311223,3.0819592642150946,0.1777675982416635
evogym,best,0.4,1,5,0.3882310489627998,0.3090165126066806,6.149927951235016,3.515645276578198,0.16141591432964583
evogym,best,0.4,1,6,0.3882310489627998,0.32192790939428934,6.149927951235016,3.715820441536876,0.15534779787630398
evogym,best,0.4,1,7,0.3882310489627998,0.33287816516078267,6.149927951235016,3.823475021323999,0.16589685308727833
evogym,best,0.4,1,8,0.3882310489627998,0.3222364678915422,6.149927951235016,3.6911409275261002,0.16151716901651517
evogym,best,0.4,1,9,0.39770333856564455,0.32902162103331106,6.149927951235016,3.869248238555796,0.16017696149461835
evogym,best,0.4,1,10,0.39770333856564455,0.34532291242561963,6.149927951235016,4.12491063881439,0.16597358860122863
evogym,best,0.4,1,11,0.39770333856564455,0.33602861538948653,6.369115638614022,4.124617443324793,0.1642802417978255
evogym,best,0.4,1,12,0.39770333856564455,0.3494533489784605,6.369115638614022,4.242959108145779,0.17920934966532684
evogym,best,0.4,1,13,0.39770333856564455,0.3459391839627733,6.369115638614022,4.400576903066125,0.16363038870377064
evogym,best,0.4,1,14,0.39770333856564455,0.3469756626795353,6.42819451113273,4.4716845913788585,0.17036212918839608
evogym,best,0.4,1,15,0.3853810671084602,0.33588380322716616,7.07045538502425,4.636835162295706,0.15419879114357227
evogym,best,0.4,1,16,0.3853810671084602,0.3434137562421907,7.109357035190309,4.697704857182745,0.171861326520282
evogym,best,0.4,1,17,0.3853810671084602,0.32883972622062757,7.410932087110266,4.592742044460784,0.17243396556043813
evogym,best,0.4,1,18,0.3853810671084602,0.32535778932153325,7.410932087110266,4.587021950368068,0.1708697818450516
evogym,best,0.4,1,19,0.3853810671084602,0.33233660511876845,7.410932087110266,4.699160254692925,0.17800934899053628
evogym,best,0.4,1,20,0.3853810671084602,0.33996036274525177,7.410932087110266,5.26288391944498,0.13961603236901265
evogym,best,0.4,1,21,0.3853810671084602,0.32369244581984297,7.549095061711451,4.976462544636304,0.14799730465335814
evogym,best,0.4,1,22,0.3853810671084602,0.31503977376737463,7.818636557386341,5.008860358212414,0.14166690775700921
evogym,best,0.4,1,23,0.3853810671084602,0.31162920558080975,7.818636557386341,4.829319691159698,0.15817018106355063
evogym,best,0.4,1,24,0.3853810671084602,0.3202130011606364,7.818636557386341,5.24215054980967,0.13355747646349636
evogym,best,0.4,1,25,0.3979333460419348,0.33071407573062256,8.028962855277282,5.247476436852067,0.1583152200932421
evogym,best,0.4,1,26,0.3979333460419348,0.32354187281398583,8.028962855277282,5.441236724060498,0.13282196143754715
evogym,best,0.4,1,27,0.3979333460419348,0.31741416436675246,8.028962855277282,5.173286381181042,0.1477455091080896
evogym,best,0.4,1,28,0.3979333460419348,0.3100418337512157,8.028962855277282,5.1948199410278955,0.13698131603768032
evogym,best,0.4,1,29,0.4893493564128283,0.29417226943327246,9.175550874815913,5.165435637248071,0.1335921826290866
evogym,best,0.4,1,30,0.5040341850128323,0.31170307615430537,9.525242249328166,5.529792633099456,0.13979144018149178
evogym,best,0.4,2,0,0.2898000632859329,0.20916795853541625,2.756008521297545,1.584999407477064,0.23020948691827306
evogym,best,0.4,2,1,0.2898000632859329,0.20916795853541625,2.756008521297545,1.584999407477064,0.23020948691827306
evogym,best,0.4,2,2,0.41192779122559264,0.22502834305042213,6.2954567941174115,1.8360599241894502,0.21320638725944424
evogym,best,0.4,2,3,0.4131409498078882,0.26557109229319786,6.584359141252338,2.5681499037413866,0.2103867417111625
evogym,best,0.4,2,4,0.4131409498078882,0.2857930645338574,6.584359141252338,3.1001151170495755,0.19144836720648079
evogym,best,0.4,2,5,0.4131409498078882,0.2833533188149892,6.584359141252338,3.197877326107191,0.1824161121764409
evogym,best,0.4,2,6,0.4155118465272919,0.3156849219034028,7.256130704198736,3.9106528794692017,0.18597146560505518
evogym,best,0.4,2,7,0.4155118465272919,0.33325322786126604,7.256130704198736,4.457290464224754,0.16974725204606694
evogym,best,0.4,2,8,0.4155118465272919,0.34370945991186913,7.256130704198736,4.918996960649596,0.1514533011092737
evogym,best,0.4,2,9,0.41874315283071595,0.3419263876491087,7.256130704198736,4.824347174515821,0.15787676403264025
evogym,best,0.4,2,10,0.41874315283071595,0.35090075744316435,7.256130704198736,5.167402548839333,0.14245159337211963
evogym,best,0.4,2,11,0.41874315283071595,0.349020700382383,7.256130704198736,5.032642518729707,0.1524923977733506
evogym,best,0.4,2,12,0.42463356257395846,0.34727906044978896,7.256130704198736,5.10565971394349,0.1434439316311456
evogym,best,0.4,2,13,0.42463356257395846,0.33570877514097863,7.305215503318075,4.7894020897593785,0.16347790037447188
evogym,best,0.4,2,14,0.4252602748299913,0.33763822642818064,7.305215503318075,4.934258934260119,0.1570419536563812
evogym,best,0.4,2,15,0.4252602748299913,0.31995531549472,7.464493354029342,4.712307531216227,0.15587934162010691
evogym,best,0.4,2,16,0.4252602748299913,0.34338434885976166,7.464493354029342,5.194047790026369,0.15350879243726828
evogym,best,0.4,2,17,0.4252602748299913,0.31378014396491083,7.464493354029342,4.749157244786555,0.15203634494398618
evogym,best,0.4,2,18,0.4252602748299913,0.34072909967664683,7.464493354029342,5.236066700329174,0.16664673089020293
evogym,best,0.4,2,19,0.4252602748299913,0.3392171970832133,7.464493354029342,5.2012608925533526,0.16565661010627394
evogym,best,0.4,2,20,0.4252602748299913,0.3427535821126121,7.464493354029342,5.4269698353007625,0.17027490845957036
evogym,best,0.4,2,21,0.41874315283071595,0.30314735830719186,9.109591886757036,5.263775631567521,0.14857013923608348
evogym,best,0.4,2,22,0.41874315283071595,0.3154795094149552,9.109591886757036,5.339411820051192,0.1587829062235492
evogym,best,0.4,2,23,0.4685320733356533,0.3293581092282699,9.49580769672235,5.673406140669017,0.16422163137966034
evogym,best,0.4,2,24,0.4685320733356533,0.32269947069751453,9.506148888418869,5.584489833494903,0.15857009038051637
evogym,best,0.4,2,25,0.47847415180423863,0.3368588375371077,9.506148888418869,6.04182867497127,0.15156796638091258
evogym,best,0.4,2,26,0.47847415180423863,0.35002486836082025,9.506873902500976,6.459056940241784,0.14107053833913957
evogym,best,0.4,2,27,0.47847415180423863,0.3614472496489045,9.550998953893473,6.74238600213788,0.14388882654404148
evogym,best,0.4,2,28,0.47847415180423863,0.38073942449245013,9.550998953893473,7.482080462903457,0.1235086361321377
evogym,best,0.4,2,29,0.47847415180423863,0.38693717310580417,9.551967969294067,7.575538426861475,0.12446983706281908
evogym,best,0.4,2,30,0.47847415180423863,0.4042586257950852,9.551967969294067,8.0604001264238,0.1199907498983003
evogym,best,0.4,3,0,0.32191735612618644,0.22578992947957177,3.208014401831578,1.5093051611044277,0.2548809545480276
evogym,best,0.4,3,1,0.32191735612618644,0.22578992947957177,3.208014401831578,1.5093051611044277,0.2548809545480276
evogym,best,0.4,3,2,0.3386556073959745,0.23445994869084025,5.369380994950071,1.8333310562042775,0.2176099835293618
evogym,best,0.4,3,3,0.347202328936135,0.26994742997999005,5.5623597319743805,2.7102049756321183,0.18924820448574153
evogym,best,0.4,3,4,0.347202328936135,0.27554061204747266,6.388002706453603,3.223502542758804,0.16881283686067491
evogym,best,0.4,3,5,0.39712647707573734,0.29375241036778194,6.9373651448334295,3.9237148761028147,0.16300053445174406
evogym,best,0.4,3,6,0.40856612577580875,0.31041675555266424,7.728843624482164,4.831686050512947,0.13567742248566528
evogym,best,0.4,3,7,0.40856612577580875,0.3094422536485294,7.728843624482164,4.824209310931251,0.13484189886621759
evogym,best,0.4,3,8,0.40856612577580875,0.313920418712219,7.728843624482164,5.060619345651398,0.13286449659990565
evogym,best,0.4,3,9,0.40856612577580875,0.29944277700294386,8.341677075075243,5.161565245977551,0.11615983275375164
evogym,best,0.4,3,10,0.40856612577580875,0.29477121052602945,9.009015979728385,5.147371947344264,0.1278770111910365
evogym,best,0.4,3,11,0.40856612577580875,0.31477198918161947,9.009015979728385,5.747659462649224,0.12396378671643052
evogym,best,0.4,3,12,0.40856612577580875,0.3112823733784649,9.178272645343565,5.705363631371414,0.12483556699704298
evogym,best,0.4,3,13,0.43925310627634817,0.3184511198804953,9.558574669623958,6.175204983308689,0.10004929619864937
evogym,best,0.4,3,14,0.43925310627634817,0.33713819645512016,9.558574669623958,6.474813941711727,0.10956940009178524
evogym,best,0.4,3,15,0.45321578904789256,0.35194101745490525,9.569918172180518,7.162008643769127,0.08920485024293352
evogym,best,0.4,3,16,0.45321578904789256,0.3604511464109942,9.569918172180518,7.2885572330616215,0.09342591834576669
evogym,best,0.4,3,17,0.45321578904789256,0.37860217256968626,9.571750128917305,7.994636293004288,0.07855170991061788
evogym,best,0.4,3,18,0.45369059668473444,0.3876745918638683,9.571750128917305,8.018633384714844,0.08993489518244943
evogym,best,0.4,3,19,0.45369059668473444,0.3871476446547938,9.571750128917305,8.04531455977748,0.08989042522719348
evogym,best,0.4,3,20,0.45448902563863525,0.3844847539127956,9.571750128917305,8.03111558500428,0.08497096987171973
evogym,best,0.4,3,21,0.45448902563863525,0.37776076115253254,9.571750128917305,7.8017864081829345,0.0891662610659376
evogym,best,0.4,3,22,0.4556466186465083,0.3742243383953724,9.571750128917305,7.683615627123386,0.09169821318243859
evogym,best,0.4,3,23,0.4556466186465083,0.3830157063687277,9.571750128917305,7.880955950160782,0.09414401121023899
evogym,best,0.4,3,24,0.4556466186465083,0.38351843741325264,9.571750128917305,7.985210992185385,0.08845135708871357
evogym,best,0.4,3,25,0.4608708923271313,0.39219667818238524,9.571750128917305,8.095213253057384,0.09359370366923501
evogym,best,0.4,3,26,0.4608708923271313,0.3789555365553168,9.571750128917305,7.764830243295765,0.09405007659989834
evogym,best,0.4,3,27,0.4608708923271313,0.39121719675072886,9.571750128917305,8.124734870329329,0.08951043410477458
evogym,best,0.4,3,28,0.4608708923271313,0.38952715522044135,9.565920469842213,7.978085133778485,0.09628868145162296
evogym,best,0.4,3,29,0.4652393443692154,0.40008105056883825,9.568222820845355,8.210745468475219,0.09836648075756041
evogym,best,0.4,3,30,0.4652393443692154,0.3894548248654813,9.565920469842213,7.9150027160398055,0.09895865799656098
evogym,best_many,0.1,1,0,0.22407624100388698,0.18086214110976145,5.231480161499859,1.6647669830438079,0.23375508759634994
evogym,best_many,0.1,1,1,0.22407624100388698,0.18086214110976145,5.231480161499859,1.6647669830438079,0.23375508759634994
evogym,best_many,0.1,1,2,0.22407624100388698,0.18314389563953629,5.231480161499859,1.9136282253615338,0.20744215969129712
evogym,best_many,0.1,1,3,0.22790353178124784,0.19339845813660161,5.231480161499859,2.24381643983596,0.21069906353805873
evogym,best_many,0.1,1,4,0.23708044439048426,0.19725874144015346,5.231480161499859,2.459209017869223,0.2068371689596607
evogym,best_many,0.1,1,5,0.23708044439048426,0.1957316027331182,4.783887233084224,2.543076506771089,0.20625174963076892
evogym,best_many,0.1,1,6,0.23708044439048426,0.19998212614506067,5.658600653443295,2.4958403717763074,0.2083413979951235
evogym,best_many,0.1,1,7,0.23708044439048426,0.2013122384714337,5.658600653443295,2.3785673609818887,0.21927958231868794
evogym,best_many,0.1,1,8,0.2257081803233441,0.19338217496625515,6.891316670905016,3.179439698625792,0.21093724060014143
evogym,best_many,0.1,1,9,0.2257081803233441,0.19485841338332324,7.081850876385245,3.023981055545621,0.2077158840892011
evogym,best_many,0.1,1,10,0.2257081803233441,0.1972761507606398,7.081850876385245,3.050852427082629,0.20821230404688396
evogym,best_many,0.1,1,11,0.2257081803233441,0.20318035625259134,7.081850876385245,3.052336306395183,0.2107405569971283
evogym,best_many,0.1,1,12,0.2297751988815541,0.20353906150240042,7.081850876385245,2.8745881213125353,0.21487777768198563
evogym,best_many,0.1,1,13,0.2297751988815541,0.19991285515851936,7.081850876385245,2.783167488413553,0.21219184483118111
evogym,best_many,0.1,1,14,0.2337972552013705,0.2072858834171596,6.7296317554712966,2.3933806251492835,0.23036675184468525
evogym,best_many,0.1,1,15,0.2286029130173553,0.19746326452096902,6.7296317554712966,2.5112249843118546,0.2233039983717533
evogym,best_many,0.1,1,16,0.22863888453667225,0.20157817449228363,6.092442214352217,2.2282370081399505,0.23769569861751244
evogym,best_many,0.1,1,17,0.22863888453667225,0.19505405828944414,6.092442214352217,2.41358456689364,0.22708677081597406
evogym,best_many,0.1,1,18,0.22911521384946493,0.19535296591615245,6.092442214352217,2.1571529221943138,0.23089255657136315
evogym,best_many,0.1,1,19,0.23292218047864494,0.18723231496920878,6.092442214352217,2.36202310363107,0.2162877622107561
evogym,best_many,0.1,1,20,0.23292218047864494,0.19126807393590275,6.092442214352217,2.282365701493164,0.22338059772364977
evogym,best_many,0.1,1,21,0.23634621545365198,0.1944423933259751,6.092442214352217,2.579058627358415,0.2152170504175245
evogym,best_many,0.1,1,22,0.23905086698349123,0.18894160985019934,6.092442214352217,2.5794820763073565,0.2080791017829573
evogym,best_many,0.1,1,23,0.24371783539244782,0.2001207905317688,6.092442214352217,2.562623792413691,0.21679487037139142
evogym,best_many,0.1,1,24,0.24410853136497168,0.20522722676919952,4.357022425945738,2.566660290711833,0.2250724262772851
evogym,best_many,0.1,1,25,0.273666560411282,0.20024075666779922,5.212424348315988,2.6148374731557413,0.2092170822284792
evogym,best_many,0.1,1,26,0.273666560411282,0.19353955047592775,5.212424348315988,2.6867115521245877,0.19561969378813676
evogym,best_many,0.1,1,27,0.273666560411282,0.19988328887732082,6.010553974454343,2.5966333905610974,0.20429791848097012
evogym,best_many,0.1,1,28,0.273666560411282,0.20811914936555403,6.010553974454343,2.694237002118438,0.20451247253079458
evogym,best_many,0.1,1,29,0.28732591026584176,0.2103144769347986,6.010553974454343,2.3652401148446027,0.20956199790853458
evogym,best_many,0.1,1,30,0.3350545425612789,0.2234286246274218,6.010553974454343,2.701453815807633,0.2057769004208466
evogym,best_many,0.1,2,0,0.23138669489363503,0.1936555320243163,3.0838512246926575,1.303098643856843,0.24011502225544298
evogym,best_many,0.1,2,1,0.23138669489363503,0.1936555320243163,3.0838512246926575,1.303098643856843,0.24011502225544298
evogym,best_many,0.1,2,2,0.23138669489363503,0.1945915576144516,3.5276416657833987,1.4314050224048427,0.2200956339704184
evogym,best_many,0.1,2,3,0.23138669489363503,0.19772102823589674,4.163725325008673,1.9669939916952892,0.21925412073418277
evogym,best_many,0.1,2,4,0.22429467141290133,0.18960320415411433,4.3820248777365585,2.018654624801084,0.20665130370435142
evogym,best_many,0.1,2,5,0.22429467141290133,0.1873757340101067,4.3820248777365585,2.2659830691950655,0.19522549006426806
evogym,best_many,0.1,2,6,0.22652250710038402,0.1872913423526238,4.3820248777365585,1.9662274080301045,0.19569897595522617
evogym,best_many,0.1,2,7,0.22652250710038402,0.1985316127803754,4.3969497658018835,2.1911261086496863,0.19841575626245256
evogym,best_many,0.1,2,8,0.23365664374025405,0.1984014982987761,4.3969497658018835,2.411707542255618,0.185475070640288
evogym,best_many,0.1,2,9,0.23365664374025405,0.1990458559775428,4.440196595634891,2.6987967972170224,0.18603215271756635
evogym,best_many,0.1,2,10,0.23365664374025405,0.20516563824075992,4.440196595634891,2.5618565432652938,0.19765089377260286
evogym,best_many,0.1,2,11,0.23365664374025405,0.1953276914828663,4.440196595634891,2.510694972376269,0.18919290242888942
evogym,best_many,0.1,2,12,0.23365664374025405,0.20429697119411264,4.440196595634891,2.650412735557756,0.19280350499844684
evogym,best_many,0.1,2,13,0.2350392730001866,0.20617153499803303,4.411886223070183,2.630878810120162,0.19797417483726956
evogym,best_many,0.1,2,14,0.22416925033635043,0.19232160606548424,4.4775600119866645,2.9290970779045975,0.18308460665312581
evogym,best_many,0.1,2,15,0.2251172866353725,0.19830852953418265,4.4775600119866645,2.938965211520595,0.18616004816880435
evogym,best_many,0.1,2,16,0.2251172866353725,0.1965249654031279,4.4775600119866645,2.7504208155463337,0.18831815719094516
evogym,best_many,0.1,2,17,0.2176549914816564,0.18720768952402092,7.264140310536459,2.8268894112008387,0.1966086278391826
evogym,best_many,0.1,2,18,0.2176549914816564,0.18350694194929398,7.264140310536459,2.8857513948355598,0.2029061405224657
evogym,best_many,0.1,2,19,0.2176549914816564,0.17055417851950955,7.264140310536459,3.0771370603290036,0.1898573329586897
evogym,best_many,0.1,2,20,0.21871452815660972,0.1726961955854012,7.264140310536459,2.8042142229003213,0.1922886975062497
evogym,best_many,0.1,2,21,0.21871452815660972,0.18213606760824744,7.264140310536459,3.307585757496363,0.18671940049357283
evogym,best_many,0.1,2,22,0.21871452815660972,0.17767913495668267,5.583835320949015,3.0738197017743834,0.1792987022207672
evogym,best_many,0.1,2,23,0.21871452815660972,0.18765395587152364,5.583835320949015,3.206662361325551,0.18584455152411944
evogym,best_many,0.1,2,24,0.22030619434033621,0.18318488598360938,5.583835320949015,3.1630352244426576,0.18541230831668049
evogym,best_many,0.1,2,25,0.2660186076354584,0.18582148770158935,5.821492112661668,3.496785625898638,0.17156934091815704
evogym,best_many,0.1,2,26,0.2660186076354584,0.19958766674759382,5.821492112661668,3.424770407034063,0.18430604710726234
evogym,best_many,0.1,2,27,0.2660186076354584,0.20031873518009577,5.821492112661668,3.271927325057812,0.19110882053553033
evogym,best_many,0.1,2,28,0.3440892270811634,0.2029923716786834,6.176311435258573,3.160922585290375,0.19399314264025108
evogym,best_many,0.1,2,29,0.3440892270811634,0.2113436977987751,6.176311435258573,3.7655215927804955,0.1842101854426034
evogym,best_many,0.1,2,30,0.3579243388644933,0.21829498517829132,6.176311435258573,3.459617907303735,0.18758025015217014
evogym,best_many,0.1,3,0,0.20347748259057635,0.16750706316134606,4.00450211647859,1.5458229705572835,0.1888329807956045
evogym,best_many,0.1,3,1,0.20347748259057635,0.16750706316134606,4.00450211647859,1.5458229705572835,0.1888329807956045
evogym,best_many,0.1,3,2,0.20347748259057635,0.1649507316934094,4.00450211647859,1.5244375591665402,0.17201483662261488
evogym,best_many,0.1,3,3,0.21187976757548105,0.18457228143978596,4.00450211647859,1.9089829847656106,0.18606793002663807
evogym,best_many,0.1,3,4,0.21391390607564317,0.1836674714535404,4.324293979819232,2.2644737591360053,0.1853026551810468
evogym,best_many,0.1,3,5,0.22806848976513877,0.18766837564449998,4.7778213223756,2.6704487205338845,0.18460466117025395
evogym,best_many,0.1,3,6,0.22806848976513877,0.19249724978329424,4.7778213223756,2.539137833385405,0.1836490619182154
evogym,best_many,0.1,3,7,0.2281782989376542,0.19781199092597787,4.7778213223756,2.6170363018445313,0.18533481500365429
evogym,best_many,0.1,3,8,0.22958818011895793,0.20138715396498136,5.509517875049701,2.804537980777114,0.19203321496160902
evogym,best_many,0.1,3,9,0.23287907834438737,0.20140180750094502,5.509517875049701,2.375373558442213,0.20847983101486425
evogym,best_many,0.1,3,10,0.22997682593524407,0.20231458382787798,5.509517875049701,2.741744371383714,0.20735648556055003
evogym,best_many,0.1,3,11,0.22997682593524407,0.19316512576365402,6.345940297375672,2.5694064046758736,0.2051157139470186
evogym,best_many,0.1,3,12,0.22997682593524407,0.19911751867380584,6.345940297375672,2.3688849336056843,0.21552715479013312
evogym,best_many,0.1,3,13,0.23094616698872275,0.19973126695329327,6.345940297375672,2.5973226134809773,0.2164991024117698
evogym,best_many,0.1,3,14,0.23518178839178974,0.19460737483108087,6.345940297375672,2.9417198195949372,0.20954071209407826
evogym,best_many,0.1,3,15,0.23518178839178974,0.1962677227990987,6.345940297375672,2.80223350549344,0.21934385858619088
evogym,best_many,0.1,3,16,0.2755256830189215,0.19509192278903784,5.861399660762951,2.774735437711395,0.21440749209809318
evogym,best_many,0.1,3,17,0.2755256830189215,0.201641177986777,5.861399660762951,2.951425433308878,0.21550830730105716
evogym,best_many,0.1,3,18,0.2755256830189215,0.20210557573143614,5.861399660762951,2.8040933420526177,0.22353170856130963
evogym,best_many,0.1,3,19,0.2755256830189215,0.18884444400002048,5.861399660762951,2.7324496448047473,0.21179690546410201
evogym,best_many,0.1,3,20,0.2755256830189215,0.20163129042263267,5.861399660762951,2.7783436750200985,0.21325769918735804
evogym,best_many,0.1,3,21,0.2755256830189215,0.20471758835825643,5.861399660762951,2.5035782087210636,0.22551239427487296
evogym,best_many,0.1,3,22,0.2755256830189215,0.1975170035848655,5.955768389765208,2.8073577060911665,0.2168211238266396
evogym,best_many,0.1,3,23,0.2755256830189215,0.1937531573061204,5.955768389765208,2.3504082951131156,0.21829991377415964
evogym,best_many,0.1,3,24,0.2755256830189215,0.19326232889066783,5.955768389765208,2.630438895014181,0.21234732592032732
evogym,best_many,0.1,3,25,0.2755256830189215,0.1939001769609388,5.955768389765208,2.9827491367347374,0.20016076857563334
evogym,best_many,0.1,3,26,0.2755256830189215,0.19798696238653246,5.955768389765208,3.041061705503748,0.19642111151548783
evogym,best_many,0.1,3,27,0.29542708909681437,0.2022799094819639,7.662603211767047,3.197708570271702,0.19697852390366055
evogym,best_many,0.1,3,28,0.29542708909681437,0.20485262675619217,7.662603211767047,3.0184259410395553,0.20253213137490306
evogym,best_many,0.1,3,29,0.3255175843508354,0.21123955224967003,7.662603211767047,3.3238903067519603,0.20209781736256033
evogym,best_many,0.1,3,30,0.3255175843508354,0.2248498079125802,7.662603211767047,2.8527532642689954,0.21409847146991315
evogym,best_many,0.25,1,0,0.23171149720581186,0.19719698596881913,4.288725383539006,1.6228399797076016,0.22983580049946842
evogym,best_many,0.25,1,1,0.23171149720581186,0.19719698596881913,4.288725383539006,1.6228399797076016,0.22983580049946842
evogym,best_many,0.25,1,2,0.254922542105172,0.19646358064212766,4.288725383539006,1.6789701427012709,0.2069166645414347
evogym,best_many,0.25,1,3,0.25909177160764874,0.1947063238087236,7.939759690434704,2.1735482284786465,0.20901091903237518
evogym,best_many,0.25,1,4,0.26718252216772986,0.20548984216623029,7.939759690434704,2.5793281338342595,0.20194842110163083
evogym,best_many,0.25,1,5,0.27166634308232573,0.2144511079753099,8.740870665381452,3.4149333652470966,0.18610740661380953
evogym,best_many,0.25,1,6,0.29351108548682364,0.22702316643041165,9.492363709821381,4.072891670558229,0.17899667408851277
evogym,best_many,0.25,1,7,0.30501665765946095,0.2404098428819644,9.492363709821381,4.736388849833029,0.16928896746574598
evogym,best_many,0.25,1,8,0.30501665765946095,0.25416041802741096,9.572423256746987,5.743238215580993,0.15396052178318637
evogym,best_many,0.25,1,9,0.3865501023292048,0.2572477157172968,9.572423256746987,5.882323356059049,0.15603320050109765
evogym,best_many,0.25,1,10,0.3865501023292048,0.26027622310064835,9.59755787537792,6.625152443106072,0.13619152711403543
evogym,best_many,0.25,1,11,0.3865501023292048,0.25375228773585745,9.59912253660143,5.7225553069727,0.15658928573401198
evogym,best_many,0.25,1,12,0.3865501023292048,0.2621224442488147,9.59912253660143,6.812023725163074,0.13094912893288915
evogym,best_many,0.25,1,13,0.3865501023292048,0.2624325071439214,9.59912253660143,6.812877553826796,0.13475182482764927
evogym,best_many,0.25,1,14,0.3865501023292048,0.2586524466404954,9.572423256746987,6.463488776127759,0.13850883548880955
evogym,best_many,0.25,1,15,0.3865501023292048,0.26745911524744165,9.584411283371098,7.100520321354436,0.13888925657037082
evogym,best_many,0.25,1,16,0.3865501023292048,0.2631592134909576,9.581364926086291,6.820979872320654,0.14709351957482067
evogym,best_many,0.25,1,17,0.3865501023292048,0.28093424592941824,9.581364926086291,7.331820976641356,0.14084411975439284
evogym,best_many,0.25,1,18,0.3865501023292048,0.2696862705749673,9.581364926086291,7.174604052244375,0.12641428457235054
evogym,best_many,0.25,1,19,0.3865501023292048,0.27330770601854076,9.581364926086291,7.1801626421184706,0.13010850718452854
evogym,best_many,0.25,1,20,0.3865501023292048,0.2790339019946763,9.581364926086291,7.447767699368723,0.12873363384398523
evogym,best_many,0.25,1,21,0.3865501023292048,0.2686895104068148,9.565160992875837,6.396176951015398,0.1490963369185823
evogym,best_many,0.25,1,22,0.3865501023292048,0.28255878049871097,9.565160992875837,6.720154817828828,0.15975853268775736
evogym,best_many,0.25,1,23,0.3865501023292048,0.28335947469035505,9.565160992875837,7.188716865959542,0.1413965667696041
evogym,best_many,0.25,1,24,0.3865501023292048,0.28249219814310267,9.565160992875837,7.120763029107866,0.14526023213914221
evogym,best_many,0.25,1,25,0.3865501023292048,0.28159471305927675,9.5843298121647,7.264798508908046,0.13503158707166013
evogym,best_many,0.25,1,26,0.3865501023292048,0.2856093903913378,9.573781671381635,7.235294998677567,0.13682704960984074
evogym,best_many,0.25,1,27,0.3865501023292048,0.28408913593961704,9.573781671381635,6.798980324688934,0.14872374427565394
evogym,best_many,0.25,1,28,0.3865501023292048,0.29043991187666185,9.573781671381635,7.293134280169966,0.1414498951012671
evogym,best_many,0.25,1,29,0.3865501023292048,0.28549601227897725,9.573781671381635,6.721458417815316,0.15460504708741143
evogym,best_many,0.25,1,30,0.3865501023292048,0.29256434547238414,9.573781671381635,7.137795953376032,0.14475156746254175
evogym,best_many,0.25,2,0,0.28513614158448564,0.21061330126365338,2.9547304127964273,1.438674037703397,0.23509836933514872
evogym,best_many,0.25,2,1,0.28513614158448564,0.21061330126365338,2.9547304127964273,1.438674037703397,0.23509836933514872
evogym,best_many,0.25,2,2,0.2903753268443247,0.2139533348480159,4.642968888629783,1.6413661616274318,0.20764768850251186
evogym,best_many,0.25,2,3,0.2965072648554212,0.24267159748399428,4.642968888629783,2.043280076109954,0.2149088766999816
evogym,best_many,0.25,2,4,0.2965072648554212,0.2459638306666923,4.642968888629783,2.452358534967321,0.18558931849047047
evogym,best_many,0.25,2,5,0.30224067697426193,0.2616353440953023,4.642968888629783,2.8345930748763077,0.1795225374332698
evogym,best_many,0.25,2,6,0.30224067697426193,0.26760734959848864,4.899223761447388,2.916909840267496,0.18818846233536513
evogym,best_many,0.25,2,7,0.3026020092216509,0.26945406943482864,5.090244025372519,3.251856355262121,0.18036924626642867
evogym,best_many,0.25,2,8,0.30318108291425894,0.26751069728441834,5.248685877600297,3.496969577122441,0.16883494117781458
evogym,best_many,0.25,2,9,0.30318108291425894,0.2692210731449067,5.393488180856059,3.485278913317751,0.18368654393228515
evogym,best_many,0.25,2,10,0.30370324222161266,0.26532554047216095,5.749033193848159,3.867325909132962,0.1734330863571653
evogym,best_many,0.25,2,11,0.28657421698436386,0.25876847415105,6.751997909267372,4.089826562021413,0.1776916428800632
evogym,best_many,0.25,2,12,0.28653802773997195,0.250785091373376,6.761813292755847,4.066416209226409,0.1737736938483556
evogym,best_many,0.25,2,13,0.28653802773997195,0.2563775400228022,6.761813292755847,4.480978551564946,0.16286294363813653
evogym,best_many,0.25,2,14,0.28098265371388087,0.2497345415736727,7.557564330468904,4.581038311763554,0.16403977671753497
evogym,best_many,0.25,2,15,0.2852437224987011,0.2495271475889874,8.030552630194874,4.895874075957125,0.16094198424989212
evogym,best_many,0.25,2,16,0.2852437224987011,0.25689112364966693,8.030552630194874,4.560064884400623,0.18466649966885457
evogym,best_many,0.25,2,17,0.28578015622345426,0.25332649320405376,8.030552630194874,4.888193727415444,0.16484665007851124
evogym,best_many,0.25,2,18,0.28578015622345426,0.24998405706628946,8.190617358943241,4.986124579841475,0.16776724669071505
evogym,best_many,0.25,2,19,0.3071627138725885,0.24659262309788738,9.413296984952852,5.045555541278992,0.17593250598288987
evogym,best_many,0.25,2,20,0.30823405747895916,0.24665469661885395,9.66471217418703,5.765142678599203,0.16385723995255033
evogym,best_many,0.25,2,21,0.3099074706670935,0.24395360126233995,9.66471217418703,5.189123126160322,0.18002415496214283
evogym,best_many,0.25,2,22,0.3099074706670935,0.24645352116806835,9.66471217418703,5.423916737206441,0.16570494751415926
evogym,best_many,0.25,2,23,0.3099074706670935,0.24900824023671014,9.66471217418703,5.637770693697339,0.1784683634226855
evogym,best_many,0.25,2,24,0.3099074706670935,0.23409938955941656,9.66471217418703,5.16232434436848,0.17406111829362278
evogym,best_many,0.25,2,25,0.3197580653873087,0.26030880878836676,9.668558948527378,6.462519124433058,0.1429142840576441
evogym,best_many,0.25,2,26,0.34053609060966306,0.2619742498143863,9.668558948527378,6.282011320110703,0.15103834561020488
evogym,best_many,0.25,2,27,0.34053609060966306,0.26946062910145285,9.668565643676288,6.705374836962048,0.15184885355971825
evogym,best_many,0.25,2,28,0.3508341326909087,0.2715919402518532,9.668565643676288,6.667684522165639,0.15600847026758727
evogym,best_many,0.25,2,29,0.3508341326909087,0.2725303214556376,9.668565643676288,6.745961863493579,0.14414268623361917
evogym,best_many,0.25,2,30,0.35758642617740777,0.2797533611781413,9.668565643676288,6.9259520040138245,0.1433047637133624
evogym,best_many,0.25,3,0,0.259821108512976,0.21721634388076727,3.714053881833379,1.7346968929632403,0.22315331058277202
evogym,best_many,0.25,3,1,0.259821108512976,0.21721634388076727,3.714053881833379,1.7346968929632403,0.22315331058277202
evogym,best_many,0.25,3,2,0.2715837323110735,0.22246950650906178,4.64325501195897,1.7986738325556981,0.21031905032133671
evogym,best_many,0.25,3,3,0.27987274985108157,0.2299794666875646,5.136864262299929,2.3592828826095067,0.19590735329873893
evogym,best_many,0.25,3,4,0.285086475568491,0.23827505457654818,5.956681053793043,2.865583673907604,0.1919281165778604
evogym,best_many,0.25,3,5,0.2883118579112769,0.24476228275302203,6.61352593713237,3.4045205991124172,0.18441858589730478
evogym,best_many,0.25,3,6,0.300340853250838,0.2523268429550879,7.179020451043275,3.810917338978984,0.18918931189850524
evogym,best_many,0.25,3,7,0.300340853250838,0.26030796465717143,7.179020451043275,4.270116155766883,0.18461682834939835
evogym,best_many,0.25,3,8,0.306101042244013,0.2569183529345909,8.291699475821217,4.626806827393347,0.18037008015916847
evogym,best_many,0.25,3,9,0.306101042244013,0.26414762347758103,8.291699475821217,4.91160385882195,0.17880371255611932
evogym,best_many,0.25,3,10,0.306101042244013,0.263244744228342,8.291699475821217,5.0134002608522765,0.17251977194867849
evogym,best_many,0.25,3,11,0.306101042244013,0.261490379534172,8.291699475821217,4.946781524517935,0.17801632854163366
evogym,best_many,0.25,3,12,0.3239613404254476,0.26978157439156525,8.291699475821217,5.4709286182138746,0.16896469162684952
evogym,best_many,0.25,3,13,0.3239613404254476,0.25989567483966786,8.291699475821217,5.087859963272787,0.17124249511620543
evogym,best_many,0.25,3,14,0.32653441538618777,0.2586332735141627,8.951020253425812,5.65067131681992,0.15457403191900695
evogym,best_many,0.25,3,15,0.32653441538618777,0.2713179659694465,9.552065021011583,6.250008984575407,0.15454726561611792
evogym,best_many,0.25,3,16,0.32653441538618777,0.2653331694431692,9.552065021011583,5.641553837618414,0.16718653272625714
evogym,best_many,0.25,3,17,0.32653441538618777,0.2689885752594006,9.552065021011583,5.794582792153723,0.171741455650302
evogym,best_many,0.25,3,18,0.32678938588216644,0.27101336581884955,9.552065021011583,5.621610515770421,0.18225548114436677
evogym,best_many,0.25,3,19,0.32678938588216644,0.2767993893192462,9.552065021011583,5.56668839524812,0.1891592569211498
evogym,best_many,0.25,3,20,0.3654632013550466,0.28457045818148885,9.552065021011583,6.103871228148014,0.18594492169049232
evogym,best_many,0.25,3,21,0.3654632013550466,0.28197866374525304,9.552065021011583,5.920972269919853,0.18773055551132495
evogym,best_many,0.25,3,22,0.3654632013550466,0.2753439810457701,9.552433400110667,6.0894793702642085,0.17019663979474575
evogym,best_many,0.25,3,23,0.3654632013550466,0.2806631104214147,9.552433400110667,6.530069414523554,0.16324317949756428
evogym,best_many,0.25,3,24,0.3654632013550466,0.2854911571671726,9.55805078147398,6.620546742436621,0.17358368311170086
evogym,best_many,0.25,3,25,0.3654632013550466,0.27488787149532334,9.55805078147398,6.666744275289257,0.15893216613984404
evogym,best_many,0.25,3,26,0.36935963530113186,0.2788308019088827,9.55805078147398,6.4673681237895,0.16150547475725519
evogym,best_many,0.25,3,27,0.36935963530113186,0.28852366778124994,9.550056367549105,6.405017612599162,0.1735379661455199
evogym,best_many,0.25,3,28,0.36935963530113186,0.28964532022561973,9.550056367549105,6.5714312376203114,0.1649937244101191
evogym,best_many,0.25,3,29,0.41469734015481674,0.28619074575271997,9.550056367549105,6.224088621897378,0.16835416876165202
evogym,best_many,0.25,3,30,0.41469734015481674,0.29513231209612656,9.550056367549105,6.520269094835344,0.16499600934861308
evogym,best_many,0.4,1,0,0.3254056666025118,0.2328916146787206,3.468216346027572,1.6176564921322718,0.22974584618462685
evogym,best_many,0.4,1,1,0.3254056666025118,0.2328916146787206,3.468216346027572,1.6176564921322718,0.22974584618462685
evogym,best_many,0.4,1,2,0.3518721333381845,0.2456603327482349,4.696442585697952,1.8409462676925181,0.20497763037366043
evogym,best_many,0.4,1,3,0.3518721333381845,0.28829903340271495,4.696442585697952,2.6116827058448555,0.18485418970226816
evogym,best_many,0.4,1,4,0.354137674548181,0.29722307000805276,5.4613785660671414,3.1061142950257437,0.1618236759254159
evogym,best_many,0.4,1,5,0.3570232799430952,0.31461034075140437,5.4613785660671414,3.5541327226755692,0.14627828158320796
evogym,best_many,0.4,1,6,0.3570232799430952,0.31374033030021914,5.755130166709116,3.919174736929943,0.130519339053425
evogym,best_many,0.4,1,7,0.39641250609725437,0.3090938557074162,6.644439851170598,4.103627189313635,0.13216376353898757
evogym,best_many,0.4,1,8,0.40392319654438114,0.3103237763078338,7.315667032586125,4.391235824102346,0.1274408279957069
evogym,best_many,0.4,1,9,0.40392319654438114,0.3114583443599291,7.315667032586125,4.482803315082828,0.12858412859988147
evogym,best_many,0.4,1,10,0.40392319654438114,0.32865095206408756,7.315667032586125,5.058831073928518,0.11803432621702055
evogym,best_many,0.4,1,11,0.40392319654438114,0.32842133642760113,7.733804491865586,5.282192704380803,0.12162990963659177
evogym,best_many,0.4,1,12,0.40392319654438114,0.3363509550286459,7.733804491865586,5.509892455882172,0.12879415622058057
evogym,best_many,0.4,1,13,0.40392319654438114,0.3376467566340924,7.733804491865586,5.791404753392504,0.12053052713734524
evogym,best_many,0.4,1,14,0.47079562905234396,0.3283040798208515,9.538063809063154,6.021733883038577,0.13063776994976065
evogym,best_many,0.4,1,15,0.47079562905234396,0.3273933358628518,9.538063809063154,6.128298637361508,0.12317710964650488
evogym,best_many,0.4,1,16,0.47079562905234396,0.34084668172380095,9.538063809063154,6.349778667956541,0.13081797445594245
evogym,best_many,0.4,1,17,0.47079562905234396,0.3441257140364059,9.538063809063154,6.701422461353315,0.1123205726890573
evogym,best_many,0.4,1,18,0.47594310129138034,0.3530022622380743,9.548454552546538,6.7391445620715915,0.12068700072049698
evogym,best_many,0.4,1,19,0.47594310129138034,0.36102795422381573,9.548454552546538,6.982512760715958,0.11390819606428401
evogym,best_many,0.4,1,20,0.47594310129138034,0.373737418761854,9.548454552546538,7.387727112364276,0.10450984725897161
evogym,best_many,0.4,1,21,0.47594310129138034,0.36931206144833634,9.56378362075634,7.361902108554676,0.10205176905954157
evogym,best_many,0.4,1,22,0.47594310129138034,0.3774477937818449,9.56378362075634,7.438271542868733,0.11009540508250819
evogym,best_many,0.4,1,23,0.47594310129138034,0.3904004327990068,9.56378362075634,7.756337569070598,0.11294498371587089
evogym,best_many,0.4,1,24,0.47594310129138034,0.382315867484102,9.56378362075634,7.473948939467503,0.12439478493375075
evogym,best_many,0.4,1,25,0.47594310129138034,0.39185257833308673,9.56378362075634,7.976892696380711,0.10845072097868905
evogym,best_many,0.4,1,26,0.47652077620110544,0.3825609570996957,9.56378362075634,7.494273911677453,0.12912927986214864
evogym,best_many,0.4,1,27,0.47652077620110544,0.397287158112938,9.56573912505313,7.939614461553711,0.12274829920915656
evogym,best_many,0.4,1,28,0.47652077620110544,0.40165601387087213,9.56573912505313,8.093208942142779,0.1202465652882635
evogym,best_many,0.4,1,29,0.4783364177545969,0.40094021506398325,9.56378362075634,8.035550899100365,0.11749348524850016
evogym,best_many,0.4,1,30,0.4783364177545969,0.3905470869397639,9.562020454680953,7.736559029186414,0.11716573848270077
evogym,best_many,0.4,2,0,0.3342991353930209,0.24822694845830387,2.9790253248747587,1.6357510459441442,0.2218368511677488
evogym,best_many,0.4,2,1,0.3342991353930209,0.24822694845830387,2.9790253248747587,1.6357510459441442,0.2218368511677488
evogym,best_many,0.4,2,2,0.3545261971232354,0.2620087586379721,4.308029708884186,1.9308451677262712,0.19567626099204632
evogym,best_many,0.4,2,3,0.3545261971232354,0.29749674850372965,4.308029708884186,2.5961665492772807,0.18057673474538155
evogym,best_many,0.4,2,4,0.3548933202335174,0.2947046316993714,5.220429182116554,2.940942489383997,0.17347788415996854
evogym,best_many,0.4,2,5,0.35592182973424435,0.29193535424831896,6.354785557294329,3.3657386226476205,0.1600252511599181
evogym,best_many,0.4,2,6,0.3722937030959964,0.30616796269136914,6.354785557294329,3.718765166636812,0.1610169491164684
evogym,best_many,0.4,2,7,0.3722937030959964,0.30804757588324705,6.354785557294329,4.015635850018073,0.1490909664250598
evogym,best_many,0.4,2,8,0.3722937030959964,0.30779196954082405,6.354785557294329,4.1157630190400205,0.15132330762891505
evogym,best_many,0.4,2,9,0.3722937030959964,0.3051321691292797,6.959832603397357,4.417850843736266,0.14492501499850158
evogym,best_many,0.4,2,10,0.3722937030959964,0.2990484459511177,8.158209462120858,4.604049183608408,0.1476269159288287
evogym,best_many,0.4,2,11,0.3861287328259002,0.3056165349098702,8.381442640994846,5.026941875333668,0.14510572729284482
evogym,best_many,0.4,2,12,0.39238432920693694,0.320289544629485,9.291042753978202,5.749735193890503,0.13463408374997027
evogym,best_many,0.4,2,13,0.45302698140021863,0.33256293156813,9.494285091102316,6.203775586939259,0.12613699419051888
evogym,best_many,0.4,2,14,0.45302698140021863,0.336831057281059,9.494285091102316,6.543492191783072,0.11253911669004617
evogym,best_many,0.4,2,15,0.4598719880188293,0.3535181182898172,9.494285091102316,6.8245134341601315,0.11636492025024345
evogym,best_many,0.4,2,16,0.4598719880188293,0.3561735265926841,9.494285091102316,6.955397516410298,0.11410398060898488
evogym,best_many,0.4,2,17,0.4598719880188293,0.3644263988781782,9.494285091102316,7.3526035777105445,0.10369742488047921
evogym,best_many,0.4,2,18,0.4598719880188293,0.3812290970730718,9.572046828585579,7.863656102442706,0.10251934079348439
evogym,best_many,0.4,2,19,0.4598719880188293,0.37566956238721677,9.560431969188164,7.456362463905407,0.11985618924360382
evogym,best_many,0.4,2,20,0.4598719880188293,0.3777028170340053,9.560431969188164,7.475803396739662,0.12345088189521632
evogym,best_many,0.4,2,21,0.48367999875458956,0.37438361758013144,9.560431969188164,7.257438787859535,0.12745359707859044
evogym,best_many,0.4,2,22,0.48367999875458956,0.3923873352993308,9.560431969188164,7.791140810755524,0.1191758998489165
evogym,best_many,0.4,2,23,0.48367999875458956,0.3940091069916297,9.560431969188164,7.816482783103146,0.1209622834607833
evogym,best_many,0.4,2,24,0.48367999875458956,0.3895018487985774,9.560431969188164,7.7765562784689575,0.11828509495926268
evogym,best_many,0.4,2,25,0.48367999875458956,0.37559173685597647,9.561171015381507,7.411778798119853,0.1226328171997357
evogym,best_many,0.4,2,26,0.48367999875458956,0.39227635832660507,9.561171015381507,7.906817520368506,0.11054580582604427
evogym,best_many,0.4,2,27,0.48367999875458956,0.3671749926302236,9.57318418170577,7.297032384254402,0.11351197572308272
evogym,best_many,0.4,2,28,0.48367999875458956,0.3922419762379568,9.57318418170577,7.954038153211691,0.1087555492504235
evogym,best_many,0.4,2,29,0.48367999875458956,0.37444776698474197,9.57318418170577,7.498431476614573,0.10434623516015891
evogym,best_many,0.4,2,30,0.488958067569608,0.38208447037378546,9.57318418170577,7.4886743408523575,0.1163770826588429
evogym,best_many,0.4,3,0,0.33284063833146865,0.2396659258139719,3.537147039009039,1.6988176106524442,0.2087683692439235
evogym,best_many,0.4,3,1,0.33284063833146865,0.2396659258139719,3.537147039009039,1.6988176106524442,0.2087683692439235
evogym,best_many,0.4,3,2,0.35851655631706736,0.2639252059723408,4.588144237005932,2.13534528545241,0.18415605978733318
evogym,best_many,0.4,3,3,0.35906930263949993,0.3047932323263271,4.620936171972762,2.90838482846988,0.16381443079838254
evogym,best_many,0.4,3,4,0.35906930263949993,0.3159646488300523,5.731027981454616,3.694043550539071,0.1314155182100303
evogym,best_many,0.4,3,5,0.35906930263949993,0.31845287745640927,5.7507838498212625,3.6828072643973035,0.15197754397289498
evogym,best_many,0.4,3,6,0.38640898464041695,0.32146421791219104,6.243991958928605,4.269332887531578,0.12592172715963384
evogym,best_many,0.4,3,7,0.3869637699031262,0.31631749918150115,6.892246548702044,4.58621329446949,0.11557025748208767
evogym,best_many,0.4,3,8,0.3869637699031262,0.31600289832945083,7.43486033850547,4.720270422412407,0.12661560254545126
evogym,best_many,0.4,3,9,0.3882293465543244,0.32365125347112794,7.43486033850547,4.81723414405699,0.13617897513045313
evogym,best_many,0.4,3,10,0.3882293465543244,0.3287583246696072,7.43486033850547,5.062437038944058,0.12342456249666396
evogym,best_many,0.4,3,11,0.3882574344052972,0.32450827991322984,7.812630300039612,5.251286153811082,0.1156990860531905
evogym,best_many,0.4,3,12,0.39363899949920794,0.32492574136603125,7.812630300039612,5.408360844951879,0.10507365096689533
evogym,best_many,0.4,3,13,0.39363899949920794,0.33429841453394593,7.992347893319115,5.705736209014509,0.10821803925644027
evogym,best_many,0.4,3,14,0.39363899949920794,0.35040328149441585,8.04296571098931,6.107393293089282,0.11102206340682261
evogym,best_many,0.4,3,15,0.4006922890679782,0.3424650426494088,8.251610128828867,5.9925360621009185,0.11424581749998661
evogym,best_many,0.4,3,16,0.4006922890679782,0.3389058066767003,8.251610128828867,6.105503382822809,0.10321632713446757
evogym,best_many,0.4,3,17,0.4006922890679782,0.3407156949715512,8.398527013268536,6.25706548686213,0.10739557963145405
evogym,best_many,0.4,3,18,0.4006922890679782,0.3320885410130876,9.111400688555817,6.424193070220419,0.10047233572687216
evogym,best_many,0.4,3,19,0.4478554050935771,0.33539510064417327,9.111400688555817,6.50680190341667,0.09922588267527961
evogym,best_many,0.4,3,20,0.4478554050935771,0.34024207249268607,9.178500034155439,6.594616046623679,0.10187315649105004
evogym,best_many,0.4,3,21,0.4478554050935771,0.33700798394337056,9.178500034155439,6.623353510225504,0.0948899228346626
evogym,best_many,0.4,3,22,0.4478554050935771,0.33224237541701185,9.178500034155439,6.292762449426691,0.10839669817792337
evogym,best_many,0.4,3,23,0.4478554050935771,0.3466814930553865,9.178500034155439,6.643898009253919,0.11067821381304124
evogym,best_many,0.4,3,24,0.4478554050935771,0.3590098516162371,9.178500034155439,6.89529448298278,0.11557507554393934
evogym,best_many,0.4,3,25,0.4478554050935771,0.34015967049570384,9.178500034155439,6.497363983126407,0.11466735727701798
evogym,best_many,0.4,3,26,0.4478554050935771,0.3550843239863495,9.178500034155439,6.830798779018724,0.11748984017505977
evogym,best_many,0.4,3,27,0.45355741622479795,0.3599104931752279,9.235263472106968,7.18656233057621,0.10203294188883327
evogym,best_many,0.4,3,28,0.45355741622479795,0.3480195323191632,9.571768745980417,6.880404088273169,0.10714270877093898
evogym,best_many,0.4,3,29,0.45355741622479795,0.3271598576256001,9.571768745980417,6.3981738494073825,0.10599893865417913
evogym,best_many,0.4,3,30,0.4647758131113094,0.3676230422082678,9.571768745980417,7.355287263168006,0.10586928054296896
evogym,similar,0.1,1,0,0.2311469984741692,0.19500039244243356,3.6168657766915238,1.6019735383473517,0.24666172487378263
evogym,similar,0.1,1,1,0.2311469984741692,0.19500039244243356,3.6168657766915238,1.6019735383473517,0.24666172487378263
evogym,similar,0.1,1,2,0.23146927511460058,0.19818337245690348,3.6957117180752466,1.8545398863787046,0.22426638495911413
evogym,similar,0.1,1,3,0.23146927511460058,0.19547223751775722,5.65843359723403,2.2455244761652047,0.22256199925674966
evogym,similar,0.1,1,4,0.22563765069663066,0.19311021954484703,5.65843359723403,2.397880461476351,0.211976298017249
evogym,similar,0.1,1,5,0.24170233221421866,0.20182214116775157,6.256298169179146,2.425601649880129,0.21904706763474832
evogym,similar,0.1,1,6,0.24170233221421866,0.19999657789593142,6.836812283533829,2.7590010201767305,0.21657646799007574
evogym,similar,0.1,1,7,0.24170233221421866,0.20152286842096062,6.836812283533829,2.483336074922347,0.2329648287520505
evogym,similar,0.1,1,8,0.2184382671474703,0.18386534539340021,7.507946722808856,2.9039184986393116,0.2126083211673897
evogym,similar,0.1,1,9,0.2184382671474703,0.17542664534724142,7.507946722808856,2.422933788435564,0.21727560738253535
evogym,similar,0.1,1,10,0.2184382671474703,0.16847631013537617,7.507946722808856,2.9845322425060705,0.19791933511782914
evogym,similar,0.1,1,11,0.2184382671474703,0.18086475891447268,7.507946722808856,3.179149358319463,0.20225877525447028
evogym,similar,0.1,1,12,0.2232968666771216,0.18634874713040261,7.507946722808856,3.1797434477814592,0.20982768288923972
evogym,similar,0.1,1,13,0.2148625584149294,0.18339974505191553,7.507946722808856,3.309914128097925,0.20100968168262362
evogym,similar,0.1,1,14,0.21375444870269433,0.18947804617472214,7.507946722808856,3.662694596415504,0.19706286978319482
evogym,similar,0.1,1,15,0.21541786506456528,0.1899417759613061,7.507946722808856,3.4900932635008397,0.19610068677359777
evogym,similar,0.1,1,16,0.21541786506456528,0.19757105101572933,7.507946722808856,3.3253131252997803,0.20065374642689657
evogym,similar,0.1,1,17,0.22690920012253338,0.19335177568618173,7.507946722808856,3.346233470057379,0.19554784910488748
evogym,similar,0.1,1,18,0.2282245445453927,0.1942294674391801,7.507946722808856,3.396436045925809,0.19301070086555075
evogym,similar,0.1,1,19,0.22833037565380315,0.19845330760851887,7.507946722808856,3.5690129548643674,0.20337840153735187
evogym,similar,0.1,1,20,0.22878902193281778,0.19275247489694786,7.507946722808856,3.073482981047783,0.2087007372985885
evogym,similar,0.1,1,21,0.22878902193281778,0.19776167456067306,7.862428492427373,4.129964833676785,0.1989133871805443
evogym,similar,0.1,1,22,0.22878902193281778,0.20094566250147886,7.862428492427373,3.6412282111271885,0.2106134950112039
evogym,similar,0.1,1,23,0.2296937402720906,0.20256678267880882,7.862428492427373,3.630854699946142,0.2146704011922223
evogym,similar,0.1,1,24,0.24022971831181522,0.19302986232478841,7.862428492427373,4.232846262874483,0.20153670021580727
evogym,similar,0.1,1,25,0.24022971831181522,0.19190545750145366,8.128387936800612,3.57751630040912,0.21842465764000138
evogym,similar,0.1,1,26,0.28807177492295666,0.19183550182315132,8.128387936800612,3.5367622162639742,0.22101372596247598
evogym,similar,0.1,1,27,0.2889814382260477,0.19753679184982514,8.253924951491069,3.4892229989276595,0.21340823044615637
evogym,similar,0.1,1,28,0.32226339464490883,0.2146599962406514,8.666223519187017,3.754684843728082,0.22390720652934415
evogym,similar,0.1,1,29,0.3258061994511761,0.2230788934314835,8.620609685324265,3.8561843436183394,0.22637348685921738
evogym,similar,0.1,1,30,0.3258061994511761,0.22949170823908563,8.620609685324265,2.912807713257161,0.23471718145299048
evogym,similar,0.1,2,0,0.21832043977163149,0.17463241173430105,3.0023206901739283,1.7616605797557512,0.21349400577082317
evogym,similar,0.1,2,1,0.21832043977163149,0.17463241173430105,3.0023206901739283,1.7616605797557512,0.21349400577082317
evogym,similar,0.1,2,2,0.22454888576295937,0.17326867804653334,4.548059874603075,2.0261957533848105,0.1888389775095268
evogym,similar,0.1,2,3,0.22454888576295937,0.17430228132559517,7.1939980035808935,2.3500824029158713,0.18611175048954656
evogym,similar,0.1,2,4,0.22454888576295937,0.17844370554901712,7.1939980035808935,3.147565089672667,0.1798061871396096
evogym,similar,0.1,2,5,0.22694674052184752,0.18603309682390995,7.1939980035808935,2.49042958198192,0.19895651441961562
evogym,similar,0.1,2,6,0.22694674052184752,0.19980183584378103,7.1939980035808935,3.5378743694399284,0.19905250077268039
evogym,similar,0.1,2,7,0.22694674052184752,0.19921745478578715,6.690868708049675,3.109047796222212,0.2053907160672233
evogym,similar,0.1,2,8,0.22694674052184752,0.19443149220615835,6.690868708049675,3.7487464327072204,0.19484258507068947
evogym,similar,0.1,2,9,0.22694674052184752,0.19445173044495395,7.02306667907202,2.8834237022473923,0.212143761162254
evogym,similar,0.1,2,10,0.23463875903719186,0.19315546680120105,7.361215366744808,3.510176247985359,0.19935023257438272
evogym,similar,0.1,2,11,0.23537929622104903,0.1977084998975935,7.369724725213221,3.377067747185104,0.19970019747431017
evogym,similar,0.1,2,12,0.23537929622104903,0.20222614050929427,7.574352210424757,3.872760441133761,0.2049619952992941
evogym,similar,0.1,2,13,0.2191066383074165,0.18756138480557638,8.962137454757306,4.405033742468745,0.19186990354868352
evogym,similar,0.1,2,14,0.2191066383074165,0.18949192712665008,8.962137454757306,3.8594772007640623,0.19766818112223156
evogym,similar,0.1,2,15,0.2191066383074165,0.18807696155220935,8.962137454757306,3.6603525346390753,0.20155184441235763
evogym,similar,0.1,2,16,0.21947872077734287,0.18882784872182676,8.962137454757306,4.04485251814898,0.198904340381046
evogym,similar,0.1,2,17,0.23825339386348354,0.18633093412801288,8.962137454757306,3.6048751361748956,0.20402912205913631
evogym,similar,0.1,2,18,0.2770667584168185,0.19027175290093667,9.251699511538842,3.704381902049738,0.2061277488173387
evogym,similar,0.1,2,19,0.2770667584168185,0.1925413501771242,9.251699511538842,4.418885120365316,0.20445738190713864
evogym,similar,0.1,2,20,0.2770667584168185,0.19622454171001727,9.251699511538842,3.78816773355242,0.21539701021419125
evogym,similar,0.1,2,21,0.2770667584168185,0.19142668570362903,8.475964315535649,3.5605226481088557,0.21497189886225607
evogym,similar,0.1,2,22,0.2770667584168185,0.1969061004510067,8.475964315535649,4.1192180574300945,0.20935949199745027
evogym,similar,0.1,2,23,0.2770667584168185,0.19887492750472244,8.438118503372008,3.397298920591048,0.2123089957601984
evogym,similar,0.1,2,24,0.30788210808896793,0.21347872259889802,8.82586763921026,4.258388887764967,0.2179345485069301
evogym,similar,0.1,2,25,0.30788210808896793,0.2118349188599879,8.297970846260617,3.1310883599373556,0.23784449145677655
evogym,similar,0.1,2,26,0.30788210808896793,0.20544495112766636,8.45218963039881,4.319759965211928,0.21115085572615083
evogym,similar,0.1,2,27,0.30788210808896793,0.20215081969237883,8.45218963039881,3.400835139195472,0.21485047563005577
evogym,similar,0.1,2,28,0.33068628502097924,0.215108678502961,8.45218963039881,3.8790492666110317,0.2265563070458818
evogym,similar,0.1,2,29,0.33068628502097924,0.2184903842510435,8.45218963039881,3.9562896705089954,0.21409018870679178
evogym,similar,0.1,2,30,0.4085894032347851,0.22507167368404338,8.45218963039881,4.13354086087752,0.20615250677371622
evogym,similar,0.1,3,0,0.22660081416310054,0.19886208473297123,2.3782366496229566,1.363140147018002,0.2455327587410055
evogym,similar,0.1,3,1,0.22660081416310054,0.19886208473297123,2.3782366496229566,1.363140147018002,0.2455327587410055
evogym,similar,0.1,3,2,0.22660081416310054,0.19631538570154855,4.54683187159243,1.6393319270501259,0.2237494374888548
evogym,similar,0.1,3,3,0.22660081416310054,0.19606389507173,4.54683187159243,2.0227231500510072,0.21822617885738524
evogym,similar,0.1,3,4,0.22624137432767624,0.18412557660234588,4.54683187159243,2.061215328721853,0.20738196423518343
evogym,similar,0.1,3,5,0.23348738172530903,0.190202641615187,6.639703876263407,2.5441554779770597,0.2100358602358921
evogym,similar,0.1,3,6,0.2412480346897741,0.1835094256163604,6.639703876263407,2.726338319229673,0.20979452658325273
evogym,similar,0.1,3,7,0.2412480346897741,0.192044231361775,7.728769283048277,3.351027910195967,0.19530129661735343
evogym,similar,0.1,3,8,0.2412480346897741,0.20281029991709457,6.639703876263407,3.3047928356275995,0.20494043439424944
evogym,similar,0.1,3,9,0.2412480346897741,0.19245116767256418,7.62553137569204,3.450374728385262,0.1986479730250336
evogym,similar,0.1,3,10,0.2412480346897741,0.19988154648630707,7.827618615223685,3.4824643856445143,0.19980897408147685
evogym,similar,0.1,3,11,0.24375393999400805,0.2056211529264874,6.639703876263407,3.0185975693437053,0.21600621074640952
evogym,similar,0.1,3,12,0.24375393999400805,0.20927159791265232,6.9409654018360385,2.966429590467344,0.23186278412831213
evogym,similar,0.1,3,13,0.2248948251723978,0.19549124079899033,6.9409654018360385,2.649189724221182,0.23045881639640492
evogym,similar,0.1,3,14,0.22143494252950088,0.18872787522111165,6.9409654018360385,3.36226755120608,0.2145327820576548
evogym,similar,0.1,3,15,0.22266306305700714,0.18734997435787545,6.9409654018360385,3.273209581669458,0.21655918639983285
evogym,similar,0.1,3,16,0.20887254114198653,0.17788258566404996,6.9409654018360385,3.4792575240783052,0.19932852773208293
evogym,similar,0.1,3,17,0.21081791761395705,0.17655997578612803,6.348797286627413,3.4952055626401672,0.18589185479519438
evogym,similar,0.1,3,18,0.21081791761395705,0.18165481595098537,6.348797286627413,3.782532687951479,0.18230838183045617
evogym,similar,0.1,3,19,0.21165402818387175,0.17170962780682023,6.348797286627413,4.232722018787436,0.16152377734319903
evogym,similar,0.1,3,20,0.21165402818387175,0.1731530769458989,6.348797286627413,3.727056630046974,0.16838262580734958
evogym,similar,0.1,3,21,0.22162187377284703,0.17701557621131103,6.498607846961244,3.6392690721454555,0.17533113077364212
evogym,similar,0.1,3,22,0.23596194123142294,0.18278807970271505,7.025298587497007,3.519061745719372,0.18165681213694274
evogym,similar,0.1,3,23,0.23596194123142294,0.19277438717438197,7.025298587497007,3.7441397989088245,0.19103675610190216
evogym,similar,0.1,3,24,0.23596194123142294,0.19243130716853488,7.025298587497007,3.553119256117699,0.19639387734207692
evogym,similar,0.1,3,25,0.28897169506007164,0.20187867342113294,7.025298587497007,3.5959645887017815,0.2024031712653676
evogym,similar,0.1,3,26,0.28897169506007164,0.19112832506355376,7.025298587497007,3.552363648474402,0.1962576522129233
evogym,similar,0.1,3,27,0.30372347501963326,0.19837840740246435,7.632216205826417,3.849570892213459,0.19923861510297147
evogym,similar,0.1,3,28,0.30456441063895767,0.19712902168457297,7.632216205826417,3.4739029547746823,0.20408458127192225
evogym,similar,0.1,3,29,0.3456294292291082,0.19601437439718183,7.025298587497007,3.081364969837348,0.20314797874522633
evogym,similar,0.1,3,30,0.3456294292291082,0.21090813326935082,7.025298587497007,3.245701480626169,0.20114208920889384
evogym,similar,0.25,1,0,0.2524652548259711,0.21037624105244662,3.4536942493234863,1.5845875916394225,0.2276097596786139
evogym,similar,0.25,1,1,0.2524652548259711,0.21037624105244662,3.4536942493234863,1.5845875916394225,0.2276097596786139
evogym,similar,0.25,1,2,0.2541745194082441,0.215062610077399,4.496500973767403,1.8961106652561086,0.19780451719175834
evogym,similar,0.25,1,3,0.2731800761023281,0.2350998760543539,5.48018469150198,2.5740759988873103,0.2053685651504177
evogym,similar,0.25,1,4,0.2731800761023281,0.23483323405740952,5.981050820056598,2.9392545089098614,0.1987986304508147
evogym,similar,0.25,1,5,0.29270468297744634,0.23841980236247218,7.504940972406802,3.456247832124858,0.19078644727197092
evogym,similar,0.25,1,6,0.29270468297744634,0.24352135157756288,7.504940972406802,3.7955138116456046,0.18409810902050033
evogym,similar,0.25,1,7,0.2973969641522297,0.24873083612638344,7.504940972406802,3.629316938679909,0.19761970854163907
evogym,similar,0.25,1,8,0.2973969641522297,0.2520856675078762,7.504940972406802,3.9103678367502788,0.1906291332446292
evogym,similar,0.25,1,9,0.29769546589715734,0.2568799482494245,7.504940972406802,3.979785195393532,0.1946058796255292
evogym,similar,0.25,1,10,0.29769546589715734,0.25668841198817827,7.504940972406802,4.266892702672468,0.18017300870778458
evogym,similar,0.25,1,11,0.3023886223669401,0.2638762401380137,7.504940972406802,4.543514731603479,0.1777283713012986
evogym,similar,0.25,1,12,0.3023886223669401,0.2660914361762491,7.504940972406802,4.792692742795465,0.16811450028177605
evogym,similar,0.25,1,13,0.31092833527054675,0.27107509565160914,7.504940972406802,4.762394858568998,0.17942166719339026
evogym,similar,0.25,1,14,0.31092833527054675,0.2726315054038717,7.78529220740977,5.161554466192435,0.1735932740097168
evogym,similar,0.25,1,15,0.31355085630499857,0.27594305048002077,7.78529220740977,5.443818680588363,0.16902327009890933
evogym,similar,0.25,1,16,0.31409673561423657,0.26459468053777974,7.491884867918273,4.988945857099874,0.16722365189922123
evogym,similar,0.25,1,17,0.3365845962677463,0.28179326960411916,7.491884867918273,5.541254089875222,0.16444345968198298
evogym,similar,0.25,1,18,0.3633704331437967,0.27763528846726393,7.752635858855279,5.49758374265046,0.16740121249106443
evogym,similar,0.25,1,19,0.3633704331437967,0.2755130637616637,7.752635858855279,5.311427631568755,0.1689675219462228
evogym,similar,0.25,1,20,0.3633704331437967,0.28072149996263224,7.752635858855279,5.537374676588665,0.16673259364801563
evogym,similar,0.25,1,21,0.3633704331437967,0.27928214836559684,7.752635858855279,5.612269698323105,0.16249203615419305
evogym,similar,0.25,1,22,0.3633704331437967,0.2771104516954544,7.994925336536102,5.53053826189253,0.15922906571645862
evogym,similar,0.25,1,23,0.3633704331437967,0.27622893695213546,8.383011563545356,5.689066147923141,0.15806106786746868
evogym,similar,0.25,1,24,0.3633704331437967,0.2767118061379764,8.383011563545356,5.524231757905474,0.16904693256218883
evogym,similar,0.25,1,25,0.3633704331437967,0.28348299971283936,8.383011563545356,6.051290152544449,0.16091413977283475
evogym,similar,0.25,1,26,0.3633704331437967,0.2723094127848914,8.383011563545356,5.78134386444893,0.15808551840458887
evogym,similar,0.25,1,27,0.37234508729030064,0.2723131469098844,8.383011563545356,5.681526927489832,0.1557921622092753
evogym,similar,0.25,1,28,0.37234508729030064,0.28663788240927884,8.383011563545356,5.878640585359585,0.16136831559520515
evogym,similar,0.25,1,29,0.37234508729030064,0.2804052204695625,8.383011563545356,5.708050218131306,0.15814258566355718
evogym,similar,0.25,1,30,0.37234508729030064,0.28530420349558566,8.4140319499604,5.791750712621651,0.15712477647773399
evogym,similar,0.25,2,0,0.26495879770170727,0.20266537544947022,3.567699016888559,1.5312833898209026,0.2278411467442289
evogym,similar,0.25,2,1,0.26495879770170727,0.20266537544947022,3.567699016888559,1.5312833898209026,0.2278411467442289
evogym,similar,0.25,2,2,0.26495879770170727,0.20495652752314203,4.842305124290122,1.69430809549136,0.20644837458682747
evogym,similar,0.25,2,3,0.27047378795516114,0.22305579387036817,5.19097033717104,2.248661018327494,0.20119673534478988
evogym,similar,0.25,2,4,0.282652835307038,0.2437967665336198,5.19097033717104,2.8303778123374626,0.18848051052771828
evogym,similar,0.25,2,5,0.2832564763972739,0.251210914760111,5.19097033717104,3.0764145733318538,0.18259868428702491
evogym,similar,0.25,2,6,0.2832564763972739,0.25237104979027697,6.169140158004931,3.615257632695865,0.17562379562713037
evogym,similar,0.25,2,7,0.2832564763972739,0.2548674262020829,6.169140158004931,3.484355461738757,0.19077445577899338
evogym,similar,0.25,2,8,0.28036339296536855,0.25160182440175816,6.682617540039828,3.7576440104143574,0.18311048620009102
evogym,similar,0.25,2,9,0.28466214778493043,0.2533793193096083,6.957445215457122,4.126822003128224,0.17530766654606586
evogym,similar,0.25,2,10,0.2856566824857112,0.2465428235556916,6.957445215457122,3.949129710682738,0.17930938595603074
evogym,similar,0.25,2,11,0.2856566824857112,0.24906276974335567,6.957445215457122,4.190025582393941,0.1666905137533895
evogym,similar,0.25,2,12,0.2869648862831568,0.2522601366490451,7.0667024171766535,4.315541041141264,0.1663925629339639
evogym,similar,0.25,2,13,0.2869648862831568,0.2589177685903339,7.0667024171766535,4.715588155699723,0.15784410754986333
evogym,similar,0.25,2,14,0.2869648862831568,0.25497705703205853,7.0667024171766535,4.7414431471124034,0.1594449627831224
evogym,similar,0.25,2,15,0.2738957328634438,0.2446439461755919,7.436204777959116,4.5029854758875505,0.16641477103442598
evogym,similar,0.25,2,16,0.2738957328634438,0.24302764743677066,7.582876668951171,4.890344037830536,0.14962680269644874
evogym,similar,0.25,2,17,0.31071489073423686,0.2382497129539579,8.412717058845189,4.813577129020019,0.1609083443350537
evogym,similar,0.25,2,18,0.31071489073423686,0.24361329028174022,8.412717058845189,5.489256550744256,0.14986297851594202
evogym,similar,0.25,2,19,0.31071489073423686,0.23143439224438117,8.412717058845189,4.97613733306496,0.1563697973075633
evogym,similar,0.25,2,20,0.31071489073423686,0.24554713832751524,9.360476382339957,5.789171877799463,0.14380608191669064
evogym,similar,0.25,2,21,0.31071489073423686,0.2460439351895118,9.360476382339957,5.70477103510813,0.14955845422630054
evogym,similar,0.25,2,22,0.31071489073423686,0.2562292284597888,9.541475377706513,6.48417306636492,0.13700754754056182
evogym,similar,0.25,2,23,0.31071489073423686,0.25289509935147725,9.541475377706513,6.040456719622643,0.1461621915496299
evogym,similar,0.25,2,24,0.3174201036832407,0.2504567419714757,9.541475377706513,5.897214696564136,0.14771426284523137
evogym,similar,0.25,2,25,0.3174201036832407,0.2538703224171,9.541475377706513,6.282831475103835,0.14867879546341714
evogym,similar,0.25,2,26,0.3174201036832407,0.2607949860811839,9.541475377706513,6.853555663650836,0.14305676359573166
evogym,similar,0.25,2,27,0.3224473219042764,0.25238691428434123,9.541475377706513,6.541205357217033,0.14518528776798276
evogym,similar,0.25,2,28,0.3850818975498221,0.2600100180521359,9.541475377706513,6.711188673456621,0.14051105533888147
evogym,similar,0.25,2,29,0.3850818975498221,0.26079523681398764,9.541475377706513,6.834202501692121,0.12893511642247396
evogym,similar,0.25,2,30,0.3850818975498221,0.26115800129592454,9.544883417685753,6.32685113373758,0.13580316320337257
evogym,similar,0.25,3,0,0.2641833384444633,0.1941651680510244,3.2476330309563073,1.4782683845902556,0.2024209605349065
evogym,similar,0.25,3,1,0.2641833384444633,0.1941651680510244,3.2476330309563073,1.4782683845902556,0.2024209605349065
evogym,similar,0.25,3,2,0.2744972751808444,0.20122197803781652,4.063152525373372,1.657922552841256,0.18194893103755144
evogym,similar,0.25,3,3,0.2772183166561949,0.2251287551368566,5.1999776181704975,2.4801276175035096,0.17484255862853676
evogym,similar,0.25,3,4,0.2850050557070525,0.23889073934659216,5.1999776181704975,2.880175204798705,0.16662287105025747
evogym,similar,0.25,3,5,0.28517687764905264,0.2519397821199469,5.1999776181704975,3.22476756758986,0.17044106263989514
evogym,similar,0.25,3,6,0.28507751821058896,0.254184955637797,5.548999834200408,3.5333746382312206,0.17462920702770293
evogym,similar,0.25,3,7,0.27352774782058287,0.23739452308989298,6.370951447966277,3.7414494792263318,0.16407586575687413
evogym,similar,0.25,3,8,0.27352774782058287,0.24718042237711563,6.431374033688283,3.8408575070464424,0.184075189715046
evogym,similar,0.25,3,9,0.27059165234000737,0.22983625046996708,7.930979124980673,4.24732852666874,0.15848923819791044
evogym,similar,0.25,3,10,0.27059165234000737,0.23738954546871685,7.930979124980673,4.28705390644786,0.1683784515798271
evogym,similar,0.25,3,11,0.2789389684852608,0.23809316839812733,7.930979124980673,4.313122171042727,0.16817186172597193
evogym,similar,0.25,3,12,0.2789389684852608,0.24241728534723989,7.930979124980673,4.3068129861157605,0.17288965817237328
evogym,similar,0.25,3,13,0.2797801711971476,0.24820395597184888,7.930979124980673,4.887906117015664,0.1468284365867813
evogym,similar,0.25,3,14,0.2797801711971476,0.25215582205641196,7.930979124980673,4.745811451133055,0.1621336044926423
evogym,similar,0.25,3,15,0.2797801711971476,0.24407933455047676,7.930979124980673,4.4867073027604665,0.16668756543464133
evogym,similar,0.25,3,16,0.29336449588111646,0.24681605316887434,7.930979124980673,4.900662383315277,0.1482309592288869
evogym,similar,0.25,3,17,0.29336449588111646,0.2531759951854621,7.930979124980673,5.611302653373203,0.12607330769457206
evogym,similar,0.25,3,18,0.29404460720535097,0.25314876231024114,7.799076385171669,4.843133030491956,0.1604594465422661
evogym,similar,0.25,3,19,0.30529034527813115,0.2541646203621558,7.823129836890618,5.601150070814537,0.132488529284468
evogym,similar,0.25,3,20,0.30529034527813115,0.25004984457398677,7.823129836890618,5.122174196764905,0.15510926409101822
evogym,similar,0.25,3,21,0.30529034527813115,0.24580172104118647,7.823129836890618,4.759092233745102,0.17316308034832256
evogym,similar,0.25,3,22,0.33084752831303393,0.2431898835920144,7.823129836890618,5.349617786138677,0.1467697543230308
evogym,similar,0.25,3,23,0.33084752831303393,0.23782448707808418,9.085590980987574,5.7476515766498375,0.14334917537690875
evogym,similar,0.25,3,24,0.33084752831303393,0.23891096377192675,9.085590980987574,5.3033022521341495,0.15145675666723252
evogym,similar,0.25,3,25,0.33084752831303393,0.24472052516154563,9.085590980987574,5.741921371998936,0.13377119283661498
evogym,similar,0.25,3,26,0.33084752831303393,0.2510973819166673,9.085590980987574,5.931398312354196,0.13051066041234377
evogym,similar,0.25,3,27,0.33084752831303393,0.25626722853409556,9.259305440717672,5.9070196054586095,0.13800472317956705
evogym,similar,0.25,3,28,0.33084752831303393,0.2559613184502737,9.580925312776024,6.163462966894351,0.12985074728444476
evogym,similar,0.25,3,29,0.35591741169560454,0.25796763334931255,9.583423341751615,6.277049147233834,0.1262733764070999
evogym,similar,0.25,3,30,0.35591741169560454,0.25569937241704854,9.583423341751615,6.340783349163281,0.11876182019486656
evogym,similar,0.4,1,0,0.30248532556892144,0.23394814738081618,3.149624769464938,1.5439401411881932,0.24149375881521545
evogym,similar,0.4,1,1,0.30248532556892144,0.23394814738081618,3.149624769464938,1.5439401411881932,0.24149375881521545
evogym,similar,0.4,1,2,0.3049011758047747,0.24263419433439673,4.828497953922247,1.8347910608137479,0.20738897902734763
evogym,similar,0.4,1,3,0.32399917663503974,0.2609962288977593,5.293245409595762,2.4327552922390754,0.18117926167344522
evogym,similar,0.4,1,4,0.32399917663503974,0.2808533093573998,5.293245409595762,3.108630213334242,0.1666461511990046
evogym,similar,0.4,1,5,0.33185408990740317,0.2778673984604046,6.842882848074138,3.629322457763872,0.15021856311370263
evogym,similar,0.4,1,6,0.37234132604273257,0.2909814840264588,7.330423275646304,4.145311168250742,0.14306733930771293
evogym,similar,0.4,1,7,0.37234132604273257,0.3013664260311612,7.330423275646304,4.629308919192956,0.12971276888231772
evogym,similar,0.4,1,8,0.39681958238229303,0.31054666423077126,8.571813451481297,5.2047996505244605,0.13081513652956167
evogym,similar,0.4,1,9,0.39681958238229303,0.31709307121530894,8.571813451481297,5.412004527446839,0.13580071871378802
evogym,similar,0.4,1,10,0.39681958238229303,0.33162529503953025,8.571813451481297,5.845632746515982,0.13668411807085495
evogym,similar,0.4,1,11,0.406884784198974,0.3240840048684135,9.418447754237716,6.203434317974425,0.11960771794502982
evogym,similar,0.4,1,12,0.406884784198974,0.3349050655496345,9.418447754237716,6.513649187360213,0.11716878975127328
evogym,similar,0.4,1,13,0.4147057040365293,0.32982696974399245,9.418447754237716,6.230081825277957,0.12644271064119664
evogym,similar,0.4,1,14,0.4147057040365293,0.33948119664279397,9.418447754237716,6.430875730273479,0.12737572351292076
evogym,similar,0.4,1,15,0.4638958715113223,0.3486552699034365,9.600857241455877,6.980312773709085,0.11039995921721232
evogym,similar,0.4,1,16,0.4638958715113223,0.3550954413505451,9.600857241455877,7.111000465932657,0.11371812035099496
evogym,similar,0.4,1,17,0.4638958715113223,0.35652126984671934,9.600857241455877,7.203807243817818,0.10980243722834097
evogym,similar,0.4,1,18,0.4638958715113223,0.3520223988604059,9.600857241455877,7.168221367411817,0.10774938483902849
evogym,similar,0.4,1,19,0.4638958715113223,0.35209484708675237,9.600857241455877,7.182361230173191,0.10902676091366374
evogym,similar,0.4,1,20,0.4638958715113223,0.35843612856346885,9.600857241455877,7.20012079547111,0.11917709515367188
evogym,similar,0.4,1,21,0.4638958715113223,0.3497384369833724,9.63218195983653,7.273111171588778,0.098308294458089
evogym,similar,0.4,1,22,0.4638958715113223,0.38217107707187015,9.63218195983653,7.906310046596066,0.11099725813184505
evogym,similar,0.4,1,23,0.4638958715113223,0.3682225582703208,9.63218195983653,7.332285990406246,0.12551198844708375
evogym,similar,0.4,1,24,0.4638958715113223,0.37483894961259157,9.63218195983653,7.521512773505482,0.12087750738937812
evogym,similar,0.4,1,25,0.4941984891717217,0.37588338544876587,9.63218195983653,7.645800192522303,0.11204346847833406
evogym,similar,0.4,1,26,0.4941984891717217,0.3898092731781388,9.63218195983653,7.615026989516478,0.13131741915000045
evogym,similar,0.4,1,27,0.4941984891717217,0.3804793624504107,9.63218195983653,7.34783618355628,0.13307684680215337
evogym,similar,0.4,1,28,0.4941984891717217,0.38761997846645135,9.63218195983653,7.491335819941648,0.13172993330892643
evogym,similar,0.4,1,29,0.4941984891717217,0.3786781977452347,9.63261449410655,7.287501484105867,0.13082442466203303
evogym,similar,0.4,1,30,0.5406858172895492,0.39470216299879,9.646569781407043,7.564231024104048,0.1367114186202616
evogym,similar,0.4,2,0,0.2923820580648328,0.2086127224187111,4.471249506802412,1.4718368271324311,0.24786572536574902
evogym,similar,0.4,2,1,0.2923820580648328,0.2086127224187111,4.471249506802412,1.4718368271324311,0.24786572536574902
evogym,similar,0.4,2,2,0.35212884370283937,0.22083536488354283,5.398758665896634,1.8173250809186967,0.21353034341814298
evogym,similar,0.4,2,3,0.35212884370283937,0.2494552847323072,6.18967282293,2.7563114058736353,0.1931964545975466
evogym,similar,0.4,2,4,0.37835658330340366,0.2570302546746729,7.397143493742557,3.318986402638687,0.1729528283710084
evogym,similar,0.4,2,5,0.3939371609520201,0.2790528044231304,8.15283589296293,3.862620111625952,0.17439482896868447
evogym,similar,0.4,2,6,0.3939371609520201,0.29982916773297796,8.15283589296293,4.625037694477238,0.14956856337648022
evogym,similar,0.4,2,7,0.399259625559858,0.3149580830355808,8.397545839001081,5.184044437043444,0.14277365141404424
evogym,similar,0.4,2,8,0.399259625559858,0.3370306278285923,8.79382564127475,6.051626801326345,0.12205187835908568
evogym,similar,0.4,2,9,0.4139814409337291,0.34668299847351525,8.79382564127475,6.198355935115964,0.13037237410872654
evogym,similar,0.4,2,10,0.4139814409337291,0.35281344971751777,8.79382564127475,6.519634993878023,0.12262626877168088
evogym,similar,0.4,2,11,0.4577464462969253,0.35469494332038,8.79382564127475,6.605272747642464,0.12473611559838445
evogym,similar,0.4,2,12,0.4577464462969253,0.36680585775839014,9.416618793441998,7.418406029337945,0.10614820470097723
evogym,similar,0.4,2,13,0.4577464462969253,0.35741579150079694,9.543955586114519,6.742574915325233,0.13967738275643754
evogym,similar,0.4,2,14,0.4577464462969253,0.3667975300248506,9.545118688753332,7.276485196936202,0.1257872936992745
evogym,similar,0.4,2,15,0.4577464462969253,0.35876797026720325,9.643743628336109,7.225278691930238,0.12299575648707688
evogym,similar,0.4,2,16,0.4577464462969253,0.3791323492687152,9.643743628336109,7.849391868672285,0.11212233197515345
evogym,similar,0.4,2,17,0.4577464462969253,0.37777440464516787,9.664946971407483,7.813610830330494,0.11337017644698011
evogym,similar,0.4,2,18,0.45917837083479585,0.3686715180550871,9.664946971407483,7.707618731572055,0.10443138915317995
evogym,similar,0.4,2,19,0.4605267002662227,0.3745756740089209,9.666480602374476,7.778678691337445,0.10432922391693784
evogym,similar,0.4,2,20,0.4605267002662227,0.3867508179610796,9.666480602374476,8.00372536536478,0.10985840832464677
evogym,similar,0.4,2,21,0.4605267002662227,0.38449654848023374,9.666480602374476,7.94080586908818,0.11334740293289665
evogym,similar,0.4,2,22,0.4605267002662227,0.3828484203841805,9.666480602374476,7.839781921619739,0.11571974416329392
evogym,similar,0.4,2,23,0.46982223026778824,0.3861512297632211,9.666480602374476,7.890499537888137,0.115348386862524
evogym,similar,0.4,2,24,0.46982223026778824,0.36573795085094474,9.666480602374476,7.36825067030482,0.11266447320495432
evogym,similar,0.4,2,25,0.48441149686202184,0.385609169173219,9.666480602374476,7.909441991749281,0.10625225754913925
evogym,similar,0.4,2,26,0.48441149686202184,0.3680869813798739,9.666480602374476,7.236923557865348,0.11789895759717046
evogym,similar,0.4,2,27,0.48441149686202184,0.3867415428114495,9.666480602374476,7.77833556816442,0.11144699150083393
evogym,similar,0.4,2,28,0.48441149686202184,0.38001946071906534,9.666480602374476,7.549884673123728,0.11515512728901875
evogym,similar,0.4,2,29,0.48441149686202184,0.38909259991929834,9.666480602374476,7.856142819127756,0.11136086419507436
evogym,similar,0.4,2,30,0.48441149686202184,0.3923960488074416,9.658096418096976,7.882245738766946,0.11225534336051948
evogym,similar,0.4,3,0,0.3463454331917783,0.23501326685780488,4.61486543666925,1.6538434474820807,0.24089032841239155
evogym,similar,0.4,3,1,0.3463454331917783,0.23501326685780488,4.61486543666925,1.6538434474820807,0.24089032841239155
evogym,similar,0.4,3,2,0.40736776494462484,0.25516822760501856,5.104508076834811,1.9824253870292416,0.212749405234836
evogym,similar,0.4,3,3,0.40736776494462484,0.3049661073879274,5.223765159263491,2.900678345329665,0.18550711749713833
evogym,similar,0.4,3,4,0.415382241793287,0.334569812218112,5.526160516419789,3.694932758136099,0.15430748751128565
evogym,similar,0.4,3,5,0.415382241793287,0.3542619866268507,5.526160516419789,4.106372994377605,0.13997904056808647
evogym,similar,0.4,3,6,0.415382241793287,0.35570829926134634,5.5387672907558745,4.1731548508398255,0.14701611495197148
evogym,similar,0.4,3,7,0.415382241793287,0.35278141031457894,5.5387672907558745,4.286959855312102,0.14067416728339016
evogym,similar,0.4,3,8,0.4080988628829748,0.33454604343863326,6.729647555092681,4.486157011653278,0.13792856859821553
evogym,similar,0.4,3,9,0.4157800182679735,0.3436131924605391,6.924616511740911,4.6601732871956125,0.14215133102061267
evogym,similar,0.4,3,10,0.4157800182679735,0.34452802500452756,6.924616511740911,4.517788126254947,0.16183595915981017
evogym,similar,0.4,3,11,0.4157800182679735,0.3553711531923307,7.087926734847293,5.0451951472622145,0.14132808494021812
evogym,similar,0.4,3,12,0.4157800182679735,0.367465410915867,7.131021611393403,5.310513939612983,0.14324708447255172
evogym,similar,0.4,3,13,0.41846519236223034,0.36886802940850505,7.422866726498996,5.602237367930225,0.13725523816332544
evogym,similar,0.4,3,14,0.41846519236223034,0.372124125807434,7.422866726498996,5.719115862826112,0.1375736541982216
evogym,similar,0.4,3,15,0.41846519236223034,0.3587171486397993,7.422866726498996,5.535241759761524,0.13614351057469057
evogym,similar,0.4,3,16,0.4467403065929138,0.37391286566158116,7.557057569291455,5.951551929268726,0.13352082305253912
evogym,similar,0.4,3,17,0.4467403065929138,0.367464947865784,7.557057569291455,5.848080656958021,0.13200335452206804
evogym,similar,0.4,3,18,0.4481755564152731,0.36546178734661483,7.978188929864835,6.039800400091522,0.12461096898089793
evogym,similar,0.4,3,19,0.458129043073234,0.37062575403802295,7.978188929864835,6.131657590372596,0.11838940185975322
evogym,similar,0.4,3,20,0.458129043073234,0.3765804806248735,7.978188929864835,6.047132933933227,0.13866177015244013
evogym,similar,0.4,3,21,0.45991632894784784,0.39063987123177424,7.978188929864835,6.456493492727182,0.13214567678543224
evogym,similar,0.4,3,22,0.45991632894784784,0.37613259302201,7.978188929864835,6.136286392925372,0.1454926943227996
evogym,similar,0.4,3,23,0.45991632894784784,0.3675776915373542,7.978188929864835,6.088598491424262,0.13229389647353926
evogym,similar,0.4,3,24,0.45991632894784784,0.36770134359107537,7.978188929864835,6.043014573894947,0.1316863888615883
evogym,similar,0.4,3,25,0.45991632894784784,0.38340483145036863,7.978188929864835,6.474116738362994,0.12043110759067502
evogym,similar,0.4,3,26,0.45991632894784784,0.3751572817495056,7.978188929864835,6.142513092674707,0.11932704456787438
evogym,similar,0.4,3,27,0.45991632894784784,0.37912994004717104,7.978188929864835,6.126488049073101,0.12667090298899494
evogym,similar,0.4,3,28,0.45991632894784784,0.38330405392431055,7.978188929864835,6.2624022984054175,0.12299479173889416
evogym,similar,0.4,3,29,0.45991632894784784,0.3747547927049707,7.978188929864835,6.02194914179639,0.1255271860789231
evogym,similar,0.4,3,30,0.47538118231970783,0.38050278114578096,7.978188929864835,6.058130023144327,0.13101490283030415
evogym,similar_many,0.1,1,0,0.21024596240894708,0.17554564238480463,2.8448795856224733,1.5111944443597845,0.22344869377700305
evogym,similar_many,0.1,1,1,0.21024596240894708,0.17554564238480463,2.8448795856224733,1.5111944443597845,0.22344869377700305
evogym,similar_many,0.1,1,2,0.21024596240894708,0.17434096062825802,4.1437954918757365,1.601905957790723,0.2019923231717577
evogym,similar_many,0.1,1,3,0.2169898002940165,0.1785741692196791,4.726009545757367,1.893855748011902,0.2036053940032673
evogym,similar_many,0.1,1,4,0.2225981587590038,0.18161995970005573,5.206763984738833,2.5304276056782844,0.1862304994028515
evogym,similar_many,0.1,1,5,0.24047903595284517,0.18251961197261896,5.206763984738833,2.547434060752093,0.18102637641887098
evogym,similar_many,0.1,1,6,0.24047903595284517,0.18452583211417933,5.489775639049367,2.9562389052537887,0.17032235129726878
evogym,similar_many,0.1,1,7,0.24047903595284517,0.19519148546533788,5.449425497981778,2.937582203936113,0.17790633592909955
evogym,similar_many,0.1,1,8,0.24047903595284517,0.19899498370916532,5.501953869297609,2.7900834523329148,0.18669951740582674
evogym,similar_many,0.1,1,9,0.24047903595284517,0.20255606304414547,5.501953869297609,3.2527864043406565,0.1796241468442233
evogym,similar_many,0.1,1,10,0.24047903595284517,0.20561921127231933,5.501953869297609,3.3373547886453574,0.18831656689270626
evogym,similar_many,0.1,1,11,0.2406347741001891,0.2004771903746212,5.612764151863506,3.227123867329084,0.1894474170537534
evogym,similar_many,0.1,1,12,0.2406347741001891,0.20227948333303908,5.612764151863506,2.871605650089582,0.19742772384852425
evogym,similar_many,0.1,1,13,0.2406347741001891,0.21070030050506094,6.19388577432106,3.536560109600752,0.19878922027302545
evogym,similar_many,0.1,1,14,0.2406347741001891,0.21224365478260787,6.212784300796796,3.6649398590462168,0.20758349945632187
evogym,similar_many,0.1,1,15,0.23719884444989683,0.20024274573314432,6.19388577432106,3.8262679061568683,0.20292336172347078
evogym,similar_many,0.1,1,16,0.23064099752258527,0.2032894501955323,6.19388577432106,4.056339406812048,0.2022491697098535
evogym,similar_many,0.1,1,17,0.23064099752258527,0.20018848116448176,6.19388577432106,3.4669217989155827,0.20320215757770596
evogym,similar_many,0.1,1,18,0.23064099752258527,0.20101292147250166,6.379632842532222,3.565776250092921,0.20156637480480954
evogym,similar_many,0.1,1,19,0.23064099752258527,0.19757230280546362,6.379632842532222,3.362784875095423,0.19936972949270193
evogym,similar_many,0.1,1,20,0.23064099752258527,0.20773073787727375,6.853360805577376,3.2346582930976417,0.21731790261868184
evogym,similar_many,0.1,1,21,0.23015940034042104,0.19946597797696977,6.853360805577376,3.589068203805329,0.21441011026085222
evogym,similar_many,0.1,1,22,0.23015940034042104,0.18713025668640268,6.853360805577376,2.7505592516009623,0.2215474638059785
evogym,similar_many,0.1,1,23,0.2279571844489206,0.18522981854082443,7.407323509229654,3.3413973161115273,0.20776532892356733
evogym,similar_many,0.1,1,24,0.2779455783835336,0.18874850391397485,7.328457368686585,3.2100972050604035,0.20588912047932634
evogym,similar_many,0.1,1,25,0.2779455783835336,0.19192834059804706,7.649624271626778,3.210817444233247,0.19899768577974963
evogym,similar_many,0.1,1,26,0.28921353911994635,0.19211529129595872,7.649624271626778,3.072378105208254,0.20706400100899164
evogym,similar_many,0.1,1,27,0.28921353911994635,0.19536072259743265,8.019494398623179,3.9649920788908988,0.19826094196216554
evogym,similar_many,0.1,1,28,0.28921353911994635,0.187514943617245,8.019494398623179,3.6170161071811533,0.1948815002573186
evogym,similar_many,0.1,1,29,0.31102544633252305,0.18534428678456408,8.139099440027135,3.8661698361401013,0.193456469052049
evogym,similar_many,0.1,1,30,0.31102544633252305,0.1955967372564004,8.139099440027135,3.9608457146068146,0.18236664624320914
evogym,similar_many,0.1,2,0,0.21822469980834827,0.19218193456074822,3.3063969278920964,1.539630631512963,0.2391704452245452
evogym,similar_many,0.1,2,1,0.21822469980834827,0.19218193456074822,3.3063969278920964,1.539630631512963,0.2391704452245452
evogym,similar_many,0.1,2,2,0.21822469980834827,0.19267907189388783,3.5234265681722015,1.6719027245060516,0.21624122294344672
evogym,similar_many,0.1,2,3,0.21822469980834827,0.191121247379092,5.523286566669454,2.0003001193208734,0.21316088204818295
evogym,similar_many,0.1,2,4,0.23645434718273528,0.1948878563123556,6.126538538127645,2.324745629121089,0.2115982447322377
evogym,similar_many,0.1,2,5,0.23645434718273528,0.19864759415461605,6.126538538127645,2.4772052603403667,0.21268132155783018
evogym,similar_many,0.1,2,6,0.23645434718273528,0.20546385547281973,7.028775073763934,2.5592241229899124,0.21783328296040017
evogym,similar_many,0.1,2,7,0.23645434718273528,0.20305723100957168,7.4854295259551185,2.879736329937872,0.21897007743689473
evogym,similar_many,0.1,2,8,0.23824199991203548,0.2077968268703075,7.4854295259551185,2.3101381031341033,0.24184429765220164
evogym,similar_many,0.1,2,9,0.23824199991203548,0.19614903072166376,7.4854295259551185,2.7322122482877313,0.23382993954438777
evogym,similar_many,0.1,2,10,0.23996949161455733,0.1913963718595553,7.4854295259551185,2.918069464097017,0.22461011251258478
evogym,similar_many,0.1,2,11,0.23996949161455733,0.19540962705627324,6.760284333743828,3.052926318334858,0.2264711415222928
evogym,similar_many,0.1,2,12,0.23315824905176663,0.19245251923969225,6.760284333743828,2.384638645656855,0.2321690112639347
evogym,similar_many,0.1,2,13,0.2348334149166328,0.19518698103108303,6.760284333743828,3.133004063543976,0.21825639248291936
evogym,similar_many,0.1,2,14,0.22431980972477952,0.1914264173634497,7.8350733158238075,3.002755031962493,0.2137484082838888
evogym,similar_many,0.1,2,15,0.22431980972477952,0.19805859565622191,8.511801763413192,4.191812052540529,0.2063197124252863
evogym,similar_many,0.1,2,16,0.22450517305459516,0.19460557304462084,8.349462883123822,3.4741710949333986,0.21349310467845367
evogym,similar_many,0.1,2,17,0.22450517305459516,0.1942630142220018,8.349462883123822,3.6951268643649953,0.2138446993330642
evogym,similar_many,0.1,2,18,0.22431980972477952,0.1876581182260402,8.618848848553002,3.2953373251297853,0.2137427339347524
evogym,similar_many,0.1,2,19,0.22431980972477952,0.18398998180098117,8.618848848553002,3.4524468801678707,0.20726175592360704
evogym,similar_many,0.1,2,20,0.22431980972477952,0.1860061800795861,9.102609321734965,3.8485815804939243,0.20827639029436504
evogym,similar_many,0.1,2,21,0.23004507042107125,0.18858471475778327,9.102609321734965,3.2590596142653885,0.22614377996893748
evogym,similar_many,0.1,2,22,0.24196866059209396,0.18378062214876972,9.301777199264695,3.612636168282819,0.21102644790223657
evogym,similar_many,0.1,2,23,0.24196866059209396,0.18542782684654516,7.359461036326316,2.617464560983037,0.21551940126745558
evogym,similar_many,0.1,2,24,0.24196866059209396,0.18015811133544726,7.359461036326316,2.7914391739033317,0.2098328772715973
evogym,similar_many,0.1,2,25,0.24196866059209396,0.1931098757614123,7.359461036326316,2.8210541041357557,0.21748718348826945
evogym,similar_many,0.1,2,26,0.2487902200181593,0.19668684948243398,7.384900459018036,2.9706930668569558,0.21599947490254423
evogym,similar_many,0.1,2,27,0.28579007302495435,0.1943093301547661,7.384900459018036,3.351614529898285,0.2089140028818391
evogym,similar_many,0.1,2,28,0.33870581402818806,0.19622218337158426,7.587212436152019,3.6984413386231743,0.19824610885122454
evogym,similar_many,0.1,2,29,0.33870581402818806,0.2153951987824485,7.384900459018036,3.320292976573234,0.20875339981241417
evogym,similar_many,0.1,2,30,0.3413921653366163,0.23844796973831556,7.719041047874282,3.8376286813089626,0.2141792213358671
evogym,similar_many,0.1,3,0,0.21734758630894685,0.18693621574973746,3.1279315398685377,1.484552251330331,0.23431163515098752
evogym,similar_many,0.1,3,1,0.21734758630894685,0.18693621574973746,3.1279315398685377,1.484552251330331,0.23431163515098752
evogym,similar_many,0.1,3,2,0.21734758630894685,0.18545432242410181,3.4698546531216863,1.711242156685262,0.21097778809530618
evogym,similar_many,0.1,3,3,0.22045812600438186,0.18155661864430456,3.8077828102196065,1.8453169955575484,0.20938966589949465
evogym,similar_many,0.1,3,4,0.22045812600438186,0.18884851398992084,5.081988718947436,2.203255217498815,0.20664960879271468
evogym,similar_many,0.1,3,5,0.22260505289815086,0.19694876089691668,6.2847384749733575,2.6270079586213617,0.21158372842381484
evogym,similar_many,0.1,3,6,0.22377961236171373,0.19878950421922348,6.2847384749733575,2.866980808199224,0.20699758840328433
evogym,similar_many,0.1,3,7,0.22428846516921977,0.19233583332054,6.2847384749733575,2.90811855112847,0.1984546379615514
evogym,similar_many,0.1,3,8,0.22314161557687082,0.19809332111429603,6.2847384749733575,3.1687927551945667,0.20178328195129014
evogym,similar_many,0.1,3,9,0.21648641263607243,0.1900041066849224,8.929594399999338,3.5241279021856173,0.2028256123877865
evogym,similar_many,0.1,3,10,0.21648641263607243,0.1951532349489846,8.929594399999338,2.9643467201618665,0.21341830747353394
evogym,similar_many,0.1,3,11,0.21787214988046283,0.18913802003504124,9.046169187122967,3.4134708575367205,0.20896794169778649
evogym,similar_many,0.1,3,12,0.21103594034220324,0.18625318209804262,9.179379654539348,2.9799987327955293,0.2153493836971408
evogym,similar_many,0.1,3,13,0.21835651829998687,0.19031765801061368,9.428540985228459,3.9261804152258506,0.20665779516839206
evogym,similar_many,0.1,3,14,0.24148631593335515,0.1858428305879783,9.428540985228459,3.5612577498724205,0.20197560968128142
evogym,similar_many,0.1,3,15,0.24148631593335515,0.19308373357057626,9.428540985228459,4.1784020046445525,0.19409560840392032
evogym,similar_many,0.1,3,16,0.24148631593335515,0.19978215022201443,9.50047665490237,4.060812686635285,0.20359105064376687
evogym,similar_many,0.1,3,17,0.24148631593335515,0.2003874321718766,9.003658028604768,4.537730845719682,0.197721123756394
evogym,similar_many,0.1,3,18,0.24148631593335515,0.20448281779485794,7.910030327215155,3.6853606351152357,0.21010774336445653
evogym,similar_many,0.1,3,19,0.24148631593335515,0.19916624980392686,8.933238223138241,4.055149416634727,0.21388770378354346
evogym,similar_many,0.1,3,20,0.28227297553972386,0.1861142302270003,8.933238223138241,4.300510985558523,0.19722150549362763
evogym,similar_many,0.1,3,21,0.28227297553972386,0.20510938167625156,8.933238223138241,4.7482425763344605,0.20580618783809826
evogym,similar_many,0.1,3,22,0.28227297553972386,0.20470022107375457,8.30922668933588,3.9803310334653466,0.2213286003549289
evogym,similar_many,0.1,3,23,0.28227297553972386,0.19502555720376383,8.539925106214438,4.385467891507025,0.21220965915576367
evogym,similar_many,0.1,3,24,0.28227297553972386,0.18947664614473106,8.539925106214438,4.149030972394491,0.20278371941673123
evogym,similar_many,0.1,3,25,0.28227297553972386,0.20587071183000877,8.997093217080046,4.994008937923043,0.20880621072320843
evogym,similar_many,0.1,3,26,0.3251031291126795,0.2005723021465608,9.530870303174884,3.871081828669618,0.2207312203515322
evogym,similar_many,0.1,3,27,0.3251031291126795,0.20672200577257885,8.857943506237934,4.03891645377564,0.2245580159591559
evogym,similar_many,0.1,3,28,0.3251378182548574,0.1948398892535037,8.857943506237934,3.6169866532000796,0.21099116495688874
evogym,similar_many,0.1,3,29,0.3251378182548574,0.20986516945269354,8.857943506237934,4.472001942399546,0.20963459556988698
evogym,similar_many,0.1,3,30,0.3251378182548574,0.20854297886984888,8.505951152145592,3.8242297761684143,0.2064113434500549
evogym,similar_many,0.25,1,0,0.2752790729723585,0.20467052835753963,3.8605066046437817,1.5102398251357256,0.22118970143853436
evogym,similar_many,0.25,1,1,0.2752790729723585,0.20467052835753963,3.8605066046437817,1.5102398251357256,0.22118970143853436
evogym,similar_many,0.25,1,2,0.2752790729723585,0.21326791026340208,3.922016255012675,1.7961981192566714,0.1904739865134657
evogym,similar_many,0.25,1,3,0.2775757682035892,0.236869215730247,4.949030352541963,2.4910075062340415,0.18873580646580307
evogym,similar_many,0.25,1,4,0.2855437564802591,0.24254391550730894,5.674413732948419,3.051741285234236,0.17404191387768972
evogym,similar_many,0.25,1,5,0.28901560720027586,0.25149457053314705,5.674413732948419,3.5579886870020787,0.1614422181793045
evogym,similar_many,0.25,1,6,0.2895371442451075,0.2568426315893393,6.274413764066545,3.7876571796832463,0.16748752009662557
evogym,similar_many,0.25,1,7,0.2971168354098417,0.2576275545310659,6.274413764066545,4.048917856981374,0.15750870461812505
evogym,similar_many,0.25,1,8,0.2971168354098417,0.2562418251960108,7.290443384804399,4.07614931118415,0.17865297349511217
evogym,similar_many,0.25,1,9,0.2971168354098417,0.26272272197386454,7.290443384804399,4.831100040169339,0.1642452458149783
evogym,similar_many,0.25,1,10,0.2971168354098417,0.2637798167842995,7.289936264431699,4.764656334341814,0.17147466103496004
evogym,similar_many,0.25,1,11,0.29827977378886383,0.26234877729521344,7.731657719505247,4.969978606590727,0.16930280340221196
evogym,similar_many,0.25,1,12,0.29827977378886383,0.2694223493116953,7.731657719505247,5.589140292785448,0.1594324358880247
evogym,similar_many,0.25,1,13,0.29891836154453033,0.26595876818213604,7.820438893405932,5.271008747356105,0.17371449246031284
evogym,similar_many,0.25,1,14,0.3004600251135873,0.2641918444269053,7.820438893405932,5.486794833212988,0.16518023494070033
evogym,similar_many,0.25,1,15,0.29510436937948514,0.2602161351750487,8.03368622679548,5.898309061745069,0.15229481649267557
evogym,similar_many,0.25,1,16,0.29477868477205316,0.261647876614995,8.13981425187893,6.026351074871184,0.15326451069993147
evogym,similar_many,0.25,1,17,0.29477868477205316,0.25479590423190634,9.519141492279728,6.444649792091002,0.14346684850107455
evogym,similar_many,0.25,1,18,0.30179408663244167,0.2502953723142116,9.519141492279728,6.07979017524749,0.14465893638237654
evogym,similar_many,0.25,1,19,0.31040493313684003,0.2637290936786626,9.519141492279728,5.981741684145685,0.16348871804742326
evogym,similar_many,0.25,1,20,0.310459021988176,0.26694463196431706,9.519141492279728,6.342490280129141,0.1568665539780927
evogym,similar_many,0.25,1,21,0.3288007505102106,0.27774087283314747,9.52474006739679,6.5064243023459865,0.16471007396821533
evogym,similar_many,0.25,1,22,0.34146037883687674,0.2730112199553799,9.52474006739679,6.174247874493188,0.16974419242435929
evogym,similar_many,0.25,1,23,0.34146037883687674,0.2747722907767191,9.528020885232005,6.665031040626941,0.15649908955880815
evogym,similar_many,0.25,1,24,0.35928302721289107,0.27334802337516073,9.528020885232005,6.433241981277867,0.16247137585816146
evogym,similar_many,0.25,1,25,0.3676924592173888,0.28587135531824215,9.528575385730898,6.85320292251199,0.16743024808747875
evogym,similar_many,0.25,1,26,0.3676924592173888,0.279682605703682,9.536811801593663,6.5924048920187035,0.17024740123228216
evogym,similar_many,0.25,1,27,0.3676924592173888,0.2803799811833448,9.536811801593663,6.652643842113984,0.16665736642533419
evogym,similar_many,0.25,1,28,0.3676924592173888,0.28832183396906336,9.536811801593663,7.02287451246377,0.1561032036336703
evogym,similar_many,0.25,1,29,0.3676924592173888,0.30164833969231236,9.536811801593663,7.183597457938286,0.16650382718765383
evogym,similar_many,0.25,1,30,0.3768917381932303,0.30376274098754175,9.536811801593663,6.525759118575296,0.18392058651272888
evogym,similar_many,0.25,2,0,0.2843528813217352,0.22102997737496569,4.112638940674674,1.593355148049256,0.24148500333012413
evogym,similar_many,0.25,2,1,0.2843528813217352,0.22102997737496569,4.112638940674674,1.593355148049256,0.24148500333012413
evogym,similar_many,0.25,2,2,0.2843528813217352,0.22323965703615736,4.112638940674674,1.7139322806767943,0.20858395544268923
evogym,similar_many,0.25,2,3,0.2843528813217352,0.24143469641240317,4.112638940674674,2.1265302475814085,0.20592502731157497
evogym,similar_many,0.25,2,4,0.2843528813217352,0.23204987142236716,5.389319939402137,2.480973918513502,0.19431668894542603
evogym,similar_many,0.25,2,5,0.2843528813217352,0.2358865249955379,5.852147615202046,2.886096849645793,0.18904713675113713
evogym,similar_many,0.25,2,6,0.2844288880580398,0.22885769036733702,7.315821605627392,3.0846635548935275,0.18618300274382832
evogym,similar_many,0.25,2,7,0.2844288880580398,0.24222431931621968,7.315821605627392,3.5568373846564088,0.18356146236684873
evogym,similar_many,0.25,2,8,0.2844288880580398,0.2487180388123856,7.355167092300512,3.9529941626587144,0.18028624514741937
evogym,similar_many,0.25,2,9,0.2844288880580398,0.2415574898125436,7.355167092300512,4.309876860923904,0.15699679295849434
evogym,similar_many,0.25,2,10,0.2844288880580398,0.24468629399271094,7.355167092300512,4.789792321467224,0.14284120237236783
evogym,similar_many,0.25,2,11,0.28711390146609805,0.2517955324270049,8.05771719500347,4.895221807938935,0.15552950358135048
evogym,similar_many,0.25,2,12,0.28711390146609805,0.2506662450550691,8.05771719500347,4.813208125611891,0.16123855818636318
evogym,similar_many,0.25,2,13,0.3394654908323261,0.24382983444777268,8.375201861382854,5.385742162255392,0.135841607483085
evogym,similar_many,0.25,2,14,0.3394654908323261,0.24186427682506947,8.375201861382854,5.1755907525399385,0.14268274712868903
evogym,similar_many,0.25,2,15,0.3394654908323261,0.2534222521358559,8.375201861382854,5.125393317148348,0.15408070890169384
evogym,similar_many,0.25,2,16,0.3394654908323261,0.2535734354823346,8.375201861382854,5.4049474957241905,0.15112465227528948
evogym,similar_many,0.25,2,17,0.3394654908323261,0.25809692788080546,8.473031098196614,5.577306234754593,0.15768368210425773
evogym,similar_many,0.25,2,18,0.3541707247509216,0.2579802287263179,8.473031098196614,6.154973151050636,0.13284148167002544
evogym,similar_many,0.25,2,19,0.3541707247509216,0.2600529636700982,8.473031098196614,5.8804520916912555,0.14637016069250464
evogym,similar_many,0.25,2,20,0.3541707247509216,0.26360641568236665,8.473031098196614,6.092395573849307,0.13701508346886532
evogym,similar_many,0.25,2,21,0.3541707247509216,0.25943984020396027,8.680373585170242,5.824416482577417,0.14399846181494314
evogym,similar_many,0.25,2,22,0.3541707247509216,0.26272633170894705,8.680373585170242,6.038532554093761,0.13484833929273293
evogym,similar_many,0.25,2,23,0.3541707247509216,0.27602826009961945,8.680373585170242,6.376510445442776,0.13848423687685701
evogym,similar_many,0.25,2,24,0.3541707247509216,0.27927186879751614,8.680373585170242,6.48685685167781,0.13653396390233669
evogym,similar_many,0.25,2,25,0.37730674313460555,0.27047316314694114,8.680373585170242,6.191288189799468,0.13253627803859452
evogym,similar_many,0.25,2,26,0.37730674313460555,0.27116033814545387,8.680373585170242,6.025737192257822,0.13946889848074112
evogym,similar_many,0.25,2,27,0.3838556750379348,0.281955330742595,8.680373585170242,6.5460253552450025,0.1279386050511187
evogym,similar_many,0.25,2,28,0.3838556750379348,0.28501222778557583,8.75954347998872,6.6704351019178985,0.1250651514173063
evogym,similar_many,0.25,2,29,0.3838556750379348,0.2891430179946738,8.75954347998872,6.542912625471861,0.13349446022255293
evogym,similar_many,0.25,2,30,0.3838556750379348,0.28668292624042574,8.75954347998872,6.105521426936446,0.1448071532675953
evogym,similar_many,0.25,3,0,0.24861352668894476,0.19824603033279536,3.918805808909179,1.6752554827001007,0.21207936292837165
evogym,similar_many,0.25,3,1,0.24861352668894476,0.19824603033279536,3.918805808909179,1.6752554827001007,0.21207936292837165
evogym,similar_many,0.25,3,2,0.2548107888818666,0.2061531333171785,4.819603700720141,1.9625837122933905,0.19327257107095305
evogym,similar_many,0.25,3,3,0.25488041504621306,0.22290557353110957,6.349748706295949,2.6190181286487095,0.1908438213906582
evogym,similar_many,0.25,3,4,0.2576259149257939,0.2355167634313693,6.349748706295949,3.2495279399098984,0.1814587725296954
evogym,similar_many,0.25,3,5,0.2565630899046006,0.23304739695023527,7.086613538370272,3.887599190095101,0.16399558036995504
evogym,similar_many,0.25,3,6,0.2747291613298992,0.22615701698495627,7.8410191565954,3.9647760491939485,0.16635612737500777
evogym,similar_many,0.25,3,7,0.2897745902569636,0.22803408252627738,9.086894304518054,4.124792163179516,0.1740828315623089
evogym,similar_many,0.25,3,8,0.2897745902569636,0.23073864554402918,9.086894304518054,4.420073316486942,0.16534921854058449
evogym,similar_many,0.25,3,9,0.2897745902569636,0.2450060253317193,9.086894304518054,5.095727194016398,0.15593273108206723
evogym,similar_many,0.25,3,10,0.2974644263960369,0.2542415111152888,9.086894304518054,5.996715341556168,0.141063088640651
evogym,similar_many,0.25,3,11,0.30860167889712503,0.2525235160956167,9.086894304518054,5.612080156215085,0.15451630418724296
evogym,similar_many,0.25,3,12,0.31597251169311713,0.26693126914488274,9.574940384375154,6.936884494919205,0.1314623613890154
evogym,similar_many,0.25,3,13,0.32107001862740847,0.2718073081702405,9.585113716941967,6.315586300628582,0.160716488733301
evogym,similar_many,0.25,3,14,0.3300576993970452,0.2749442870818862,9.585113716941967,7.220094408227834,0.13005285709647366
evogym,similar_many,0.25,3,15,0.3300576993970452,0.26459575493274634,9.585113716941967,7.184950274541935,0.11806867457947008
evogym,similar_many,0.25,3,16,0.3300576993970452,0.28376698330342676,9.585113716941967,7.840446256078527,0.12102566033892626
evogym,similar_many,0.25,3,17,0.3300576993970452,0.28931333072549303,9.586112897797767,7.690384082908592,0.13210040046052865
evogym,similar_many,0.25,3,18,0.3300576993970452,0.2911190536806767,9.589675385900781,7.441767652012548,0.14540855607080286
evogym,similar_many,0.25,3,19,0.3300576993970452,0.29603358259719936,9.589675385900781,8.087951585751332,0.1299864774268044
evogym,similar_many,0.25,3,20,0.3533018061997639,0.2979706729601537,9.589675385900781,7.858281591037548,0.1436316439168388
evogym,similar_many,0.25,3,21,0.3533018061997639,0.2977756850498844,9.589675385900781,7.907255817644329,0.14735529812959686
evogym,similar_many,0.25,3,22,0.3533018061997639,0.2929061729136589,9.589675385900781,7.889325962781923,0.13994856621764612
evogym,similar_many,0.25,3,23,0.3533018061997639,0.30209209716105223,9.589705696975964,8.097246865332455,0.14518117870690378
evogym,similar_many,0.25,3,24,0.3533018061997639,0.28977093216514593,9.58695933072359,7.861302485869096,0.13922407383221774
evogym,similar_many,0.25,3,25,0.3533018061997639,0.29387832355643295,9.591513966400496,7.934694372181189,0.14360220263597026
evogym,similar_many,0.25,3,26,0.3533018061997639,0.2890733640724089,9.591513966400496,8.306210564039272,0.12070477050605913
evogym,similar_many,0.25,3,27,0.3651736637089461,0.2942184389792355,9.591513966400496,8.357205670998525,0.11989049652280308
evogym,similar_many,0.25,3,28,0.3698370757560373,0.30507906956487946,9.592207498028996,8.33301447565941,0.13029251464917885
evogym,similar_many,0.25,3,29,0.3698370757560373,0.2971373834228917,9.592207498028996,8.211904643085713,0.12020223866981114
evogym,similar_many,0.25,3,30,0.37361823010647266,0.30958796611198347,9.592207498028996,8.439469392713399,0.12638140340164036
evogym,similar_many,0.4,1,0,0.3181776017164807,0.23658540858721153,3.379890297660548,1.5566004966374636,0.21747430849724805
evogym,similar_many,0.4,1,1,0.3181776017164807,0.23658540858721153,3.379890297660548,1.5566004966374636,0.21747430849724805
evogym,similar_many,0.4,1,2,0.3181776017164807,0.24173345483762954,3.693550595978703,1.6975110819133779,0.19221869874226677
evogym,similar_many,0.4,1,3,0.33566502704859935,0.27284244271683256,4.518937816735729,2.5137031884604264,0.18703380015589127
evogym,similar_many,0.4,1,4,0.3640527919666312,0.2850000100870462,6.13517074658628,3.258693693015438,0.17603692193361273
evogym,similar_many,0.4,1,5,0.3640527919666312,0.28509032129725964,6.13517074658628,3.624857245928434,0.15919781689067652
evogym,similar_many,0.4,1,6,0.3640527919666312,0.2801674120086786,7.8559965690429605,3.9169376934598423,0.16350737203000068
evogym,similar_many,0.4,1,7,0.3718130980057045,0.2910729823393556,8.121507516040309,4.285227376017021,0.16346988101024554
evogym,similar_many,0.4,1,8,0.39213335797835147,0.31007160018459734,8.561134845363034,4.92164580733038,0.15457317718006428
evogym,similar_many,0.4,1,9,0.39531496285094925,0.32716539628656405,8.8672243512513,5.7341264539681,0.1275346369684746
evogym,similar_many,0.4,1,10,0.3962848219567019,0.34057911902059546,8.8672243512513,6.079452892375427,0.12832241476959025
evogym,similar_many,0.4,1,11,0.3962848219567019,0.35486853639032545,8.8672243512513,6.526490507903203,0.11859374766558388
evogym,similar_many,0.4,1,12,0.3962848219567019,0.3611476994463455,8.8672243512513,6.782860486983472,0.11970259922472481
evogym,similar_many,0.4,1,13,0.42974457252729087,0.36014730863525035,8.8672243512513,6.932074642859533,0.11476681200275018
evogym,similar_many,0.4,1,14,0.44226015554001463,0.35216050108808483,9.485840687404412,7.116571858293272,0.10094738305457103
evogym,similar_many,0.4,1,15,0.44226015554001463,0.3667363483586516,9.485840687404412,7.223775541600006,0.11597876712369135
evogym,similar_many,0.4,1,16,0.44226015554001463,0.36509812437518085,9.485840687404412,7.249451747134449,0.11010271174822003
evogym,similar_many,0.4,1,17,0.4449944349702061,0.3692038880366258,9.485840687404412,7.3462575740026255,0.10923407424801443
evogym,similar_many,0.4,1,18,0.4449944349702061,0.3687451021872144,9.485840687404412,7.178454699238249,0.11967814645617567
evogym,similar_many,0.4,1,19,0.4449944349702061,0.38008708793773605,9.485840687404412,7.548124964816601,0.11487539301186019
evogym,similar_many,0.4,1,20,0.4449944349702061,0.37717537192860184,9.576564953190623,7.493279229491489,0.11890159964091125
evogym,similar_many,0.4,1,21,0.4677115404247928,0.3813499912512702,9.576564953190623,7.600571736443466,0.11899873897783442
evogym,similar_many,0.4,1,22,0.4677115404247928,0.3906380677863318,9.576564953190623,7.873323428437187,0.11575842279438082
evogym,similar_many,0.4,1,23,0.48008983466444083,0.3927550152587673,9.580899930719983,7.854681960700089,0.12433413721643605
evogym,similar_many,0.4,1,24,0.4999808576723435,0.3919097064127731,9.601575036912685,7.958425180227958,0.109929487443265
evogym,similar_many,0.4,1,25,0.4999808576723435,0.39229569815950854,9.601575036912685,7.90335142717345,0.11322329308127707
evogym,similar_many,0.4,1,26,0.4999808576723435,0.3856440162076743,9.601575036912685,7.68213581234833,0.11708089766331804
evogym,similar_many,0.4,1,27,0.4999808576723435,0.391530935462446,9.601575036912685,7.79499166655236,0.11754414345065478
evogym,similar_many,0.4,1,28,0.4999808576723435,0.4075504191030985,9.601575036912685,8.174141707639016,0.11541945884207612
evogym,similar_many,0.4,1,29,0.4999808576723435,0.4052647764142671,9.601575036912685,8.032152490274477,0.11591308365221482
evogym,similar_many,0.4,1,30,0.4999808576723435,0.39560363244813945,9.601575036912685,7.803396322921975,0.11473444982549719
evogym,similar_many,0.4,2,0,0.37281845420433257,0.24545182406628951,4.317173918268838,1.9347845404272461,0.22124976579616407
evogym,similar_many,0.4,2,1,0.37281845420433257,0.24545182406628951,4.317173918268838,1.9347845404272461,0.22124976579616407
evogym,similar_many,0.4,2,2,0.37281845420433257,0.24316523254798886,4.947205514569558,1.9062731989570139,0.1999627694107769
evogym,similar_many,0.4,2,3,0.38154250379173005,0.2839148597144247,5.14830533259042,2.6025145067996993,0.19764111753468933
evogym,similar_many,0.4,2,4,0.3932388882234638,0.30945079349095767,5.815489181869237,3.3743859093542126,0.17935873704924582
evogym,similar_many,0.4,2,5,0.4020305961380612,0.3321478615063109,6.571039337164318,4.047570147532811,0.1662541226719302
evogym,similar_many,0.4,2,6,0.4020305961380612,0.35276662390763686,6.571039337164318,4.452853535251561,0.1704080124957618
evogym,similar_many,0.4,2,7,0.42052805261240983,0.34468609737764955,6.841477140623479,4.597886593630025,0.16411196932301747
evogym,similar_many,0.4,2,8,0.42052805261240983,0.3559818271087384,6.841477140623479,4.970095506821445,0.1662895500447737
evogym,similar_many,0.4,2,9,0.42052805261240983,0.33536052852968123,7.245183037898385,4.892169310889278,0.15426920580316822
evogym,similar_many,0.4,2,10,0.42052805261240983,0.33451335379601843,7.664453205987398,5.208388702824932,0.15044630592458663
evogym,similar_many,0.4,2,11,0.42052805261240983,0.33885381350661165,7.777618647074227,5.373243705753597,0.15892895609061583
evogym,similar_many,0.4,2,12,0.4212104949044086,0.3258184020548102,9.096851574711522,5.737050317196247,0.1406106677001042
evogym,similar_many,0.4,2,13,0.4212104949044086,0.32756691199704674,9.096851574711522,5.516931875430522,0.15692095540532097
evogym,similar_many,0.4,2,14,0.4212104949044086,0.34542295433844816,9.096851574711522,6.004683884136145,0.14886947038621473
evogym,similar_many,0.4,2,15,0.43362274079521057,0.35212656589331004,9.096851574711522,6.010979992046643,0.15956918153441263
evogym,similar_many,0.4,2,16,0.4749328629840159,0.36567086091152545,9.096851574711522,6.443657329313931,0.1499982629682285
evogym,similar_many,0.4,2,17,0.4749328629840159,0.3593920524387284,9.096851574711522,6.1760602449733675,0.15720808021803054
evogym,similar_many,0.4,2,18,0.4749328629840159,0.3749405066851573,9.096851574711522,6.6877892236634295,0.15119703342532662
evogym,similar_many,0.4,2,19,0.4749328629840159,0.38469311893638375,9.096851574711522,7.019950002568852,0.14928786413852432
evogym,similar_many,0.4,2,20,0.4749328629840159,0.38405024291541434,9.096851574711522,7.101264546237881,0.14484321052675211
evogym,similar_many,0.4,2,21,0.4749328629840159,0.3812446516412387,9.20846301430693,7.217653108672884,0.1505348427919379
evogym,similar_many,0.4,2,22,0.4749328629840159,0.3723661921725193,9.554642412097031,7.195338797453223,0.14769800389395576
evogym,similar_many,0.4,2,23,0.4749328629840159,0.3697292904475773,9.565478799976775,7.198797307411913,0.14245104218622479
evogym,similar_many,0.4,2,24,0.4749328629840159,0.38426644647249997,9.565478799976775,7.733007683944564,0.13723180128289958
evogym,similar_many,0.4,2,25,0.4749328629840159,0.3644477199022939,9.568831310022022,7.15299437655776,0.14310093168111482
evogym,similar_many,0.4,2,26,0.4749328629840159,0.37830989544610993,9.568831310022022,7.667225948441271,0.12295802849187457
evogym,similar_many,0.4,2,27,0.4749328629840159,0.37958686863638114,9.568831310022022,7.5607039837974925,0.13037134949960505
evogym,similar_many,0.4,2,28,0.4749328629840159,0.41035913992895817,9.568831310022022,8.13528763196256,0.13233186082201526
evogym,similar_many,0.4,2,29,0.4749328629840159,0.38970008721140703,9.568831310022022,7.578939174045006,0.1311713557938187
evogym,similar_many,0.4,2,30,0.4942248885813971,0.4147219565918238,9.576785310596051,8.140665686525706,0.13018106625277343
evogym,similar_many,0.4,3,0,0.3490173503071476,0.26138416194076397,4.316888191608708,1.8376404884114397,0.24024102718503082
evogym,similar_many,0.4,3,1,0.3490173503071476,0.26138416194076397,4.316888191608708,1.8376404884114397,0.24024102718503082
evogym,similar_many,0.4,3,2,0.35218943173330747,0.2732117004825835,4.48881715152297,2.0304923633766494,0.21897509175794375
evogym,similar_many,0.4,3,3,0.35553580162380793,0.30231758356505967,4.727388720817857,2.728941193900297,0.1992430848448382
evogym,similar_many,0.4,3,4,0.36300101245418515,0.31462206405712684,5.949753526685467,3.443090487900819,0.1791070485326841
evogym,similar_many,0.4,3,5,0.4096200107547786,0.3297171836074837,6.25011865854682,3.9247453813338433,0.17292220866092728
evogym,similar_many,0.4,3,6,0.4096200107547786,0.33106545862874415,6.51067633660911,4.345518596684139,0.1520900218981053
evogym,similar_many,0.4,3,7,0.4096200107547786,0.32158208634117086,7.341533338132622,4.441398317100231,0.1494067345298031
evogym,similar_many,0.4,3,8,0.4151348007312888,0.3380196540935857,7.472983460163196,4.880019186975931,0.14878203792123829
evogym,similar_many,0.4,3,9,0.4151348007312888,0.3512902402327312,7.694695160281209,5.407511631842132,0.1327722277794098
evogym,similar_many,0.4,3,10,0.4151348007312888,0.3641745046181666,7.694695160281209,5.81402089794146,0.12196894749453757
evogym,similar_many,0.4,3,11,0.4151348007312888,0.37020095046811835,7.694695160281209,6.053441306038631,0.11679064460377839
evogym,similar_many,0.4,3,12,0.4151348007312888,0.3797066784148222,7.896267241101182,6.364931629554755,0.12755330272826015
evogym,similar_many,0.4,3,13,0.4151348007312888,0.3818682333931004,8.234363763991608,6.645562024017612,0.13110672238378165
evogym,similar_many,0.4,3,14,0.43219822131539437,0.3576764796611043,8.451951861829325,6.159994967397781,0.13934937277096865
evogym,similar_many,0.4,3,15,0.43219822131539437,0.36733459116184886,8.451951861829325,6.532146302725566,0.12713110759350588
evogym,similar_many,0.4,3,16,0.43219822131539437,0.3721944049229277,8.451951861829325,6.71465642717043,0.12313088596274066
evogym,similar_many,0.4,3,17,0.43219822131539437,0.3591960681516287,8.472753486260183,6.509915808652832,0.12120407085968907
evogym,similar_many,0.4,3,18,0.43219822131539437,0.36777230182400794,8.664692123313133,6.867630905885517,0.11792134060153789
evogym,similar_many,0.4,3,19,0.43219822131539437,0.3642741937954582,8.664692123313133,6.766270895471793,0.12222571270876478
evogym,similar_many,0.4,3,20,0.44324102184951164,0.35958399754460335,9.348965009087447,6.930302529929724,0.11880499399178941
evogym,similar_many,0.4,3,21,0.44324102184951164,0.3588325031089155,9.348965009087447,6.879123635748451,0.122763127943054
evogym,similar_many,0.4,3,22,0.4491761649796198,0.3620943347169694,9.449052428105636,6.783617511920245,0.1356251901131856
evogym,similar_many,0.4,3,23,0.4491761649796198,0.3702093580991288,9.555357846180275,7.16043951816084,0.12912248077438077
evogym,similar_many,0.4,3,24,0.45191833438424583,0.382928860915439,9.555357846180275,7.463866939212517,0.13039352113716235
evogym,similar_many,0.4,3,25,0.45191833438424583,0.3628481332653847,9.557232629175816,7.080916019384804,0.12490229989722641
evogym,similar_many,0.4,3,26,0.46060358117363653,0.3810267169580827,9.557543106033503,7.634716444953506,0.11396727132759447
evogym,similar_many,0.4,3,27,0.47179998966772546,0.39475762689145916,9.566892350787992,7.939844538935461,0.11445310947382406
evogym,similar_many,0.4,3,28,0.47179998966772546,0.3700535032993714,9.566892350787992,7.3230788847605,0.11515755373905368
evogym,similar_many,0.4,3,29,0.47179998966772546,0.3894583253528159,9.566892350787992,7.630814038943077,0.1253844077912821
evogym,similar_many,0.4,3,30,0.4721521524935992,0.39394063337357077,9.57402139705721,7.721986480142142,0.12231230718785832
evogym,novelty,0.1,1,0,0.22949051498949719,0.19208384218498326,3.0689000123581325,1.3912240632016024,0.24117395774758693
evogym,novelty,0.1,1,1,0.22949051498949719,0.19208384218498326,3.0689000123581325,1.3912240632016024,0.24117395774758693
evogym,novelty,0.1,1,2,0.22949051498949719,0.1940275860795016,4.8440898764823626,1.5646192270907062,0.22593513480170135
evogym,novelty,0.1,1,3,0.23086943015271894,0.2002598586717294,5.2307499627092024,2.106462846788012,0.2289595498113568
evogym,novelty,0.1,1,4,0.2245255731680496,0.19022583680824795,5.2307499627092024,2.1879571814806154,0.22247961969915692
evogym,novelty,0.1,1,5,0.2219973480402042,0.17806305454378113,5.2307499627092024,2.636707967894976,0.2037348676012472
evogym,novelty,0.1,1,6,0.21520664374657508,0.17896380668504613,5.2307499627092024,2.542259285462441,0.19666441454659678
evogym,novelty,0.1,1,7,0.22674632292351532,0.17795840165845794,5.2307499627092024,2.4612909889694135,0.19856333877174798
evogym,novelty,0.1,1,8,0.23050012297970257,0.18514727657081204,5.981939981807295,2.56259951836489,0.19656604210300022
evogym,novelty,0.1,1,9,0.23484727350859552,0.1893275966812265,5.981939981807295,2.78282544721395,0.19795234872105333
evogym,novelty,0.1,1,10,0.23484727350859552,0.1901514645896696,5.981939981807295,2.493521754240336,0.20329361578472988
evogym,novelty,0.1,1,11,0.23484727350859552,0.18910578216543958,5.981939981807295,2.4905117351444646,0.2011096097149189
evogym,novelty,0.1,1,12,0.23484727350859552,0.19858172246038325,5.981939981807295,2.8460499914320736,0.20062390941208103
evogym,novelty,0.1,1,13,0.23869271778217827,0.2006504914676726,5.981939981807295,2.622468090541564,0.2029342075794617
evogym,novelty,0.1,1,14,0.23869271778217827,0.20371081530736018,5.981939981807295,2.9107836608741198,0.20580133093138137
evogym,novelty,0.1,1,15,0.23869271778217827,0.20639398542203585,5.981939981807295,3.0170371873886768,0.211823760413357
evogym,novelty,0.1,1,16,0.23974366141954215,0.20898323777761574,5.981939981807295,3.0430504352954975,0.21129626893602044
evogym,novelty,0.1,1,17,0.23974366141954215,0.2090586670739784,5.981939981807295,3.392066909037676,0.20827617398751513
evogym,novelty,0.1,1,18,0.24560880653977551,0.20798122113431475,5.981939981807295,3.3550531929478593,0.20342699029552805
evogym,novelty,0.1,1,19,0.24560880653977551,0.20794971083312327,6.858647282815183,3.235490864402191,0.2042157653636608
evogym,novelty,0.1,1,20,0.24560880653977551,0.20428869031784655,6.858647282815183,3.1859311351323076,0.20717300931023339
evogym,novelty,0.1,1,21,0.24560880653977551,0.20561987539425702,5.257162461519819,2.8732385784892487,0.2112191651966479
evogym,novelty,0.1,1,22,0.26562308632637033,0.21231215320453067,5.257162461519819,2.7190585204633253,0.2212225865699447
evogym,novelty,0.1,1,23,0.26562308632637033,0.21518917766868068,5.257162461519819,2.7139592020659937,0.22269872940735996
evogym,novelty,0.1,1,24,0.29585430257883627,0.2161651124425637,5.257162461519819,2.4766494181882726,0.2296082002496646
evogym,novelty,0.1,1,25,0.29585430257883627,0.21019759433045565,5.257162461519819,2.2876953185176925,0.23370600224385335
evogym,novelty,0.1,1,26,0.29585430257883627,0.20756116214713036,5.257162461519819,2.936589338422559,0.2057022818354827
evogym,novelty,0.1,1,27,0.31187486341738124,0.21591807465696378,5.257162461519819,2.994461847354192,0.20969226549116163
evogym,novelty,0.1,1,28,0.31187486341738124,0.20433649772039453,5.257162461519819,2.953865264365738,0.1949750162031636
evogym,novelty,0.1,1,29,0.31187486341738124,0.20935764070869886,5.257162461519819,2.848948414986135,0.19458537846474294
evogym,novelty,0.1,1,30,0.3206968529457118,0.22280011094281765,5.257162461519819,2.9243943700691664,0.19637192288448652
evogym,novelty,0.1,2,0,0.22495917115424888,0.17180630844544903,4.384759441275297,1.5374781495863084,0.21247662815279847
evogym,novelty,0.1,2,1,0.22495917115424888,0.17180630844544903,4.384759441275297,1.5374781495863084,0.21247662815279847
evogym,novelty,0.1,2,2,0.22495917115424888,0.1740555062287838,4.384759441275297,1.7190838721942263,0.1900286657155781
evogym,novelty,0.1,2,3,0.24677792402833135,0.18703128529757723,5.605282046124641,2.034674681340933,0.19728206192285294
evogym,novelty,0.1,2,4,0.24677792402833135,0.19170328785349877,5.605282046124641,2.3210749606473637,0.19601143465525248
evogym,novelty,0.1,2,5,0.24677792402833135,0.19448548256196116,5.605282046124641,2.3410244466196724,0.2006003396502043
evogym,novelty,0.1,2,6,0.24677792402833135,0.19418116821306056,5.605282046124641,2.1251203438809076,0.21344522339727048
evogym,novelty,0.1,2,7,0.24677792402833135,0.19357212223712686,5.605282046124641,2.5113950109958383,0.1981128724411247
evogym,novelty,0.1,2,8,0.24677792402833135,0.20152572779919264,5.605282046124641,2.3813067052142665,0.22060285572088373
evogym,novelty,0.1,2,9,0.24677792402833135,0.200090188438454,5.605282046124641,2.8028580992993577,0.22166840906341326
evogym,novelty,0.1,2,10,0.24677792402833135,0.18899971753631137,5.605282046124641,2.742594250523069,0.21882406163280824
evogym,novelty,0.1,2,11,0.24677792402833135,0.1749612243551518,5.605282046124641,2.541232955551533,0.2107340227423661
evogym,novelty,0.1,2,12,0.24677792402833135,0.1898200368323038,5.605282046124641,3.0225125715615304,0.19821589898426706
evogym,novelty,0.1,2,13,0.24677792402833135,0.1856778373080995,5.605282046124641,2.8053301292775994,0.2015008839460064
evogym,novelty,0.1,2,14,0.24677792402833135,0.17956635611033853,5.605282046124641,2.8524626865033555,0.19417279407052418
evogym,novelty,0.1,2,15,0.25980440658130377,0.1866287967963366,6.066579761240301,3.072220870845914,0.18796259917844144
evogym,novelty,0.1,2,16,0.25980440658130377,0.19068425525726865,6.066579761240301,2.580500839274521,0.18926617431193862
evogym,novelty,0.1,2,17,0.25980440658130377,0.19527298614299657,6.066579761240301,2.703492273554981,0.1935900541993178
evogym,novelty,0.1,2,18,0.25980440658130377,0.19490269695205448,6.066579761240301,3.024033395972063,0.18685502831030268
evogym,novelty,0.1,2,19,0.27342791875243566,0.20373987569160584,6.066579761240301,3.154038206019182,0.1892186717798648
evogym,novelty,0.1,2,20,0.2890736652168029,0.20188474571158704,6.066579761240301,2.963687592858518,0.18659382243733247
evogym,novelty,0.1,2,21,0.2890736652168029,0.20659583085978497,6.066579761240301,3.1631024139443067,0.19107045800129316
evogym,novelty,0.1,2,22,0.2890736652168029,0.20649381676487882,6.066579761240301,2.607970357396693,0.20164383690868473
evogym,novelty,0.1,2,23,0.2890736652168029,0.2188322326181409,6.066579761240301,2.903455634332006,0.21188830975673825
evogym,novelty,0.1,2,24,0.3028038387653993,0.2218656985640351,6.066579761240301,2.9551087727860845,0.21219840469820492
evogym,novelty,0.1,2,25,0.3028038387653993,0.22446724463534098,6.066579761240301,2.68467188420468,0.23013952102294408
evogym,novelty,0.1,2,26,0.3028038387653993,0.21738962883069152,6.066579761240301,2.521364095976483,0.22377803712292876
evogym,novelty,0.1,2,27,0.3028038387653993,0.23413100239672616,6.066579761240301,2.9829077162470075,0.22749883224831047
evogym,novelty,0.1,2,28,0.31576900639146926,0.23294822408007793,6.066579761240301,2.997094475105521,0.22046995741703063
evogym,novelty,0.1,2,29,0.3368229961467891,0.23165395847863862,6.066579761240301,2.940674997976319,0.216612951154402
evogym,novelty,0.1,2,30,0.3368229961467891,0.24536751468483892,6.066579761240301,2.981153388582505,0.22229675680612057
evogym,novelty,0.1,3,0,0.22524323865750737,0.18366276768558246,3.5221087093992245,1.6102842458121849,0.24091905166298747
evogym,novelty,0.1,3,1,0.22524323865750737,0.18366276768558246,3.5221087093992245,1.6102842458121849,0.24091905166298747
evogym,novelty,0.1,3,2,0.22524323865750737,0.18351750353175136,4.445102913088937,1.5445876263859277,0.21801285610977547
evogym,novelty,0.1,3,3,0.22794470162301808,0.19044693805068036,4.445102913088937,1.710885613942812,0.23519198500953337
evogym,novelty,0.1,3,4,0.2208780824337242,0.17886994906562742,4.445102913088937,1.7317216000806508,0.21645606023261785
evogym,novelty,0.1,3,5,0.2208780824337242,0.1891365629818237,4.445102913088937,1.5884923369609192,0.21671868373959122
evogym,novelty,0.1,3,6,0.22169872091078707,0.1861401911582213,4.993777671466388,2.265886925045334,0.2017398572054196
evogym,novelty,0.1,3,7,0.22169872091078707,0.19474749837226224,4.993777671466388,2.0724599759867397,0.2090342669889036
evogym,novelty,0.1,3,8,0.22169872091078707,0.19342560153823987,4.993777671466388,2.0047599269667407,0.20960295579213034
evogym,novelty,0.1,3,9,0.2622802741879977,0.18670482459660215,5.158185756052639,2.109791646641776,0.2053691610007014
evogym,novelty,0.1,3,10,0.2622802741879977,0.1848918556109398,5.158185756052639,2.2696321969461044,0.19861456038647474
evogym,novelty,0.1,3,11,0.2622802741879977,0.18053048430549207,5.158185756052639,2.0210336726841494,0.20160321345757742
evogym,novelty,0.1,3,12,0.2622802741879977,0.17795894051812328,5.158185756052639,2.0669286268924534,0.18842453669316392
evogym,novelty,0.1,3,13,0.2622802741879977,0.18950734641579375,5.158185756052639,1.9654325644894932,0.20281147761968574
evogym,novelty,0.1,3,14,0.2622802741879977,0.18753102145569986,5.158185756052639,2.070996372886365,0.20681668093926797
evogym,novelty,0.1,3,15,0.2622802741879977,0.1829504151404697,5.158185756052639,2.0210110898397304,0.20174305721587965
evogym,novelty,0.1,3,16,0.2622802741879977,0.17855014449286127,5.158185756052639,1.9684147756328954,0.2017798144736937
evogym,novelty,0.1,3,17,0.2622802741879977,0.17664156534235528,5.158185756052639,2.272511945687689,0.19284242861248121
evogym,novelty,0.1,3,18,0.2622802741879977,0.1828932964959042,5.158185756052639,1.9131915929547063,0.21244533940194846
evogym,novelty,0.1,3,19,0.2622802741879977,0.17010842926113393,5.158185756052639,2.1126008720309613,0.20057359289177873
evogym,novelty,0.1,3,20,0.2622802741879977,0.18009838187145294,5.158185756052639,2.1619872948758188,0.20064341155038315
evogym,novelty,0.1,3,21,0.2622802741879977,0.19190653530908847,7.059216802167465,2.1888482369757423,0.21005230466672503
evogym,novelty,0.1,3,22,0.2622802741879977,0.19193769020571388,7.059216802167465,1.9089395432047738,0.2189026786016231
evogym,novelty,0.1,3,23,0.2622802741879977,0.19763269003811235,7.059216802167465,2.376650285779172,0.21914873484517386
evogym,novelty,0.1,3,24,0.2622802741879977,0.19818548996046026,7.059216802167465,2.1166278798973135,0.22546641155619854
evogym,novelty,0.1,3,25,0.2717937985822798,0.1984982979360223,7.059216802167465,2.3601524904434,0.22303626787997866
evogym,novelty,0.1,3,26,0.2717937985822798,0.20122180128289108,7.059216802167465,1.8898636612084847,0.2290580159427754
evogym,novelty,0.1,3,27,0.2717937985822798,0.19651168557365475,7.059216802167465,1.956594619517663,0.2191909134772027
evogym,novelty,0.1,3,28,0.2717937985822798,0.20904272882189917,7.059216802167465,1.779386168497874,0.2376512656621072
evogym,novelty,0.1,3,29,0.33185190595164454,0.2119680978172059,7.059216802167465,1.9795480283065328,0.23292202406911974
evogym,novelty,0.1,3,30,0.3345565689007388,0.21796495926527562,7.059216802167465,1.9041487051775874,0.2232350093087776
evogym,novelty,0.25,1,0,0.2603790607677875,0.2235891770617215,3.4762619285613345,1.6064468407923251,0.24348438282247042
evogym,novelty,0.25,1,1,0.2603790607677875,0.2235891770617215,3.4762619285613345,1.6064468407923251,0.24348438282247042
evogym,novelty,0.25,1,2,0.27523963974155163,0.22296936470315581,3.777650013701041,1.7172003109998761,0.21237295421636881
evogym,novelty,0.25,1,3,0.2802604706730975,0.2370157037900053,4.7269426015675835,2.208489964994364,0.20738229513866413
evogym,novelty,0.25,1,4,0.2804470839867006,0.24410819770697662,5.381336167083748,2.6486566871903663,0.1977194271807225
evogym,novelty,0.25,1,5,0.2918422077719119,0.2440955902465928,5.381336167083748,2.972066692273134,0.1882384073263908
evogym,novelty,0.25,1,6,0.2918422077719119,0.24676519922285928,5.41234924641927,3.14661046637393,0.1758483580712582
evogym,novelty,0.25,1,7,0.3010232291764139,0.2545469013788615,5.5602308003511505,3.5645384730672847,0.16364364964391268
evogym,novelty,0.25,1,8,0.3010232291764139,0.2581916816953387,5.5602308003511505,3.773740010020132,0.16192635470362854
evogym,novelty,0.25,1,9,0.30215882767638524,0.26395978366864703,5.5602308003511505,3.9199044087526635,0.16188946672213841
evogym,novelty,0.25,1,10,0.29536949149206543,0.24996612436390953,6.071399012280713,3.863389756486388,0.15843518479926585
evogym,novelty,0.25,1,11,0.33349517484852387,0.25626533452149547,7.204058144215015,4.382447257303118,0.15739527217589405
evogym,novelty,0.25,1,12,0.33349517484852387,0.26596438437652714,7.204058144215015,4.563541920245841,0.16397634020532298
evogym,novelty,0.25,1,13,0.33349517484852387,0.25766512519546364,7.204058144215015,4.682805269600097,0.14494010515078487
evogym,novelty,0.25,1,14,0.33349517484852387,0.2648358022202562,7.3297587793431305,4.922729469706681,0.1471580768813585
evogym,novelty,0.25,1,15,0.33349517484852387,0.26650357296001237,7.487785250191121,4.9723875592280065,0.1515561646318738
evogym,novelty,0.25,1,16,0.33349517484852387,0.2632512728042153,7.487785250191121,5.209915152817875,0.139605843705987
evogym,novelty,0.25,1,17,0.33349517484852387,0.26797717691315676,7.639711826729125,5.346990996574311,0.14737739774232114
evogym,novelty,0.25,1,18,0.33349517484852387,0.26530246287766424,7.639711826729125,5.455446297459328,0.1407695513838368
evogym,novelty,0.25,1,19,0.3862789299856725,0.2614543468866091,7.808193241877414,5.263392205301171,0.14342544368840532
evogym,novelty,0.25,1,20,0.3862789299856725,0.24509834883547693,7.808193241877414,4.70011851214027,0.14763509303546543
evogym,novelty,0.25,1,21,0.3862789299856725,0.2557762674667249,7.808193241877414,5.183862897697224,0.14088976237604708
evogym,novelty,0.25,1,22,0.3862789299856725,0.2505404017009509,7.808193241877414,4.903847929780516,0.14709840861318463
evogym,novelty,0.25,1,23,0.3862789299856725,0.2371082912688908,7.808193241877414,4.8217975705602205,0.13401189278570763
evogym,novelty,0.25,1,24,0.3862789299856725,0.25070370106897294,7.808193241877414,4.984430347240208,0.14351457847006
evogym,novelty,0.25,1,25,0.3862789299856725,0.2488403929406316,7.808193241877414,4.886296920257221,0.14350687317604607
evogym,novelty,0.25,1,26,0.39009519601587506,0.2546751541245047,7.808193241877414,5.049900151719347,0.1421037537835994
evogym,novelty,0.25,1,27,0.39009519601587506,0.25779249059227854,7.808193241877414,5.081254449461008,0.13617055013623267
evogym,novelty,0.25,1,28,0.39009519601587506,0.25813157500121936,7.808193241877414,4.790465436780819,0.14790013447043102
evogym,novelty,0.25,1,29,0.39009519601587506,0.2612836990289723,7.808193241877414,4.788519463270232,0.15106937909531043
evogym,novelty,0.25,1,30,0.39009519601587506,0.26809283478304036,7.808193241877414,4.870198866419171,0.15327597042349236
evogym,novelty,0.25,2,0,0.31994140350780514,0.22800082420740964,4.02140398077261,1.6107969651147882,0.24208940412675323
evogym,novelty,0.25,2,1,0.31994140350780514,0.22800082420740964,4.02140398077261,1.6107969651147882,0.24208940412675323
evogym,novelty,0.25,2,2,0.37344898159844053,0.24108031555279563,4.233162466033816,1.8282321482698056,0.21543341159078494
evogym,novelty,0.25,2,3,0.37344898159844053,0.25842086663562897,4.233162466033816,2.053458338922975,0.2102714875375553
evogym,novelty,0.25,2,4,0.37344898159844053,0.2600996377195905,4.233162466033816,2.195794898654035,0.20709488436586848
evogym,novelty,0.25,2,5,0.4025857080774947,0.2684993118999925,4.233162466033816,2.4918603542937645,0.21082157744041022
evogym,novelty,0.25,2,6,0.4025857080774947,0.25648254989851493,5.117291512547026,2.709325738664101,0.20338952459199713
evogym,novelty,0.25,2,7,0.4025857080774947,0.26268231792378754,5.117291512547026,2.9563050895004612,0.19897253932034092
evogym,novelty,0.25,2,8,0.4025857080774947,0.2614458071172392,5.117291512547026,2.730731345773779,0.2034649874494074
evogym,novelty,0.25,2,9,0.4025857080774947,0.26933949965131887,5.117291512547026,3.163283750792645,0.18454466928029473
evogym,novelty,0.25,2,10,0.4025857080774947,0.2792056923944834,4.734963050607077,2.6872317248317783,0.2152477653129854
evogym,novelty,0.25,2,11,0.4025857080774947,0.2856532988406533,4.734963050607077,2.9028716662511385,0.20624267801567409
evogym,novelty,0.25,2,12,0.4025857080774947,0.28940308009329796,4.734963050607077,2.9686482451275946,0.20801955681727663
evogym,novelty,0.25,2,13,0.4025857080774947,0.285372654841069,4.734963050607077,2.7733169850736696,0.21649592891374767
evogym,novelty,0.25,2,14,0.4025857080774947,0.2918737026562351,4.734963050607077,3.1429293174887585,0.2072631432536471
evogym,novelty,0.25,2,15,0.4025857080774947,0.29044433757917465,4.734963050607077,3.3068329738583335,0.19362482217754057
evogym,novelty,0.25,2,16,0.4025857080774947,0.2926237666785324,4.734963050607077,3.309435950949844,0.1934742961301685
evogym,novelty,0.25,2,17,0.4025857080774947,0.2888021268630657,4.980923489348587,3.198629908512042,0.2036144869399405
evogym,novelty,0.25,2,18,0.4025857080774947,0.28476881373122664,5.2193498214216465,3.426990652513505,0.19602673290773542
evogym,novelty,0.25,2,19,0.4025857080774947,0.28476603413035084,5.2193498214216465,3.4479338852345394,0.1906268258070378
evogym,novelty,0.25,2,20,0.4025857080774947,0.265904069379569,5.2193498214216465,2.865395797274781,0.2024597975301347
evogym,novelty,0.25,2,21,0.4025857080774947,0.26411098511958564,5.2193498214216465,3.0718296420375326,0.19285937043012152
evogym,novelty,0.25,2,22,0.4025857080774947,0.2872018297566994,5.2193498214216465,3.332736675206463,0.2018783073346123
evogym,novelty,0.25,2,23,0.4025857080774947,0.26487860923368994,5.214051498482439,2.4913538923909035,0.2153020364133434
evogym,novelty,0.25,2,24,0.4025857080774947,0.27514523381233325,5.214051498482439,2.8559657740225632,0.2079685441786964
evogym,novelty,0.25,2,25,0.4025857080774947,0.2669503175949113,5.214051498482439,2.713105196976934,0.20611619547456442
evogym,novelty,0.25,2,26,0.4025857080774947,0.2752091579352597,5.214051498482439,3.1050451422961536,0.19290641800800176
evogym,novelty,0.25,2,27,0.4025857080774947,0.2728058422751725,5.214051498482439,2.9961623455987203,0.19384424000762074
evogym,novelty,0.25,2,28,0.4573749866370428,0.27569562580059986,5.485798534429662,3.033594834746668,0.19967159256401573
evogym,novelty,0.25,2,29,0.4573749866370428,0.2803628112033934,5.485798534429662,3.3050170429496513,0.1836260729352327
evogym,novelty,0.25,2,30,0.4573749866370428,0.28593613412461844,5.485798534429662,3.2607960590525544,0.1857712650549211
evogym,novelty,0.25,3,0,0.28432826692640284,0.22615841312082377,3.979009576092347,1.7696593565970637,0.222550132781164
evogym,novelty,0.25,3,1,0.28432826692640284,0.22615841312082377,3.979009576092347,1.7696593565970637,0.222550132781164
evogym,novelty,0.25,3,2,0.28432826692640284,0.23330914882215414,3.979009576092347,1.9717568918663435,0.20157076952605663
evogym,novelty,0.25,3,3,0.29403808585510466,0.2596964188585022,4.109184350738409,2.6188093633926433,0.19296000712390976
evogym,novelty,0.25,3,4,0.29403808585510466,0.26122490912638235,4.530859636887007,2.935387289947001,0.19302979162551953
evogym,novelty,0.25,3,5,0.2832137733458002,0.2507226367929987,5.839711343231747,3.1971048634903556,0.1919230997799101
evogym,novelty,0.25,3,6,0.2832137733458002,0.2540557692097197,5.839711343231747,3.314621130540292,0.19834185101725738
evogym,novelty,0.25,3,7,0.2833528577943131,0.25295565804383513,6.073480826656584,3.6176769622436575,0.18722365782260447
evogym,novelty,0.25,3,8,0.2832137733458002,0.2451245745266622,7.199779293292397,3.584838565760477,0.19479114433189487
evogym,novelty,0.25,3,9,0.2832137733458002,0.2518332078974921,7.199779293292397,3.6385378472099665,0.20049278948307755
evogym,novelty,0.25,3,10,0.28344427236582104,0.2598796708580971,7.199779293292397,3.959077833520135,0.2003008219410282
evogym,novelty,0.25,3,11,0.29048918503092763,0.25140394572443064,7.199779293292397,3.778224330214956,0.19167451793486479
evogym,novelty,0.25,3,12,0.29048918503092763,0.25309928375612334,6.252339765111667,3.112733234655807,0.20837939467574604
evogym,novelty,0.25,3,13,0.29048918503092763,0.25556536944095,6.252339765111667,3.2937796049061356,0.2019892047959587
evogym,novelty,0.25,3,14,0.29048918503092763,0.2570216263571064,6.252339765111667,3.6965050554491845,0.18514637505901171
evogym,novelty,0.25,3,15,0.28726522004573896,0.2575439129887346,6.252339765111667,3.7824189657509577,0.18413239144584262
evogym,novelty,0.25,3,16,0.2860901961223144,0.2527504987769974,6.252339765111667,3.8246742859086225,0.1806304749035072
evogym,novelty,0.25,3,17,0.3309043024838909,0.2560253382613836,6.799335099250993,4.163973365221615,0.17708731628565053
evogym,novelty,0.25,3,18,0.33628848452974613,0.25677440690394826,6.933247274767402,4.216806274647226,0.17555049443501958
evogym,novelty,0.25,3,19,0.33628848452974613,0.25366563243029555,7.579631819203796,4.356922492030393,0.17735557253695297
evogym,novelty,0.25,3,20,0.33628848452974613,0.26026356902407094,7.579631819203796,4.788117430981279,0.16855574857937336
evogym,novelty,0.25,3,21,0.33628848452974613,0.25562549473693397,7.579631819203796,4.631924099690133,0.1725033270848763
evogym,novelty,0.25,3,22,0.33628848452974613,0.2669424133687195,8.059502292287561,5.086582601153774,0.17646428611027482
evogym,novelty,0.25,3,23,0.33628848452974613,0.26360967395188417,8.059502292287561,5.229613935286985,0.16797125563343843
evogym,novelty,0.25,3,24,0.33628848452974613,0.26906555763236645,8.059502292287561,5.705024902170266,0.15857871180254207
evogym,novelty,0.25,3,25,0.33628848452974613,0.2693759609437623,8.059502292287561,5.336574107302267,0.16715569973602895
evogym,novelty,0.25,3,26,0.33628848452974613,0.26455031563418757,8.059502292287561,5.732876438854797,0.1450547165687428
evogym,novelty,0.25,3,27,0.35802107230985136,0.2704051240456931,8.059502292287561,5.253891963643226,0.17194488954738155
evogym,novelty,0.25,3,28,0.35802107230985136,0.2620005026938628,8.059502292287561,5.3849675199259295,0.15061317330383428
evogym,novelty,0.25,3,29,0.35802107230985136,0.27337975727766267,8.345775637362488,5.684356802633763,0.15331830202461832
evogym,novelty,0.25,3,30,0.35802107230985136,0.27738891348315275,8.345775637362488,5.771109066638019,0.14814155768106232
evogym,novelty,0.4,1,0,0.3275189677154249,0.26317471082823,3.621821908771315,1.7461414303533824,0.2580482310496343
evogym,novelty,0.4,1,1,0.3275189677154249,0.26317471082823,3.621821908771315,1.7461414303533824,0.2580482310496343
evogym,novelty,0.4,1,2,0.3307389500736926,0.2732577974700182,3.732565574177397,1.9385600811999844,0.22865932819032353
evogym,novelty,0.4,1,3,0.35381630806356734,0.2811283300084837,4.648970122534669,2.3977775793411964,0.21870827981761448
evogym,novelty,0.4,1,4,0.36052514457659,0.2953057402819264,6.174362034273623,3.12166516606521,0.20101608698362447
evogym,novelty,0.4,1,5,0.36052514457659,0.2990612421996339,6.174362034273623,3.3119328990609205,0.1898092222214791
evogym,novelty,0.4,1,6,0.36052514457659,0.2965975023784516,6.174362034273623,3.5964397262681276,0.17674243317446386
evogym,novelty,0.4,1,7,0.36052514457659,0.2868723704075557,6.174362034273623,3.807416963894698,0.16650140686910317
evogym,novelty,0.4,1,8,0.40809016682689514,0.2838723630982024,8.684945255434542,4.499488941584699,0.15900456304313532
evogym,novelty,0.4,1,9,0.41785863675458906,0.2782831196169017,9.542620801765947,4.553927212886654,0.1584258124385303
evogym,novelty,0.4,1,10,0.41785863675458906,0.3037911476546299,9.542620801765947,5.035139338295071,0.1706283318767811
evogym,novelty,0.4,1,11,0.44019370487044457,0.31153180238221534,9.542620801765947,5.456236757055931,0.14976114010499958
evogym,novelty,0.4,1,12,0.44019370487044457,0.33276209120921374,9.542620801765947,6.081253716414607,0.140984337881105
evogym,novelty,0.4,1,13,0.44633987489858157,0.359858734233776,9.542620801765947,6.794727618705531,0.13553707026798295
evogym,novelty,0.4,1,14,0.4491018318548812,0.36907625919499504,9.542620801765947,7.215412799238585,0.12159900283068785
evogym,novelty,0.4,1,15,0.4491018318548812,0.3769547894535627,9.542620801765947,7.397783539511899,0.11894759064142568
evogym,novelty,0.4,1,16,0.47589121875529994,0.39239604989086735,9.542620801765947,7.761571759156141,0.1213245703517593
evogym,novelty,0.4,1,17,0.47589121875529994,0.3962235902506798,9.551182661020034,7.979107463863462,0.11454497377557875
evogym,novelty,0.4,1,18,0.4780477812317418,0.4011969530453833,9.551182661020034,8.048058480251402,0.11707189014020251
evogym,novelty,0.4,1,19,0.4780477812317418,0.39322619202996356,9.552550788191997,7.9238350073107116,0.11691474313760826
evogym,novelty,0.4,1,20,0.4780477812317418,0.38823633568741,9.55902960060681,7.795246746662407,0.11904850266780509
evogym,novelty,0.4,1,21,0.4780477812317418,0.40100361494790926,9.55902960060681,8.023151746468349,0.12532661950463211
evogym,novelty,0.4,1,22,0.4780477812317418,0.40013797698126935,9.55902960060681,8.24519937646236,0.11155638782246899
evogym,novelty,0.4,1,23,0.4780477812317418,0.40194523632348045,9.55902960060681,8.183341734541917,0.11465025848039183
evogym,novelty,0.4,1,24,0.4807796085395529,0.40247878263448705,9.55902960060681,8.03061135855905,0.13088869916396786
evogym,novelty,0.4,1,25,0.48094682528475136,0.4035210387006927,9.55902960060681,8.09686625270403,0.12711405595924347
evogym,novelty,0.4,1,26,0.4828174465059991,0.39260306077207957,9.55902960060681,7.922123329388938,0.1191475782267398
evogym,novelty,0.4,1,27,0.5057212994869311,0.4100751427250676,9.56114680272666,8.352084385008109,0.11881308871886484
evogym,novelty,0.4,1,28,0.5057212994869311,0.42164091886966426,9.56114680272666,8.490969382617127,0.12546489551848772
evogym,novelty,0.4,1,29,0.5057212994869311,0.40762046759751136,9.56114680272666,8.064328989674223,0.12622724829251158
evogym,novelty,0.4,1,30,0.5057212994869311,0.4166086591862469,9.56114680272666,8.16211044140759,0.12978688569673313
evogym,novelty,0.4,2,0,0.3218843874477436,0.24478617364096303,3.266843855117796,1.6611300964875375,0.2360734366504158
evogym,novelty,0.4,2,1,0.3218843874477436,0.24478617364096303,3.266843855117796,1.6611300964875375,0.2360734366504158
evogym,novelty,0.4,2,2,0.36311969342871,0.2566121503099806,4.368536568666657,1.9251571693598368,0.20830724110827856
evogym,novelty,0.4,2,3,0.3921640351462359,0.2939992427955892,4.882627932703029,2.5476831390999033,0.2050162452169439
evogym,novelty,0.4,2,4,0.4079027833659772,0.2983396533964429,5.717045949443119,2.978289490659412,0.18013466349597468
evogym,novelty,0.4,2,5,0.4247370796620136,0.3216094079482292,6.077630570385933,3.406940920871868,0.18057671230924072
evogym,novelty,0.4,2,6,0.4247370796620136,0.3560586391635966,6.077630570385933,4.00467619893944,0.17311555510848237
evogym,novelty,0.4,2,7,0.4431005643546064,0.3694887511583416,6.077630570385933,4.344948072598557,0.16226024557628768
evogym,novelty,0.4,2,8,0.4431005643546064,0.3678680670984035,6.077630570385933,4.260432945459973,0.17355255264299513
evogym,novelty,0.4,2,9,0.4431005643546064,0.36591037774430457,6.077630570385933,4.288058579776698,0.16987387503236123
evogym,novelty,0.4,2,10,0.4431005643546064,0.37964786029373215,6.299910680683201,4.610672793188423,0.16812137287955314
evogym,novelty,0.4,2,11,0.4431005643546064,0.3723084341204588,6.299910680683201,4.589094797575021,0.16541648733663883
evogym,novelty,0.4,2,12,0.45796341272202945,0.3860998332301374,6.299910680683201,4.697051010472874,0.1774901224591582
evogym,novelty,0.4,2,13,0.45796341272202945,0.3775288893642936,6.299910680683201,4.5585573086713005,0.17979257323963885
evogym,novelty,0.4,2,14,0.45796341272202945,0.3774077547494868,6.299910680683201,4.649740119054735,0.16833973417763054
evogym,novelty,0.4,2,15,0.45796341272202945,0.38604517599088933,6.299910680683201,4.7826971306534,0.1722660968973388
evogym,novelty,0.4,2,16,0.45796341272202945,0.38888135179176164,6.299910680683201,4.900700734159818,0.16972545372995174
evogym,novelty,0.4,2,17,0.45796341272202945,0.3785269950588278,6.299910680683201,4.913248030809468,0.15526757572091848
evogym,novelty,0.4,2,18,0.45796341272202945,0.3768532817457063,6.299910680683201,4.776539996638021,0.1666975179058153
evogym,novelty,0.4,2,19,0.45796341272202945,0.3810705963615217,6.299910680683201,4.9439007281283684,0.1579404655722715
evogym,novelty,0.4,2,20,0.45796341272202945,0.3889161239036957,6.299910680683201,5.127499165558269,0.15962016150750094
evogym,novelty,0.4,2,21,0.45796341272202945,0.3853329734370781,6.757823379986079,5.2891618107693885,0.15873747707540847
evogym,novelty,0.4,2,22,0.45796341272202945,0.36550528304836233,6.757823379986079,4.879480650277211,0.1667226488670551
evogym,novelty,0.4,2,23,0.45796341272202945,0.3748940272719646,6.78070543658265,5.00538380650917,0.1696929172184961
evogym,novelty,0.4,2,24,0.46984294280849415,0.3697812080851207,6.78070543658265,5.017364940332824,0.1645574985666273
evogym,novelty,0.4,2,25,0.46984294280849415,0.35195847119799134,6.78070543658265,4.670022117721986,0.16968047861695995
evogym,novelty,0.4,2,26,0.46984294280849415,0.3666507817336327,7.233284980896955,5.139834732081483,0.163038292934948
evogym,novelty,0.4,2,27,0.46984294280849415,0.36731525990492153,7.27099378445047,5.4796805544503115,0.13974249127818267
evogym,novelty,0.4,2,28,0.46984294280849415,0.3787129029807373,7.27099378445047,5.623189139141813,0.14350481611076435
evogym,novelty,0.4,2,29,0.46984294280849415,0.37716751114386005,7.27099378445047,5.489864732388091,0.14755886635751253
evogym,novelty,0.4,2,30,0.4819213798798496,0.3653080716746653,7.676498543912836,5.385388404189778,0.1431761699762514
evogym,novelty,0.4,3,0,0.36568424856906856,0.2561934654175208,4.021471885778993,1.761420663444386,0.24691105322656598
evogym,novelty,0.4,3,1,0.36568424856906856,0.2561934654175208,4.021471885778993,1.761420663444386,0.24691105322656598
evogym,novelty,0.4,3,2,0.36568424856906856,0.2529460481179599,4.021471885778993,1.7160930475708973,0.22073018219295498
evogym,novelty,0.4,3,3,0.37729937451062934,0.263074743535394,5.633241638016262,2.273362363920621,0.19661805300431845
evogym,novelty,0.4,3,4,0.37729937451062934,0.29242002432763814,5.633241638016262,2.6767028905601107,0.1961765832012432
evogym,novelty,0.4,3,5,0.37729937451062934,0.30471017331109995,5.633241638016262,2.9162434383472764,0.1876281925033887
evogym,novelty,0.4,3,6,0.37729937451062934,0.31537593424240196,5.633241638016262,3.2182751850518954,0.17134175101532198
evogym,novelty,0.4,3,7,0.3865479742092287,0.32592254430883744,5.633241638016262,3.3790464501481736,0.17362713468729762
evogym,novelty,0.4,3,8,0.3865479742092287,0.3212233423995177,5.633241638016262,3.4716815998190738,0.15468148269224571
evogym,novelty,0.4,3,9,0.3865479742092287,0.3290708195025459,5.633241638016262,3.4866614842916634,0.16745386723062394
evogym,novelty,0.4,3,10,0.3865479742092287,0.3243149427591603,5.633241638016262,3.652175404894945,0.15644295837271713
evogym,novelty,0.4,3,11,0.39214684695585555,0.3299145242953999,5.633241638016262,3.8891382780980686,0.14928619543180183
evogym,novelty,0.4,3,12,0.39214684695585555,0.3313205098280922,5.633241638016262,3.9825625129229527,0.1596838461029198
evogym,novelty,0.4,3,13,0.3960571619410552,0.3201892840264863,6.697194372511328,4.227586111035448,0.15150295377959305
evogym,novelty,0.4,3,14,0.47678398789690657,0.32963595472108037,6.697194372511328,4.456073553106078,0.16077250081011407
evogym,novelty,0.4,3,15,0.47678398789690657,0.29342672631816663,7.986104594576193,4.18922311833835,0.14611061658083824
evogym,novelty,0.4,3,16,0.47678398789690657,0.30366711184960476,7.986104594576193,4.266679255259993,0.1579166372923318
evogym,novelty,0.4,3,17,0.47678398789690657,0.30866844087095885,7.986104594576193,4.465013782446163,0.15106065003326213
evogym,novelty,0.4,3,18,0.47678398789690657,0.30653555277425465,7.986104594576193,4.462802972217619,0.14860011040313903
evogym,novelty,0.4,3,19,0.47678398789690657,0.33141909214248283,7.986104594576193,5.113902322264182,0.1380777120523003
evogym,novelty,0.4,3,20,0.47678398789690657,0.32723061905200856,7.986104594576193,4.872024964631613,0.1535040169096252
evogym,novelty,0.4,3,21,0.47678398789690657,0.33171144917084316,7.986104594576193,5.282216729924923,0.13029060114877064
evogym,novelty,0.4,3,22,0.47678398789690657,0.353441989978298,7.986104594576193,5.687501075352771,0.13675493935481156
evogym,novelty,0.4,3,23,0.47678398789690657,0.34228290485501545,8.12540361957715,5.485615785785798,0.13446045381196073
evogym,novelty,0.4,3,24,0.47678398789690657,0.33303700708604544,8.12540361957715,5.260484748606371,0.1362438861239351
evogym,novelty,0.4,3,25,0.47678398789690657,0.354275038929474,8.12540361957715,5.680776007680968,0.1423198456482624
evogym,novelty,0.4,3,26,0.47678398789690657,0.3306186709460691,8.12540361957715,5.303640392161936,0.13698769470904543
evogym,novelty,0.4,3,27,0.5022444833369359,0.34455788235966633,8.12540361957715,5.56069786930232,0.13779608392657114
evogym,novelty,0.4,3,28,0.5022444833369359,0.3370305700060738,8.39019410813481,5.585165297868719,0.12809723002042755
evogym,novelty,0.4,3,29,0.5022444833369359,0.34651256333696734,8.39019410813481,5.625557946434134,0.14111693663321817
evogym,novelty,0.4,3,30,0.5022444833369359,0.3587396142334554,8.39019410813481,5.9383766641031075,0.1335757654226386
evogym,novelty_many,0.1,1,0,0.23202351580431266,0.20415720049542435,2.7880415642236738,1.5170466204536006,0.244932779834732
evogym,novelty_many,0.1,1,1,0.23202351580431266,0.20415720049542435,2.7880415642236738,1.5170466204536006,0.244932779834732
evogym,novelty_many,0.1,1,2,0.24045663443496446,0.20289070525997893,3.163081124140624,1.6071060592561082,0.2204943215809329
evogym,novelty_many,0.1,1,3,0.24045663443496446,0.20668240213748046,3.366508092482304,1.979500600001158,0.21635307464848808
evogym,novelty_many,0.1,1,4,0.24045663443496446,0.2084049833745827,3.607916945131275,2.3174473866426757,0.21130406723134212
evogym,novelty_many,0.1,1,5,0.24045663443496446,0.2078672140875238,4.489863825523794,2.4292381403399133,0.21489280124997273
evogym,novelty_many,0.1,1,6,0.24045663443496446,0.20148293612217777,4.489863825523794,2.2131916898576898,0.21218401168706863
evogym,novelty_many,0.1,1,7,0.24045663443496446,0.20624150985351958,4.76428746646464,2.5557055495453787,0.21323962245125583
evogym,novelty_many,0.1,1,8,0.24045663443496446,0.21291221840510338,5.59464069436116,2.790932317389931,0.22456716805013927
evogym,novelty_many,0.1,1,9,0.24151052172121532,0.2101357432606869,5.59464069436116,2.926469194282616,0.22362505826384743
evogym,novelty_many,0.1,1,10,0.22911504799995555,0.20031873635060454,5.59464069436116,3.1327208293854727,0.20899869223307138
evogym,novelty_many,0.1,1,11,0.23033636646216277,0.19873736185383079,5.59464069436116,2.95568215287945,0.21749310898146854
evogym,novelty_many,0.1,1,12,0.23033636646216277,0.19444084872244677,7.1049153598449,2.9967969680992557,0.2185658120680983
evogym,novelty_many,0.1,1,13,0.22123645725725763,0.17953682963699008,7.1049153598449,2.9389392931492613,0.21247903154206593
evogym,novelty_many,0.1,1,14,0.22256649234038584,0.19240235792191226,7.475322402010334,2.794417853955525,0.21556168099709735
evogym,novelty_many,0.1,1,15,0.2178522263220725,0.18601249778357312,7.475322402010334,2.822257550460573,0.2123613690993677
evogym,novelty_many,0.1,1,16,0.2178522263220725,0.1839564445711723,7.475322402010334,2.2360635907841226,0.2189930271234469
evogym,novelty_many,0.1,1,17,0.2582475887134186,0.18591175215255998,7.475322402010334,2.7240323062025116,0.2066655191002825
evogym,novelty_many,0.1,1,18,0.3074446373157561,0.1911420294884789,7.475322402010334,2.938353299363045,0.21030527427818932
evogym,novelty_many,0.1,1,19,0.3074446373157561,0.1777949497387434,7.7366308903791285,2.88810237172724,0.19671452988789095
evogym,novelty_many,0.1,1,20,0.3074446373157561,0.18966774549525614,7.031530060704604,2.524046546702942,0.21121155406545067
evogym,novelty_many,0.1,1,21,0.3074446373157561,0.18702727973857186,7.031530060704604,2.6239729063476775,0.20264691236800653
evogym,novelty_many,0.1,1,22,0.3074446373157561,0.18916903985471684,6.688160731220003,2.3943658307157105,0.208184891995073
evogym,novelty_many,0.1,1,23,0.3074446373157561,0.20023618398322163,6.688160731220003,2.777055828764386,0.206273644924732
evogym,novelty_many,0.1,1,24,0.3074446373157561,0.2110660308468099,6.688160731220003,2.8495089769365824,0.21638794510223952
evogym,novelty_many,0.1,1,25,0.3074446373157561,0.20877851652162643,6.38932696137762,2.925328495978559,0.2202513692209588
evogym,novelty_many,0.1,1,26,0.31954874207098094,0.2134140317212813,6.38932696137762,2.6373583469162343,0.22709829596941286
evogym,novelty_many,0.1,1,27,0.3612365311613327,0.21881092400567229,6.5174613257167975,3.055856178799594,0.21454008534025815
evogym,novelty_many,0.1,1,28,0.3612365311613327,0.22066530586602817,6.5174613257167975,2.8194045598869137,0.21434691235454623
evogym,novelty_many,0.1,1,29,0.3717614413750241,0.22572381868442654,6.5174613257167975,3.0505014770328005,0.2099613355843879
evogym,novelty_many,0.1,1,30,0.3717614413750241,0.24412212423544993,5.668302191444156,2.594677519868019,0.2251773941181543
evogym,novelty_many,0.1,2,0,0.2190218399434959,0.19631199566057878,2.872843549434895,1.6190285919426741,0.24689239487251857
evogym,novelty_many,0.1,2,1,0.2190218399434959,0.19631199566057878,2.872843549434895,1.6190285919426741,0.24689239487251857
evogym,novelty_many,0.1,2,2,0.22473685937081073,0.19732042698410862,4.321295272240146,1.7053427110750596,0.22201875581463484
evogym,novelty_many,0.1,2,3,0.2258288735870338,0.19804567657663613,4.429321585134498,1.977415964420866,0.21861160636055513
evogym,novelty_many,0.1,2,4,0.22757666930581416,0.19087294683833209,4.429321585134498,2.1439591348213174,0.1990243597663996
evogym,novelty_many,0.1,2,5,0.22757666930581416,0.19523479269524852,4.689473682138072,2.1290245444301195,0.1993669946832278
evogym,novelty_many,0.1,2,6,0.2288790715327385,0.20392635118058697,4.689473682138072,2.4518701596218744,0.1998607551858459
evogym,novelty_many,0.1,2,7,0.2264444056339574,0.20068282063272638,4.689473682138072,2.8262989263433163,0.19430236429004152
evogym,novelty_many,0.1,2,8,0.21454780477888635,0.18958250884195876,6.2738545950790785,3.0364191128352256,0.1901409846740521
evogym,novelty_many,0.1,2,9,0.24436646693160868,0.18758299179133497,6.2738545950790785,2.537840745772305,0.194540863066875
evogym,novelty_many,0.1,2,10,0.24436646693160868,0.18899887021167305,7.249162167050064,2.8611309493669514,0.18979183821192339
evogym,novelty_many,0.1,2,11,0.24436646693160868,0.1896869450355711,7.249162167050064,2.749212859626758,0.19282914032935142
evogym,novelty_many,0.1,2,12,0.24436646693160868,0.18929529522744754,7.249162167050064,3.2003095843738065,0.1859926315227486
evogym,novelty_many,0.1,2,13,0.24436646693160868,0.1945464003521743,7.249162167050064,2.858620544389381,0.19586727850878374
evogym,novelty_many,0.1,2,14,0.24436646693160868,0.19175525222847842,7.249162167050064,2.959883197143781,0.1970448543057733
evogym,novelty_many,0.1,2,15,0.24436646693160868,0.1943531917827654,7.249162167050064,2.9268867272007193,0.2013781441334095
evogym,novelty_many,0.1,2,16,0.24436646693160868,0.19591810033268675,7.249162167050064,3.1931924781015946,0.19626295472112326
evogym,novelty_many,0.1,2,17,0.24436646693160868,0.2012703069745443,7.249162167050064,2.9180209988122208,0.2026501547522624
evogym,novelty_many,0.1,2,18,0.24436646693160868,0.2034956071185003,7.249162167050064,2.755500945528861,0.2081663048285701
evogym,novelty_many,0.1,2,19,0.24436646693160868,0.20061796786372912,7.249162167050064,3.2620815908812686,0.20543003030253698
evogym,novelty_many,0.1,2,20,0.24436646693160868,0.19495341777348119,7.249162167050064,2.7773904851544664,0.21126486353708224
evogym,novelty_many,0.1,2,21,0.24436646693160868,0.1919970529549861,9.492351906168944,3.633360013811265,0.20633065703212355
evogym,novelty_many,0.1,2,22,0.25569134950868905,0.19079267069002576,8.13640537138185,2.4036347568705003,0.22394003919599345
evogym,novelty_many,0.1,2,23,0.25569134950868905,0.18993766184978855,8.13640537138185,3.189730893275537,0.20258093952162465
evogym,novelty_many,0.1,2,24,0.25569134950868905,0.19827429272680722,8.13640537138185,2.798157134540116,0.21656273456418793
evogym,novelty_many,0.1,2,25,0.25569134950868905,0.19597969206234245,8.13640537138185,3.158494809514402,0.21908405855724494
evogym,novelty_many,0.1,2,26,0.25899566151531855,0.18725888510811745,8.13640537138185,3.55352033012381,0.2002588340011906
evogym,novelty_many,0.1,2,27,0.27851994339601793,0.18869650108706895,8.13640537138185,3.2353166798673136,0.19598621494768603
evogym,novelty_many,0.1,2,28,0.27851994339601793,0.1958819905444627,8.13640537138185,3.0646664188112585,0.2042151122965914
evogym,novelty_many,0.1,2,29,0.28956764911000565,0.20370742111920967,8.875607304573972,3.075325288343638,0.20611540095878186
evogym,novelty_many,0.1,2,30,0.28956764911000565,0.20678160809139717,8.875607304573972,3.1803782746811025,0.200807963009242
evogym,novelty_many,0.1,3,0,0.2428375126267232,0.19347227758078128,3.7679483413740034,1.6577247318609394,0.23770449346807765
evogym,novelty_many,0.1,3,1,0.2428375126267232,0.19347227758078128,3.7679483413740034,1.6577247318609394,0.23770449346807765
evogym,novelty_many,0.1,3,2,0.2428375126267232,0.194668520036589,5.031739017379305,1.7460610013563247,0.2203302317100099
evogym,novelty_many,0.1,3,3,0.24461974011344328,0.20867718624941517,5.031739017379305,2.0287265770533454,0.2424497367754857
evogym,novelty_many,0.1,3,4,0.24461974011344328,0.20362829223028484,5.031739017379305,2.256876100550797,0.23893190794760896
evogym,novelty_many,0.1,3,5,0.23919262210544648,0.19665437226079846,4.288173324981439,1.8931332050082523,0.2288868497790225
evogym,novelty_many,0.1,3,6,0.23434172727826114,0.2048588896484303,4.62384543541329,2.471746854044725,0.224413396649544
evogym,novelty_many,0.1,3,7,0.23067533867049372,0.203360832657605,4.62384543541329,2.4495760236432367,0.21710432634919413
evogym,novelty_many,0.1,3,8,0.226735722592211,0.19296839753177436,5.726711707058447,2.631369605646984,0.2042134862529439
evogym,novelty_many,0.1,3,9,0.22706393503259678,0.19702442009900512,5.726711707058447,2.7727124235807303,0.20693731601475496
evogym,novelty_many,0.1,3,10,0.23509532948347742,0.198235855929005,5.726711707058447,2.6795140453934048,0.21145327366210256
evogym,novelty_many,0.1,3,11,0.23509532948347742,0.19683506094288777,5.726711707058447,2.8005473764898148,0.20795045523637698
evogym,novelty_many,0.1,3,12,0.23509532948347742,0.18419076450204963,5.726711707058447,2.5585641303954154,0.20526108334907894
evogym,novelty_many,0.1,3,13,0.23509532948347742,0.1877930687200295,5.726711707058447,2.419273478079105,0.21433663202384498
evogym,novelty_many,0.1,3,14,0.23509532948347742,0.18613037503800703,5.726711707058447,2.2642379766848277,0.21416735202106474
evogym,novelty_many,0.1,3,15,0.23509532948347742,0.1865761379611208,5.726711707058447,2.601211359756083,0.20620241727902658
evogym,novelty_many,0.1,3,16,0.23509532948347742,0.19136507772379846,5.657012744021404,2.066948874683421,0.21805690112011217
evogym,novelty_many,0.1,3,17,0.2355864968189816,0.19898969106456948,5.657012744021404,2.3160021393318684,0.21620860571208697
evogym,novelty_many,0.1,3,18,0.25311015749478655,0.21018820857229142,5.657012744021404,2.247015850874884,0.2277811372956875
evogym,novelty_many,0.1,3,19,0.2554886173871553,0.2097352231851762,5.657012744021404,2.191511671749508,0.22919783770773305
evogym,novelty_many,0.1,3,20,0.2554886173871553,0.20726467033271093,4.75799612113173,2.0274624964216708,0.23699353338629012
evogym,novelty_many,0.1,3,21,0.2564946168595559,0.21310479317903167,4.9573846922001845,2.321172020281107,0.2423093446714962
evogym,novelty_many,0.1,3,22,0.25622047128259295,0.21536950952546957,4.753514265651439,1.7746991678567106,0.2504688275043319
evogym,novelty_many,0.1,3,23,0.2602761786653578,0.21940879903810168,4.783506441102699,2.0456774612226285,0.2565273298014948
evogym,novelty_many,0.1,3,24,0.26044156980512145,0.2216008052835748,5.082432188428097,2.413698692958364,0.24794257918256535
evogym,novelty_many,0.1,3,25,0.30847194158747687,0.22378505677203103,5.728609421091964,2.1079286707053457,0.25702490209987244
evogym,novelty_many,0.1,3,26,0.30847194158747687,0.22098369605666562,5.728609421091964,2.6290795862093272,0.24786323427724777
evogym,novelty_many,0.1,3,27,0.30847194158747687,0.21380379782171421,5.728609421091964,2.61114915632553,0.2287864746670789
evogym,novelty_many,0.1,3,28,0.30847194158747687,0.2177551521276881,6.266588920077367,2.4842190740503556,0.22818216032972835
evogym,novelty_many,0.1,3,29,0.34142896644566434,0.23018967199170176,6.266588920077367,2.5617596947615597,0.23531915986477964
evogym,novelty_many,0.1,3,30,0.34142896644566434,0.23927377070809572,7.33253723689527,3.1787226855645816,0.22839130113826825
evogym,novelty_many,0.25,1,0,0.25298026943442486,0.20631889969057013,4.792671788115502,1.7007383113224983,0.2442449780583687
evogym,novelty_many,0.25,1,1,0.25298026943442486,0.20631889969057013,4.792671788115502,1.7007383113224983,0.2442449780583687
evogym,novelty_many,0.25,1,2,0.2793702767865308,0.21396564635729085,5.576476437322036,1.917010419154262,0.21745419714293077
evogym,novelty_many,0.25,1,3,0.2793702767865308,0.23067357822629134,5.576476437322036,2.3409173583500436,0.21565303861405355
evogym,novelty_many,0.25,1,4,0.2793702767865308,0.22818672560915282,5.576476437322036,2.7106607198429864,0.1938226973338863
evogym,novelty_many,0.25,1,5,0.28268336953129314,0.22611168094793171,7.206035181916682,2.8705267580586633,0.19739525679344777
evogym,novelty_many,0.25,1,6,0.28268336953129314,0.22628553010379523,7.206035181916682,3.0301133965233062,0.19025260684236547
evogym,novelty_many,0.25,1,7,0.28268336953129314,0.23322387186153953,7.206035181916682,2.9975596227090477,0.20615103701188287
evogym,novelty_many,0.25,1,8,0.2853680665156947,0.23585897025614888,7.206035181916682,3.543811042740553,0.18504065107605416
evogym,novelty_many,0.25,1,9,0.2853680665156947,0.2402679571528259,7.2518813780115305,3.8610113641882307,0.17836314900383948
evogym,novelty_many,0.25,1,10,0.28928693318105103,0.23926619854004003,7.972289333525988,3.8754436401154244,0.18012165351017134
evogym,novelty_many,0.25,1,11,0.28928693318105103,0.2420451507936999,7.972289333525988,3.816153787369511,0.18562035258053405
evogym,novelty_many,0.25,1,12,0.28928693318105103,0.2507072573719821,7.972289333525988,4.534198364020279,0.169286638569555
evogym,novelty_many,0.25,1,13,0.36101833105873965,0.25274823704343363,7.972289333525988,4.459237544421997,0.17575656822712146
evogym,novelty_many,0.25,1,14,0.36101833105873965,0.2534096999786805,7.972289333525988,4.775348787065587,0.16547795382155256
evogym,novelty_many,0.25,1,15,0.36101833105873965,0.25952582202786056,7.972289333525988,4.860834294439267,0.18540495292141895
evogym,novelty_many,0.25,1,16,0.36101833105873965,0.2497433266640444,7.972289333525988,4.367785573124744,0.1914700543396543
evogym,novelty_many,0.25,1,17,0.36101833105873965,0.2610248508783103,7.972289333525988,5.106282259912488,0.1692330143475139
evogym,novelty_many,0.25,1,18,0.36101833105873965,0.26369768039055763,8.132025540374554,4.693840453869944,0.19589001727208202
evogym,novelty_many,0.25,1,19,0.36101833105873965,0.2562730828316326,8.132025540374554,4.829966731483177,0.17723357429024772
evogym,novelty_many,0.25,1,20,0.36101833105873965,0.26285668349230623,8.132025540374554,5.328128152653109,0.16107155497465675
evogym,novelty_many,0.25,1,21,0.36101833105873965,0.2714102876702935,8.132025540374554,5.509876910688918,0.16097499666627213
evogym,novelty_many,0.25,1,22,0.36101833105873965,0.26834903653216324,8.132025540374554,5.62887404920844,0.15443712582085503
evogym,novelty_many,0.25,1,23,0.36101833105873965,0.26188909010491146,8.132025540374554,5.326123429785102,0.16689862135911598
evogym,novelty_many,0.25,1,24,0.36101833105873965,0.2630236084699956,8.132025540374554,5.4763648349709815,0.16490634295921736
evogym,novelty_many,0.25,1,25,0.36101833105873965,0.26225957359811813,8.373459640943516,5.462182563261956,0.15908108338809493
evogym,novelty_many,0.25,1,26,0.3744936562462922,0.2681807682569105,8.476556234443818,5.1150148920555205,0.1768188156351745
evogym,novelty_many,0.25,1,27,0.3744936562462922,0.26094132603917186,8.476556234443818,5.467604707050841,0.1606946397921045
evogym,novelty_many,0.25,1,28,0.3744936562462922,0.26640451479098354,8.476556234443818,5.60336446066365,0.1653621742843971
evogym,novelty_many,0.25,1,29,0.3751884408613134,0.26501202570776317,8.476556234443818,5.734977114800855,0.15325633947934006
evogym,novelty_many,0.25,1,30,0.3751884408613134,0.27646172041890893,8.688584985292142,5.925402800539166,0.15245918558605118
evogym,novelty_many,0.25,2,0,0.2645041565820847,0.2079454060641141,5.3545672387359575,1.8232870017208185,0.22526934452770506
evogym,novelty_many,0.25,2,1,0.2645041565820847,0.2079454060641141,5.3545672387359575,1.8232870017208185,0.22526934452770506
evogym,novelty_many,0.25,2,2,0.2789420735863746,0.20856697827871998,5.3545672387359575,1.963937560066863,0.19755162201621684
evogym,novelty_many,0.25,2,3,0.2789420735863746,0.22703235601029337,5.3545672387359575,2.4247345404090583,0.1970830360867474
evogym,novelty_many,0.25,2,4,0.2789420735863746,0.22841917418332494,5.463176972029741,2.7127538572670153,0.1823218753741373
evogym,novelty_many,0.25,2,5,0.3286365103479977,0.23877495984627384,5.69487029280317,3.1697117600198568,0.16870271276729573
evogym,novelty_many,0.25,2,6,0.3286365103479977,0.24485268520925305,5.69487029280317,3.420400754976236,0.15721110505015273
evogym,novelty_many,0.25,2,7,0.3286365103479977,0.2516513934861281,5.714764984087867,3.707813638913806,0.1537938278652538
evogym,novelty_many,0.25,2,8,0.3286365103479977,0.2549034648302329,6.084047895827425,4.02506565859354,0.14936154665339982
evogym,novelty_many,0.25,2,9,0.3286365103479977,0.25410721753247134,6.80415616270768,4.177390839553729,0.15594922859495963
evogym,novelty_many,0.25,2,10,0.3286365103479977,0.2594743293323561,6.80415616270768,4.278648284179671,0.1608434872523493
evogym,novelty_many,0.25,2,11,0.3286365103479977,0.2635915653505027,7.065091641143617,4.629443519894217,0.15345713452148413
evogym,novelty_many,0.25,2,12,0.3286365103479977,0.2688334512171977,7.065091641143617,4.735421694219072,0.1572647560713145
evogym,novelty_many,0.25,2,13,0.3286365103479977,0.2541881654805004,7.065091641143617,4.661753985331002,0.14435706221947284
evogym,novelty_many,0.25,2,14,0.38178580046993504,0.2649712886589902,7.065091641143617,4.63309962795405,0.16631969128406554
evogym,novelty_many,0.25,2,15,0.38178580046993504,0.25467741251729714,7.332701116656886,4.6173018406308195,0.1537490973212824
evogym,novelty_many,0.25,2,16,0.38178580046993504,0.2590682596161652,7.332701116656886,4.415905914763117,0.17242806278943662
evogym,novelty_many,0.25,2,17,0.38178580046993504,0.2665020867968074,7.332701116656886,4.9220612689761065,0.16921949880479484
evogym,novelty_many,0.25,2,18,0.38178580046993504,0.26055175177016526,7.801468188172593,4.42672794218272,0.18687237482490554
evogym,novelty_many,0.25,2,19,0.38178580046993504,0.26086737746985644,8.216238802487837,4.998790926565197,0.1644041616145993
evogym,novelty_many,0.25,2,20,0.38178580046993504,0.2540772983600944,8.216238802487837,4.47799458297592,0.17273499183922064
evogym,novelty_many,0.25,2,21,0.38178580046993504,0.25438970824433527,8.216238802487837,4.847042506600956,0.15785952573591697
evogym,novelty_many,0.25,2,22,0.38178580046993504,0.25287648897769255,8.216238802487837,4.863169132842261,0.15600165854280937
evogym,novelty_many,0.25,2,23,0.38178580046993504,0.26346749656011903,8.216238802487837,4.974095456963068,0.1668268235169271
evogym,novelty_many,0.25,2,24,0.38178580046993504,0.26522868402220967,8.216238802487837,5.163085258947503,0.15685475993785766
evogym,novelty_many,0.25,2,25,0.38178580046993504,0.2713319923595297,8.216238802487837,5.2604786123718625,0.16292784780660435
evogym,novelty_many,0.25,2,26,0.38178580046993504,0.270858060461797,8.216238802487837,5.388439058153751,0.15353546610779567
evogym,novelty_many,0.25,2,27,0.38178580046993504,0.26729276929420404,8.216238802487837,5.414383395380204,0.14814133681190816
evogym,novelty_many,0.25,2,28,0.38178580046993504,0.2721589762833838,8.216238802487837,5.354575616044171,0.15100630539217558
evogym,novelty_many,0.25,2,29,0.38178580046993504,0.2746250097356643,8.216238802487837,5.151547398278067,0.15922258703019676
evogym,novelty_many,0.25,2,30,0.38178580046993504,0.28546136852857906,8.216238802487837,5.5181752867283,0.15710445867247386
evogym,novelty_many,0.25,3,0,0.2740243445746008,0.22588201926609064,3.1344107683236175,1.5517902476869199,0.21999591038635202
evogym,novelty_many,0.25,3,1,0.2740243445746008,0.22588201926609064,3.1344107683236175,1.5517902476869199,0.21999591038635202
evogym,novelty_many,0.25,3,2,0.2890784743557766,0.22909606522766687,3.1344107683236175,1.5843883996054262,0.1986304334736138
evogym,novelty_many,0.25,3,3,0.2894780459373376,0.24244444497008386,4.056450510854715,2.004107266100386,0.1998267357744167
evogym,novelty_many,0.25,3,4,0.2894780459373376,0.2494656168215351,4.056450510854715,2.3314891919460083,0.18401973576249075
evogym,novelty_many,0.25,3,5,0.2894780459373376,0.2532228328097014,4.056450510854715,2.3426458468250413,0.20021581144261974
evogym,novelty_many,0.25,3,6,0.2983760389424023,0.25898589873838807,4.396129864521814,2.8063394332562455,0.17544073343270472
evogym,novelty_many,0.25,3,7,0.36662463473673224,0.2679923700215729,4.445532119054372,2.858422490385874,0.18327560660997183
evogym,novelty_many,0.25,3,8,0.36662463473673224,0.26893814533182436,4.755391258810687,3.0545723556814233,0.18152037744049304
evogym,novelty_many,0.25,3,9,0.36662463473673224,0.2578943624450273,4.755391258810687,2.914392580306439,0.18291587852604577
evogym,novelty_many,0.25,3,10,0.36662463473673224,0.26647256916580025,5.173130821671171,3.365230407588663,0.17827266646595877
evogym,novelty_many,0.25,3,11,0.36662463473673224,0.25764515530050935,5.173130821671171,3.1049556420128885,0.18408195551541295
evogym,novelty_many,0.25,3,12,0.36662463473673224,0.2576957028826042,5.717452976038259,3.598715678814434,0.15938309652503152
evogym,novelty_many,0.25,3,13,0.36662463473673224,0.25632491340476826,5.717452976038259,3.288438737148347,0.17580316263026946
evogym,novelty_many,0.25,3,14,0.36662463473673224,0.2665324051341857,5.717452976038259,3.4017207320257414,0.17916031575141622
evogym,novelty_many,0.25,3,15,0.36662463473673224,0.27668176615266893,5.717452976038259,3.6134753642529462,0.18428461794457013
evogym,novelty_many,0.25,3,16,0.36662463473673224,0.26841839705319115,5.744001518010353,3.587891157122408,0.1782665029715839
evogym,novelty_many,0.25,3,17,0.36662463473673224,0.27089246869023126,5.744001518010353,3.760162533587851,0.17582304595516113
evogym,novelty_many,0.25,3,18,0.36662463473673224,0.25919417956209084,5.744001518010353,3.7099459067365856,0.1571606683377
evogym,novelty_many,0.25,3,19,0.36662463473673224,0.2699941431104692,5.744001518010353,3.879234664188182,0.1580737577253019
evogym,novelty_many,0.25,3,20,0.36662463473673224,0.27080327052624187,5.775704877110038,4.08251231781137,0.1498480305613104
evogym,novelty_many,0.25,3,21,0.36662463473673224,0.26876790092080477,5.775704877110038,4.023181240770688,0.1523605313376776
evogym,novelty_many,0.25,3,22,0.36662463473673224,0.26307924052461795,6.089507722375169,3.8481135939566657,0.1573320402663546
evogym,novelty_many,0.25,3,23,0.36662463473673224,0.2670262172588014,6.261593074421305,3.9920251082391873,0.15740757220655494
evogym,novelty_many,0.25,3,24,0.36662463473673224,0.25928624929123983,6.261593074421305,3.818154392507135,0.15367924771508584
evogym,novelty_many,0.25,3,25,0.36662463473673224,0.25987074010517197,6.261593074421305,3.822407444006064,0.1520511503293424
evogym,novelty_many,0.25,3,26,0.36662463473673224,0.27470170129846694,6.261593074421305,4.195559516718929,0.1507946278419887
evogym,novelty_many,0.25,3,27,0.36662463473673224,0.2684254122092095,6.261593074421305,3.8166831036484212,0.1614892164495847
evogym,novelty_many,0.25,3,28,0.36662463473673224,0.26845441846161544,6.261593074421305,4.141953740501292,0.1472576467828834
evogym,novelty_many,0.25,3,29,0.36662463473673224,0.2669349362662859,6.261593074421305,3.859372515512638,0.1592552263225258
evogym,novelty_many,0.25,3,30,0.36662463473673224,0.2749232459354444,6.261593074421305,4.1347055689399514,0.1506662883339023
evogym,novelty_many,0.4,1,0,0.3327815702266994,0.2658007728771573,3.113325060406363,1.4985264885128944,0.21989972332616664
evogym,novelty_many,0.4,1,1,0.3327815702266994,0.2658007728771573,3.113325060406363,1.4985264885128944,0.21989972332616664
evogym,novelty_many,0.4,1,2,0.3327815702266994,0.2744641226487777,3.178332359109294,1.6563277077101446,0.19936510142476335
evogym,novelty_many,0.4,1,3,0.3327815702266994,0.2893485001880458,3.79990338616527,2.095710451097653,0.1879474079496553
evogym,novelty_many,0.4,1,4,0.3782082370220692,0.28989539954817334,4.703868607713877,2.456555408782481,0.17580309581342118
evogym,novelty_many,0.4,1,5,0.3782082370220692,0.28742371596685423,4.703868607713877,2.4955839586915354,0.16859859274263006
evogym,novelty_many,0.4,1,6,0.3782082370220692,0.282345412075145,4.703868607713877,2.5801265168994787,0.16132008970634254
evogym,novelty_many,0.4,1,7,0.3782082370220692,0.29291827235184237,6.126269559512234,3.0050030782868213,0.17025376809305975
evogym,novelty_many,0.4,1,8,0.38737118130811793,0.3052558127005124,6.126269559512234,3.3094675415882016,0.16456711741811086
evogym,novelty_many,0.4,1,9,0.38737118130811793,0.312852653142461,6.126269559512234,3.458338869916043,0.16634540704227926
evogym,novelty_many,0.4,1,10,0.38737118130811793,0.3266566118717426,6.126269559512234,3.7149486993602396,0.1659630420074225
evogym,novelty_many,0.4,1,11,0.38737118130811793,0.32242457426061394,6.126269559512234,3.703946033826834,0.16823798988733632
evogym,novelty_many,0.4,1,12,0.4014759733665476,0.3325300299208344,6.6291626195957845,4.21186287736568,0.1480158501752577
evogym,novelty_many,0.4,1,13,0.40853848460200387,0.32925715713712134,6.6291626195957845,4.1848039349085635,0.14613175008947593
evogym,novelty_many,0.4,1,14,0.40853848460200387,0.3433305985386289,6.6291626195957845,4.544938169039198,0.13943422788215595
evogym,novelty_many,0.4,1,15,0.40853848460200387,0.3556567437819483,6.6899021133690875,4.88659813472869,0.13566772798127275
evogym,novelty_many,0.4,1,16,0.40853848460200387,0.3520866731178601,6.6899021133690875,4.9704838122843675,0.12229907208547568
evogym,novelty_many,0.4,1,17,0.40853848460200387,0.3571749299575281,6.6899021133690875,4.915262774031961,0.139607589929443
evogym,novelty_many,0.4,1,18,0.40853848460200387,0.34624460649034355,7.104251241610035,4.904490239034253,0.13727507886376594
evogym,novelty_many,0.4,1,19,0.4124763743256033,0.34246689889123,7.278293526937659,4.907557995253934,0.1357461103004424
evogym,novelty_many,0.4,1,20,0.4124763743256033,0.34469626736752507,7.278293526937659,5.0924765911590475,0.12579202959896732
evogym,novelty_many,0.4,1,21,0.4124763743256033,0.3541542624357309,7.278293526937659,5.404304572094544,0.11476128377466913
evogym,novelty_many,0.4,1,22,0.4124763743256033,0.3488946507365766,7.361093807603246,5.555268251141836,0.09744738740161928
evogym,novelty_many,0.4,1,23,0.4124763743256033,0.3528420254659589,7.361093807603246,5.578467056252835,0.10001117216814404
evogym,novelty_many,0.4,1,24,0.4124763743256033,0.35688429472658045,7.361093807603246,5.649705771527346,0.1008429207304982
evogym,novelty_many,0.4,1,25,0.4124763743256033,0.352104110197771,7.361093807603246,5.562633577513406,0.0948720965525199
evogym,novelty_many,0.4,1,26,0.427332349751533,0.3659914171899348,7.433598132851157,5.872892999420766,0.09493981116910769
evogym,novelty_many,0.4,1,27,0.427332349751533,0.3577539963552056,7.433598132851157,5.752466747362798,0.09511949033685543
evogym,novelty_many,0.4,1,28,0.42754073388016944,0.35999033502806416,7.589636685721735,5.806717788719725,0.10090006983818123
evogym,novelty_many,0.4,1,29,0.4317553556689488,0.361520116184875,7.798203173821693,6.009778281722039,0.09140419738874728
evogym,novelty_many,0.4,1,30,0.4317553556689488,0.35016267771887255,7.798203173821693,5.6323488710174425,0.10326919382596136
evogym,novelty_many,0.4,2,0,0.319275128236898,0.22500224434339983,3.8578871274039512,1.636492281358683,0.210213843947796
evogym,novelty_many,0.4,2,1,0.319275128236898,0.22500224434339983,3.8578871274039512,1.636492281358683,0.210213843947796
evogym,novelty_many,0.4,2,2,0.36600028670098994,0.23810300547416352,5.054946938307898,1.8565401376021913,0.1907479551428186
evogym,novelty_many,0.4,2,3,0.36600028670098994,0.27181986709113926,5.054946938307898,2.2909683814221258,0.19660968044210425
evogym,novelty_many,0.4,2,4,0.36600028670098994,0.28820953979916974,5.301418059733403,2.737543117072545,0.18528038122275145
evogym,novelty_many,0.4,2,5,0.3689491748404413,0.3152550019503873,5.63049444003692,3.455329816983864,0.16060727777714537
evogym,novelty_many,0.4,2,6,0.3689491748404413,0.32502711157168684,5.848073196543838,3.9044040945505314,0.14685625294728907
evogym,novelty_many,0.4,2,7,0.3689491748404413,0.324992126494998,6.053609729650932,4.367840603448019,0.12225606808444826
evogym,novelty_many,0.4,2,8,0.407801957367915,0.3031283931836626,7.195676753528017,4.351554148769974,0.12106035787843508
evogym,novelty_many,0.4,2,9,0.407801957367915,0.318548718228702,7.195676753528017,4.545642391280842,0.12510491120509484
evogym,novelty_many,0.4,2,10,0.414075071718494,0.33107459849807747,7.195676753528017,4.806110676774652,0.13090912570298602
evogym,novelty_many,0.4,2,11,0.414075071718494,0.3373837226148026,7.195676753528017,5.109808652611088,0.11982146545749779
evogym,novelty_many,0.4,2,12,0.414075071718494,0.34229622009481286,7.6236454347083376,5.302098655520911,0.12227517123519575
evogym,novelty_many,0.4,2,13,0.42607032162351843,0.35521567059757386,7.726384164818497,5.654621934768691,0.11655479177313474
evogym,novelty_many,0.4,2,14,0.4287053608433325,0.37636361584325884,7.726384164818497,6.0890557964842245,0.11651663028816865
evogym,novelty_many,0.4,2,15,0.4306249198228726,0.38411629830602845,7.726384164818497,6.323865302828647,0.11425409961242113
evogym,novelty_many,0.4,2,16,0.4306249198228726,0.3709005284516723,7.726384164818497,6.276223212764412,0.10241169398154333
evogym,novelty_many,0.4,2,17,0.4306249198228726,0.37287706971212775,7.855598057073361,6.349153361460095,0.11206125117432612
evogym,novelty_many,0.4,2,18,0.4306249198228726,0.3763549835293055,7.855598057073361,6.494411420948644,0.11726997719315757
evogym,novelty_many,0.4,2,19,0.4311820778957556,0.37585649726844356,7.855598057073361,6.695975856354012,0.11502059328975511
evogym,novelty_many,0.4,2,20,0.44358071213625744,0.3495715351667533,9.330985133854533,6.659481729455168,0.11848003072999022
evogym,novelty_many,0.4,2,21,0.44358071213625744,0.36209021685323484,9.330985133854533,6.808618993886149,0.12807914191943837
evogym,novelty_many,0.4,2,22,0.44358071213625744,0.356393170944013,9.330985133854533,6.762617240781663,0.12456190141619283
evogym,novelty_many,0.4,2,23,0.44358071213625744,0.3505490516491848,9.330985133854533,6.517561926545872,0.13142950979168994
evogym,novelty_many,0.4,2,24,0.44358071213625744,0.35636591217813923,9.330985133854533,6.719794782833465,0.1244487506331479
evogym,novelty_many,0.4,2,25,0.44358071213625744,0.36999484845209485,9.330985133854533,7.016954158496267,0.12322618515903652
evogym,novelty_many,0.4,2,26,0.44666125392928957,0.37678625289346696,9.330985133854533,7.269369233605609,0.11582092098572479
evogym,novelty_many,0.4,2,27,0.44666125392928957,0.3813743329338785,9.330985133854533,7.372630926461829,0.11577059519338681
evogym,novelty_many,0.4,2,28,0.44666125392928957,0.36666843568669244,9.330985133854533,6.892347073723994,0.12211095086231345
evogym,novelty_many,0.4,2,29,0.44666125392928957,0.3765257289557222,9.330985133854533,7.212816441684207,0.11545748760750982
evogym,novelty_many,0.4,2,30,0.46300187463850795,0.3728581913016188,9.330985133854533,7.037391888395836,0.11958072800304571
evogym,novelty_many,0.4,3,0,0.3237083804402837,0.2175126273348576,3.443047021102986,1.3811708048315925,0.2561699644470044
evogym,novelty_many,0.4,3,1,0.3237083804402837,0.2175126273348576,3.443047021102986,1.3811708048315925,0.2561699644470044
evogym,novelty_many,0.4,3,2,0.3550309501933162,0.23535773941259439,5.602812296032911,1.7435917676327375,0.22159131740487775
evogym,novelty_many,0.4,3,3,0.3550309501933162,0.26498016173603534,5.602812296032911,2.34870213242332,0.1932359106680776
evogym,novelty_many,0.4,3,4,0.3552995326998669,0.2800047043539447,5.602812296032911,2.698652774153577,0.1778371172630057
evogym,novelty_many,0.4,3,5,0.35820048910980645,0.2898760041791303,5.694672065649525,2.993443506239999,0.16723858961061328
evogym,novelty_many,0.4,3,6,0.3624525975967849,0.3045759691857526,6.130103128318613,3.494892870328312,0.15034017506925137
evogym,novelty_many,0.4,3,7,0.3777207697207304,0.31783038046770434,6.130103128318613,4.048493167388071,0.12334655794013168
evogym,novelty_many,0.4,3,8,0.4017097644986109,0.31975355505688957,6.65899185561455,4.441571168613978,0.10626397737397093
evogym,novelty_many,0.4,3,9,0.4017097644986109,0.32848242761200214,6.65899185561455,4.636162257539734,0.10628869226896678
evogym,novelty_many,0.4,3,10,0.4215171505004199,0.330341879122514,6.971201575011836,4.750603655992725,0.11371913479286974
evogym,novelty_many,0.4,3,11,0.4215171505004199,0.33620662625924613,7.269547912445329,4.961098199237962,0.1144339067426294
evogym,novelty_many,0.4,3,12,0.4215171505004199,0.33605498487901836,7.269547912445329,5.027197500663304,0.11119056444312998
evogym,novelty_many,0.4,3,13,0.4215171505004199,0.3309182817513306,7.269547912445329,5.007724650324765,0.1064069071062751
evogym,novelty_many,0.4,3,14,0.42536643298449417,0.3236809888181649,7.269547912445329,4.945382042879053,0.10329677446249894
evogym,novelty_many,0.4,3,15,0.439472007272717,0.3265070987455421,7.531857137824004,4.900987132252759,0.12013415239259195
evogym,novelty_many,0.4,3,16,0.439472007272717,0.34027246270561834,7.555288493505514,5.340159781716361,0.10408906222558205
evogym,novelty_many,0.4,3,17,0.439472007272717,0.3416019722818281,7.555288493505514,5.127803106451574,0.12672183099145254
evogym,novelty_many,0.4,3,18,0.439472007272717,0.3178070659903819,7.555288493505514,4.661546868532428,0.12478683857701542
evogym,novelty_many,0.4,3,19,0.439472007272717,0.3057314928771566,7.555288493505514,4.62657886400497,0.1106234690672839
evogym,novelty_many,0.4,3,20,0.439472007272717,0.3200737062481923,7.555288493505514,4.666470590589363,0.13172969184401234
evogym,novelty_many,0.4,3,21,0.439472007272717,0.2953266788424295,7.555288493505514,4.481284955849231,0.1030451993638665
evogym,novelty_many,0.4,3,22,0.439472007272717,0.3076286945885683,7.555288493505514,4.677485604784764,0.10642629392882408
evogym,novelty_many,0.4,3,23,0.439472007272717,0.30385003664421184,7.555288493505514,4.544814128646999,0.11270582440059643
evogym,novelty_many,0.4,3,24,0.439472007272717,0.31919161152825876,7.555288493505514,4.841861045160158,0.11256021274670618
evogym,novelty_many,0.4,3,25,0.439472007272717,0.3113355565262431,7.555288493505514,4.778043932381637,0.10112257718013733
evogym,novelty_many,0.4,3,26,0.439472007272717,0.3262159190909483,7.555288493505514,4.948583174117752,0.11000347954572214
evogym,novelty_many,0.4,3,27,0.439472007272717,0.30593854281560423,7.555288493505514,4.6864207897677606,0.09964310209435473
evogym,novelty_many,0.4,3,28,0.439472007272717,0.32767593135695405,7.555288493505514,4.934258876129244,0.11403405428960259
evogym,novelty_many,0.4,3,29,0.439472007272717,0.33138494360383625,7.555288493505514,4.9656470247684,0.11659033184294802
evogym,novelty_many,0.4,3,30,0.439472007272717,0.3330951599273341,7.555288493505514,4.995862309746669,0.11653082024206234
